name,cpu_milli,memory_mib,num_gpu,gpu_milli,gpu_spec,qos,pod_phase,creation_time,deletion_time,scheduled_time,priority,source_row_index,pod_index
openb-pod-0000,12000,16384,1,1000,,LS,Running,0,12537496,0,0,0,0
openb-pod-0001,6000,12288,1,460,,LS,Running,427061,12902960,427061,0,1,1
openb-pod-0002,12000,24576,1,1000,,LS,Running,1558381,12902960,1558381,0,2,2
openb-pod-0003,6000,12288,1,460,,LS,Running,2690044,12902960,2690044,0,3,3
openb-pod-0004,12000,16384,1,1000,,LS,Running,2758084,12902960,2758084,0,4,4
openb-pod-0005,20000,65536,0,0,,LS,Running,2759674,12902960,2759676,0,5,5
openb-pod-0006,4000,16384,1,1000,,LS,Running,3019330,11815163,3019331,0,6,6
openb-pod-0007,12000,16384,1,1000,,LS,Running,3019932,12902960,3019932,0,7,7
openb-pod-0008,12000,16384,1,1000,,LS,Running,4130198,12902960,4130198,0,8,8
openb-pod-0009,12000,16384,1,1000,,LS,Running,4975773,12902960,4975773,0,9,9
openb-pod-0010,16000,49152,1,1000,,LS,Running,5182092,10004145,5182096,0,10,10
openb-pod-0011,6000,8192,1,460,,LS,Running,6394537,12902960,6394537,0,11,11
openb-pod-0012,8000,32768,1,1000,,LS,Running,6588193,10959245,6595531,0,12,12
openb-pod-0013,8000,16384,1,1000,,LS,Running,6976821,10650110,6976823,0,13,13
openb-pod-0014,16000,65536,1,1000,,LS,Running,8387257,11410890,8387291,0,14,14
openb-pod-0015,16000,49152,1,1000,,LS,Running,8396307,12902960,8396310,0,15,15
openb-pod-0016,32000,65536,0,0,,LS,Running,8962274,12902960,8962277,0,16,16
openb-pod-0017,88000,327680,8,1000,,Burstable,Succeeded,9437497,10769854,9437497,0,17,17
openb-pod-0018,6000,6144,1,460,,LS,Running,9476974,12902960,9476974,0,18,18
openb-pod-0019,8000,30517,1,470,,LS,Running,9664050,12902960,9664050,0,19,19
openb-pod-0020,8000,30517,1,470,,LS,Running,9664123,12902960,9664124,0,20,20
openb-pod-0021,8000,30517,1,440,,LS,Running,9671707,12902960,9671708,0,21,21
openb-pod-0022,4000,15258,1,220,,BestEffort,Running,9679175,9973826,9679175,0,22,22
openb-pod-0023,12000,24576,1,1000,,LS,Running,9766837,12902960,9766837,0,23,23
openb-pod-0024,16000,49152,1,1000,,LS,Running,9818766,12902960,9818768,0,24,24
openb-pod-0025,4000,15258,1,110,,LS,Running,9823530,10197645,9823530,0,25,25
openb-pod-0026,16000,32768,1,1000,,LS,Running,9924220,9964972,9924222,0,26,26
openb-pod-0027,1000,2048,1,320,,BestEffort,Running,9941376,9972429,9941376,0,27,27
openb-pod-0028,16000,32768,1,1000,,LS,Running,9949982,9978759,9949984,0,28,28
openb-pod-0029,4000,15258,1,220,,BestEffort,Running,9955274,10027972,9955274,0,29,29
openb-pod-0030,16000,32768,1,1000,,LS,Running,9957349,9967333,9957351,0,30,30
openb-pod-0031,16000,32768,1,1000,,LS,Running,9961302,9994357,9961304,0,31,31
openb-pod-0032,6000,12288,1,460,,LS,Running,9963454,9978153,9963454,0,32,32
openb-pod-0033,3152,5600,1,1000,,BestEffort,Failed,9965463,9965645,9965463,0,33,33
openb-pod-0034,16000,32768,1,1000,,LS,Running,9965619,9966774,9965621,0,34,34
openb-pod-0035,16000,32768,1,1000,,LS,Running,9967058,9968575,9967063,0,35,35
openb-pod-0036,3152,5600,1,1000,,BestEffort,Failed,9967204,9967404,9967204,0,36,36
openb-pod-0037,16000,32768,1,1000,,LS,Running,9970479,9971583,9970481,0,37,37
openb-pod-0038,4000,22888,1,480,,BestEffort,Running,9973579,9973962,9973579,0,38,38
openb-pod-0039,4000,15258,1,50,,BestEffort,Running,9973948,9981248,9973949,0,39,39
openb-pod-0040,8000,30517,1,230,,BestEffort,Running,9974338,9981274,9974338,0,40,40
openb-pod-0041,3152,5600,1,1000,,BestEffort,Failed,9976185,9976497,9976185,0,41,41
openb-pod-0042,3152,5600,1,1000,,BestEffort,Failed,9977555,9977866,9977555,0,42,42
openb-pod-0043,6000,18432,1,460,,LS,Running,9980855,10002453,9980855,0,43,43
openb-pod-0044,3152,5600,1,1000,,BestEffort,Failed,9983856,9984198,9983857,0,44,44
openb-pod-0045,3152,5600,1,1000,,BestEffort,Failed,9985207,9985592,9985207,0,45,45
openb-pod-0046,3152,5600,1,1000,,BestEffort,Failed,9989432,9989793,9989432,0,46,46
openb-pod-0047,3152,5600,1,1000,,BestEffort,Failed,9989615,9989817,9989615,0,47,47
openb-pod-0048,8000,30517,0,0,,BestEffort,Running,9992086,10013821,9992086,0,48,48
openb-pod-0049,8000,30517,0,0,,BestEffort,Running,9992086,10013820,9992086,0,49,49
openb-pod-0050,8000,30517,0,0,,BestEffort,Running,9992104,10013762,9992104,0,50,50
openb-pod-0051,4000,15258,1,320,,BestEffort,Running,9993395,9997068,9993395,0,51,51
openb-pod-0052,4000,15258,1,320,,BestEffort,Running,9993396,9997067,9993396,0,52,52
openb-pod-0053,12000,16384,1,1000,,LS,Running,9993753,10061253,9993753,0,53,53
openb-pod-0054,4000,24576,1,1000,,LS,Succeeded,9997763,10001500,9997763,0,54,54
openb-pod-0055,3152,5600,1,1000,,BestEffort,Failed,9999611,9999877,9999611,0,55,55
openb-pod-0056,12000,49152,1,1000,,LS,Succeeded,9999740,9999855,9999740,0,56,56
openb-pod-0057,3152,5600,1,1000,,BestEffort,Failed,9999867,10000083,9999867,0,57,57
openb-pod-0058,8000,16384,1,1000,,LS,Running,10000483,10002335,10000483,0,58,58
openb-pod-0059,11908,47104,1,470,,LS,Running,10000836,10002563,10000838,0,59,59
openb-pod-0060,8000,30517,0,0,,BestEffort,Running,10000884,10013817,10000885,0,60,60
openb-pod-0061,11908,47104,1,1000,,BestEffort,Pending,10001278,10001403,,0,61,61
openb-pod-0062,3152,5600,1,810,,BestEffort,Failed,10001573,10014257,10001606,0,62,62
openb-pod-0063,12000,24576,1,1000,,LS,Running,10001854,10043044,10002793,0,63,63
openb-pod-0064,16000,32768,1,1000,,LS,Running,10002519,10003360,10002522,0,64,64
openb-pod-0065,12000,16384,1,1000,,LS,Running,10002813,10004193,10003093,0,65,65
openb-pod-0066,12000,24576,1,1000,,LS,Failed,10003114,10006715,10004543,0,66,66
openb-pod-0067,4152,10600,1,810,,BestEffort,Failed,10004799,10006010,10004799,0,67,67
openb-pod-0068,3152,5600,1,1000,,BestEffort,Failed,10005625,10005773,10005625,0,68,68
openb-pod-0069,3152,5600,1,1000,,BestEffort,Failed,10008375,10008605,10008375,0,69,69
openb-pod-0070,3152,5600,1,1000,,BestEffort,Failed,10009087,10009227,10009087,0,70,70
openb-pod-0071,18708,64512,1,1000,,LS,Running,10009222,10009356,10009256,0,71,71
openb-pod-0072,18708,64512,1,1000,,LS,Running,10011081,10011118,10011083,0,72,72
openb-pod-0073,3152,5600,1,1000,,BestEffort,Failed,10011177,10011318,10011177,0,73,73
openb-pod-0074,16000,65536,1,1000,,LS,Running,10011398,10019079,10011400,0,74,74
openb-pod-0075,8000,16384,1,1000,,LS,Running,10011759,10012978,10011761,0,75,75
openb-pod-0076,16000,65536,1,1000,,LS,Running,10013436,10014656,10013712,0,76,76
openb-pod-0077,3152,5600,1,1000,,BestEffort,Failed,10013677,10013860,10013677,0,77,77
openb-pod-0078,16000,32768,1,1000,,LS,Running,10013797,10015126,10014212,0,78,78
openb-pod-0079,8000,30517,1,320,,BestEffort,Running,10014736,10015168,10014736,0,79,79
openb-pod-0080,6000,6144,1,460,,LS,Running,10014814,10015743,10014814,0,80,80
openb-pod-0081,4000,15258,1,320,,BestEffort,Running,10014946,10015737,10014947,0,81,81
openb-pod-0082,8000,30517,1,650,,BestEffort,Running,10015701,10015911,10015701,0,82,82
openb-pod-0083,4152,10600,1,550,,BestEffort,Running,10015833,10015943,10015833,0,83,83
openb-pod-0084,11908,47104,1,1000,,BestEffort,Pending,10015849,10015908,,0,84,84
openb-pod-0085,4152,10600,1,550,,BestEffort,Failed,10016935,10016962,10016935,0,85,85
openb-pod-0086,3152,5600,1,1000,,BestEffort,Failed,10017162,10017394,10017162,0,86,86
openb-pod-0087,11908,47104,1,1000,,BestEffort,Running,10017643,10019780,10017677,0,87,87
openb-pod-0088,4152,10600,1,270,,BestEffort,Failed,10017811,10018193,10017811,0,88,88
openb-pod-0089,3152,5600,1,810,,BestEffort,Failed,10018219,10018320,10018284,0,89,89
openb-pod-0090,11908,47104,1,1000,,BestEffort,Pending,10018225,10018268,,0,90,90
openb-pod-0091,3152,5600,1,810,,BestEffort,Failed,10018378,10018530,10018379,0,91,91
openb-pod-0092,8000,30517,1,470,,BestEffort,Running,10018598,10018814,10018599,0,92,92
openb-pod-0093,3152,5600,1,1000,,BestEffort,Failed,10018784,10019004,10018784,0,93,93
openb-pod-0094,18708,64512,1,1000,,LS,Running,10019718,10019822,10019753,0,94,94
openb-pod-0095,4152,10600,1,810,,BestEffort,Failed,10019860,10024488,10019861,0,95,95
openb-pod-0096,18708,64512,1,1000,,LS,Pending,10019975,10020052,,0,96,96
openb-pod-0097,8000,30517,1,320,,BestEffort,Pending,10020010,10020025,,0,97,97
openb-pod-0098,8000,30517,1,320,,BestEffort,Running,10020315,10020891,10020315,0,98,98
openb-pod-0099,3152,5600,1,1000,,BestEffort,Failed,10020698,10020979,10020698,0,99,99
openb-pod-0100,15700,58368,1,1000,,LS,Pending,10021257,10021325,,0,100,100
openb-pod-0101,9810,41560,1,1000,,LS,Pending,10022297,10022402,,0,101,101
openb-pod-0102,12000,16384,1,1000,,LS,Running,10022793,10023874,10022794,0,102,102
openb-pod-0103,8000,30517,1,470,,BestEffort,Pending,10024130,10024189,,0,103,103
openb-pod-0104,8000,30517,1,320,,BestEffort,Running,10024695,10024740,10024695,0,104,104
openb-pod-0105,3152,5600,1,1000,,BestEffort,Failed,10024890,10025087,10024890,0,105,105
openb-pod-0106,18708,64512,1,1000,,LS,Pending,10025123,10025179,,0,106,106
openb-pod-0107,18708,64512,1,1000,,LS,Pending,10025364,10025457,,0,107,107
openb-pod-0108,3152,5600,1,1000,,BestEffort,Failed,10025530,10025731,10025530,0,108,108
openb-pod-0109,4000,15258,1,160,,BestEffort,Running,10027236,10030850,10027236,0,109,109
openb-pod-0110,4000,15258,1,110,,BestEffort,Running,10027236,10030850,10027236,0,110,110
openb-pod-0111,12000,49152,1,1000,,LS,Failed,10027446,10049201,10027446,0,111,111
openb-pod-0112,8000,30517,1,470,,BestEffort,Running,10027539,10027644,10027572,0,112,112
openb-pod-0113,4152,10600,1,550,,BestEffort,Failed,10027911,10193322,10027911,0,113,113
openb-pod-0114,3152,5600,1,590,,BestEffort,Failed,10028213,10028222,10028213,0,114,114
openb-pod-0115,3152,5600,1,1000,,BestEffort,Failed,10028677,10028888,10028678,0,115,115
openb-pod-0116,3152,5600,1,1000,,BestEffort,Failed,10029041,10029258,10029041,0,116,116
openb-pod-0117,3152,5600,1,810,,BestEffort,Failed,10030787,10030939,10030787,0,117,117
openb-pod-0118,3152,5600,1,1000,,BestEffort,Failed,10030840,10031610,10030840,0,118,118
openb-pod-0119,8000,30517,1,470,,BestEffort,Pending,10031736,10031864,,0,119,119
openb-pod-0120,9810,41560,1,1000,,LS,Running,10032059,10032298,10032096,0,120,120
openb-pod-0121,3152,5600,1,1000,,BestEffort,Failed,10032623,10032782,10032623,0,121,121
openb-pod-0122,8000,30517,1,470,,BestEffort,Pending,10032726,10032910,,0,122,122
openb-pod-0123,3152,5600,1,1000,,BestEffort,Failed,10032792,10032933,10032792,0,123,123
openb-pod-0124,12000,32768,1,1000,,LS,Running,10033656,10034855,10033656,0,124,124
openb-pod-0125,6000,6144,1,460,,LS,Running,10033713,10034312,10033713,0,125,125
openb-pod-0126,8000,30517,1,320,,BestEffort,Running,10033926,10053351,10033926,0,126,126
openb-pod-0127,3152,5600,1,1000,,BestEffort,Failed,10034479,10034765,10034479,0,127,127
openb-pod-0128,88000,327680,8,1000,,Burstable,Failed,10034615,10035454,10034615,0,128,128
openb-pod-0129,12000,24576,1,1000,,Guaranteed,Running,10035396,10036353,10035396,0,129,129
openb-pod-0130,12000,15360,1,1000,,LS,Running,10036115,10036713,10036115,0,130,130
openb-pod-0131,3152,5600,1,1000,,BestEffort,Failed,10036187,10036330,10036187,0,131,131
openb-pod-0132,4000,15258,1,220,,BestEffort,Running,10036552,10037685,10036556,0,132,132
openb-pod-0133,3152,5600,1,1000,,BestEffort,Failed,10036751,10036830,10036751,0,133,133
openb-pod-0134,3152,5600,1,810,,BestEffort,Failed,10036875,10090599,10036875,0,134,134
openb-pod-0135,3152,5600,1,1000,,BestEffort,Failed,10037662,10037952,10037729,0,135,135
openb-pod-0136,12000,24576,1,1000,,Burstable,Failed,10037976,10041389,10037976,0,136,136
openb-pod-0137,4000,15258,1,220,,BestEffort,Running,10038341,10038886,10038347,0,137,137
openb-pod-0138,8000,30517,1,470,,BestEffort,Running,10039366,10039699,10039539,0,138,138
openb-pod-0139,8000,30517,1,470,,BestEffort,Running,10039428,10039699,10039564,0,139,139
openb-pod-0140,4000,24576,1,1000,,LS,Succeeded,10039573,10043761,10039574,0,140,140
openb-pod-0141,18708,64512,1,1000,,LS,Running,10039634,10039739,10039637,0,141,141
openb-pod-0142,8000,30517,1,470,,BestEffort,Running,10039873,10040018,10039974,0,142,142
openb-pod-0143,18708,64512,1,1000,,LS,Pending,10040014,10040099,,0,143,143
openb-pod-0144,8000,30517,1,320,,BestEffort,Running,10040570,10059872,10040570,0,144,144
openb-pod-0145,8000,30517,1,220,,BestEffort,Running,10040740,10059930,10040741,0,145,145
openb-pod-0146,18708,64512,1,1000,,LS,Pending,10040966,10041013,,0,146,146
openb-pod-0147,8000,16384,1,1000,,LS,Running,10041157,10042958,10041159,0,147,147
openb-pod-0148,3152,5600,1,1000,,BestEffort,Failed,10041292,10041316,10041292,0,148,148
openb-pod-0149,3152,5600,1,1000,,BestEffort,Failed,10041344,10041514,10041344,0,149,149
openb-pod-0150,3152,5600,1,1000,,BestEffort,Failed,10041954,10042152,10041954,0,150,150
openb-pod-0151,8000,30517,1,470,,BestEffort,Running,10042650,10043285,10042685,0,151,151
openb-pod-0152,18708,64512,1,1000,,LS,Running,10043265,10044780,10043298,0,152,152
openb-pod-0153,12000,16384,1,1000,,LS,Running,10046254,10056753,10046254,0,153,153
openb-pod-0154,6000,12288,1,460,,LS,Running,10046254,10054053,10046254,0,154,154
openb-pod-0155,3152,5600,1,1000,,BestEffort,Failed,10047020,10047140,10047020,0,155,155
openb-pod-0156,3152,5600,1,1000,,BestEffort,Failed,10047038,10047167,10047038,0,156,156
openb-pod-0157,3152,5600,1,1000,,BestEffort,Failed,10047603,10047726,10047603,0,157,157
openb-pod-0158,12000,15360,1,1000,,LS,Running,10049677,10050216,10049677,0,158,158
openb-pod-0159,4000,31250,1,1000,,LS,Running,10050573,10051530,10050573,0,159,159
openb-pod-0160,3152,5600,1,1000,,BestEffort,Failed,10051156,10051315,10051156,0,160,160
openb-pod-0161,16000,32768,1,1000,,LS,Running,10051357,10052739,10051360,0,161,161
openb-pod-0162,3152,5600,1,1000,,BestEffort,Failed,10052128,10052291,10052128,0,162,162
openb-pod-0163,16000,32768,1,1000,,LS,Running,10052438,10053817,10052441,0,163,163
openb-pod-0164,18708,64512,1,1000,,LS,Running,10052820,10052911,10052822,0,164,164
openb-pod-0165,18708,64512,1,1000,,LS,Pending,10053055,10053147,,0,165,165
openb-pod-0166,8000,30517,1,470,,BestEffort,Running,10053065,10053366,10053307,0,166,166
openb-pod-0167,3152,5600,1,1000,,BestEffort,Failed,10053622,10053853,10053622,0,167,167
openb-pod-0168,16000,32768,1,1000,,LS,Running,10054239,10055257,10054241,0,168,168
openb-pod-0169,3152,5600,1,1000,,BestEffort,Failed,10055123,10055357,10055123,0,169,169
openb-pod-0170,6000,22888,1,160,,BestEffort,Running,10056973,10075375,10056973,0,170,170
openb-pod-0171,3152,5600,1,1000,,BestEffort,Failed,10057657,10057940,10057657,0,171,171
openb-pod-0172,3152,5600,1,1000,,BestEffort,Failed,10058979,10059258,10058979,0,172,172
openb-pod-0173,8000,30517,1,650,,BestEffort,Running,10059143,10072223,10059144,0,173,173
openb-pod-0174,3152,5600,1,1000,,BestEffort,Failed,10059169,10059383,10059169,0,174,174
openb-pod-0175,4000,15258,1,220,,BestEffort,Running,10059451,10076839,10059451,0,175,175
openb-pod-0176,3152,5600,1,1000,,BestEffort,Failed,10059776,10060089,10059776,0,176,176
openb-pod-0177,3152,5600,1,1000,,BestEffort,Failed,10059888,10060222,10059888,0,177,177
openb-pod-0178,4000,15258,1,160,,BestEffort,Running,10060370,10062545,10060370,0,178,178
openb-pod-0179,6000,18432,1,460,,LS,Running,10060714,10063085,10060714,0,179,179
openb-pod-0180,8000,65536,1,1000,,LS,Running,10060718,10064437,10060721,0,180,180
openb-pod-0181,12000,24576,1,1000,,Burstable,Succeeded,10061136,10206394,10061136,0,181,181
openb-pod-0182,4000,30517,1,320,,BestEffort,Running,10062602,10068672,10062603,0,182,182
openb-pod-0183,3152,5600,1,1000,,BestEffort,Failed,10065188,10065418,10065192,0,183,183
openb-pod-0184,3152,5600,1,1000,,BestEffort,Failed,10065461,10065832,10065462,0,184,184
openb-pod-0185,3152,5600,1,1000,,BestEffort,Failed,10066995,10067337,10066995,0,185,185
openb-pod-0186,3152,5600,1,1000,,BestEffort,Failed,10068089,10068441,10068089,0,186,186
openb-pod-0187,8000,65536,1,1000,,LS,Running,10071515,10072359,10071517,0,187,187
openb-pod-0188,12000,24576,1,1000,,Burstable,Failed,10072956,10142269,10072956,0,188,188
openb-pod-0189,16000,32768,1,1000,,LS,Succeeded,10072977,10072996,10072978,0,189,189
openb-pod-0190,3152,5600,1,1000,,BestEffort,Failed,10073827,10074020,10073827,0,190,190
openb-pod-0191,3152,5600,1,1000,,BestEffort,Failed,10075751,10075949,10075751,0,191,191
openb-pod-0192,3152,5600,1,1000,,BestEffort,Failed,10076540,10076841,10076540,0,192,192
openb-pod-0193,3152,5600,1,1000,,BestEffort,Failed,10076597,10076904,10076598,0,193,193
openb-pod-0194,4000,15258,1,220,,BestEffort,Running,10077065,10084784,10077066,0,194,194
openb-pod-0195,3152,5600,1,1000,,BestEffort,Failed,10077174,10077492,10077175,0,195,195
openb-pod-0196,8000,30517,0,0,,BestEffort,Running,10078477,10102841,10078477,0,196,196
openb-pod-0197,3152,5600,1,1000,,BestEffort,Failed,10079174,10079481,10079174,0,197,197
openb-pod-0198,3152,5600,1,1000,,BestEffort,Failed,10079912,10080134,10079913,0,198,198
openb-pod-0199,8000,16384,1,1000,,LS,Running,10081543,10082559,10081546,0,199,199
openb-pod-0200,3152,5600,1,1000,,BestEffort,Failed,10082034,10082233,10082034,0,200,200
openb-pod-0201,4000,24576,1,1000,,LS,Succeeded,10082398,10086587,10082398,0,201,201
openb-pod-0202,4000,31250,1,1000,,LS,Running,10084139,10085042,10084140,0,202,202
openb-pod-0203,8000,30517,0,0,,BestEffort,Running,10084399,10085429,10084399,0,203,203
openb-pod-0204,3152,5600,1,1000,,BestEffort,Failed,10086450,10086635,10086450,0,204,204
openb-pod-0205,3152,5600,1,1000,,BestEffort,Failed,10087455,10087648,10087455,0,205,205
openb-pod-0206,11908,47104,1,470,,LS,Running,10087711,10088979,10087747,0,206,206
openb-pod-0207,3152,5600,1,1000,,BestEffort,Failed,10087754,10087980,10087754,0,207,207
openb-pod-0208,11908,47104,1,1000,,BestEffort,Running,10087849,10088060,10088024,0,208,208
openb-pod-0209,4000,16384,1,1000,,LS,Running,10088207,10088264,10088207,0,209,209
openb-pod-0210,12500,65536,0,0,,LS,Pending,10088756,10088769,,0,210,210
openb-pod-0211,12000,24576,1,1000,,LS,Failed,10088963,10089478,10088963,0,211,211
openb-pod-0212,3152,5600,1,1000,,BestEffort,Failed,10089624,10089859,10089625,0,212,212
openb-pod-0213,18708,64512,1,1000,,LS,Running,10089802,10090873,10089977,0,213,213
openb-pod-0214,4000,30517,1,230,,BestEffort,Running,10090200,10090383,10090268,0,214,214
openb-pod-0215,3152,5600,1,1000,,BestEffort,Failed,10090303,10090491,10090303,0,215,215
openb-pod-0216,11908,47104,1,470,,LS,Running,10090557,10090685,10090592,0,216,216
openb-pod-0217,11908,47104,1,470,,LS,Pending,10090598,10090685,,0,217,217
openb-pod-0218,18708,64512,1,1000,,LS,Running,10090801,10091982,10090942,0,218,218
openb-pod-0219,4000,15258,1,320,,BestEffort,Running,10091052,10092265,10091056,0,219,219
openb-pod-0220,3152,5600,1,1000,,BestEffort,Failed,10091074,10091286,10091074,0,220,220
openb-pod-0221,11908,47104,1,470,,LS,Running,10091866,10094509,10091903,0,221,221
openb-pod-0222,8000,30517,1,220,,BestEffort,Running,10091963,10094788,10092033,0,222,222
openb-pod-0223,8000,30517,1,470,,BestEffort,Pending,10092457,10093834,,0,223,223
openb-pod-0224,4000,30517,1,230,,BestEffort,Running,10093366,10093724,10093608,0,224,224
openb-pod-0225,3152,5600,1,1000,,BestEffort,Failed,10093458,10093632,10093459,0,225,225
openb-pod-0226,8000,32768,1,1000,,LS,Running,10094677,10095784,10094683,0,226,226
openb-pod-0227,3152,5600,1,1000,,BestEffort,Failed,10095374,10095540,10095374,0,227,227
openb-pod-0228,4000,15258,1,320,,BestEffort,Running,10096044,10096884,10096045,0,228,228
openb-pod-0229,3152,5600,1,1000,,BestEffort,Failed,10096319,10096666,10096319,0,229,229
openb-pod-0230,11908,47104,1,470,,LS,Running,10096985,10100654,10097018,0,230,230
openb-pod-0231,16000,32768,1,1000,,LS,Running,10097319,10098637,10097321,0,231,231
openb-pod-0232,16000,32768,1,1000,,LS,Succeeded,10098174,10101797,10098174,0,232,232
openb-pod-0233,18708,64512,1,1000,,LS,Running,10099853,10100376,10099855,0,233,233
openb-pod-0234,4000,30517,1,230,,BestEffort,Pending,10100497,10100780,,0,234,234
openb-pod-0235,3152,5600,1,1000,,BestEffort,Failed,10101508,10101746,10101508,0,235,235
openb-pod-0236,3152,5600,1,1000,,BestEffort,Failed,10101656,10101808,10101656,0,236,236
openb-pod-0237,11908,47104,1,470,,LS,Running,10101831,10107541,10101833,0,237,237
openb-pod-0238,3152,5600,1,1000,,BestEffort,Failed,10102468,10102684,10102468,0,238,238
openb-pod-0239,3152,5600,1,1000,,BestEffort,Failed,10102699,10102892,10102699,0,239,239
openb-pod-0240,8000,30517,1,110,,BestEffort,Running,10103062,10111426,10103063,0,240,240
openb-pod-0241,8000,30517,1,320,,BestEffort,Running,10103067,10113879,10103068,0,241,241
openb-pod-0242,8000,30517,1,320,,BestEffort,Running,10103070,10113887,10103070,0,242,242
openb-pod-0243,8000,30517,1,220,,BestEffort,Running,10103080,10124386,10103082,0,243,243
openb-pod-0244,12000,24576,1,1000,,Burstable,Succeeded,10103554,10103831,10103555,0,244,244
openb-pod-0245,4000,30517,1,230,,BestEffort,Pending,10103654,10103768,,0,245,245
openb-pod-0246,4000,30517,1,230,,BestEffort,Running,10103657,10103996,10103761,0,246,246
openb-pod-0247,8000,30517,1,470,,BestEffort,Running,10103830,10104248,10104036,0,247,247
openb-pod-0248,12500,65536,0,0,,LS,Running,10104296,10104509,10104330,0,248,248
openb-pod-0249,8000,32768,1,1000,,LS,Running,10104920,10145444,10104922,0,249,249
openb-pod-0250,11908,47104,1,470,,LS,Running,10105081,10105133,10105084,0,250,250
openb-pod-0251,3152,5600,1,1000,,BestEffort,Failed,10105616,10105831,10105616,0,251,251
openb-pod-0252,3152,5600,1,1000,,BestEffort,Failed,10106099,10106277,10106099,0,252,252
openb-pod-0253,3152,5600,1,1000,,BestEffort,Failed,10106214,10106384,10106214,0,253,253
openb-pod-0254,3152,5600,1,1000,,BestEffort,Failed,10106404,10106586,10106405,0,254,254
openb-pod-0255,8000,30517,0,0,,BestEffort,Running,10106593,10116316,10106594,0,255,255
openb-pod-0256,3152,5600,1,1000,,BestEffort,Failed,10106755,10106930,10106755,0,256,256
openb-pod-0257,3152,5600,1,810,,BestEffort,Failed,10107108,10107356,10107108,0,257,257
openb-pod-0258,3152,5600,1,1000,,BestEffort,Failed,10107156,10107363,10107157,0,258,258
openb-pod-0259,4152,10600,1,550,,BestEffort,Failed,10107360,10107476,10107360,0,259,259
openb-pod-0260,3152,5600,1,1000,,BestEffort,Failed,10107678,10107843,10107678,0,260,260
openb-pod-0261,4000,15258,1,160,,BestEffort,Running,10107700,10108957,10107701,0,261,261
openb-pod-0262,8000,16384,1,1000,,LS,Running,10108119,10113400,10108121,0,262,262
openb-pod-0263,18708,64512,1,1000,,LS,Running,10108195,10108386,10108198,0,263,263
openb-pod-0264,3152,5600,1,1000,,BestEffort,Failed,10108262,10108435,10108262,0,264,264
openb-pod-0265,8000,30517,1,470,,BestEffort,Running,10108896,10109258,10109202,0,265,265
openb-pod-0266,12500,57344,0,0,,LS,Running,10110007,10110254,10110009,0,266,266
openb-pod-0267,9810,41560,1,1000,,LS,Running,10110007,10110189,10110009,0,267,267
openb-pod-0268,9810,41560,1,1000,,LS,Running,10110042,10110346,10110147,0,268,268
openb-pod-0269,11908,47104,1,470,,LS,Pending,10110426,10110472,,0,269,269
openb-pod-0270,12000,24576,1,1000,,Burstable,Succeeded,10110515,10114175,10110516,0,270,270
openb-pod-0271,4152,10600,1,810,,BestEffort,Failed,10110888,10111755,10110888,0,271,271
openb-pod-0272,16000,32768,1,1000,,LS,Running,10112199,10113580,10112201,0,272,272
openb-pod-0273,3152,5600,1,1000,,BestEffort,Failed,10112326,10112574,10112393,0,273,273
openb-pod-0274,4152,10600,1,810,,BestEffort,Failed,10112685,10214504,10112753,0,274,274
openb-pod-0275,3152,5600,1,810,,BestEffort,Failed,10112996,10113143,10112996,0,275,275
openb-pod-0276,12500,57344,0,0,,LS,Running,10113134,10114352,10113136,0,276,276
openb-pod-0277,12500,57344,0,0,,LS,Running,10113347,10113526,10113349,0,277,277
openb-pod-0278,3152,5600,1,810,,BestEffort,Pending,10113572,10113577,,0,278,278
openb-pod-0279,8000,30517,1,230,,BestEffort,Running,10114193,10124384,10114194,0,279,279
openb-pod-0280,3152,5600,1,1000,,BestEffort,Failed,10114274,10114552,10114343,0,280,280
openb-pod-0281,12500,57344,0,0,,LS,Running,10114302,10114553,10114339,0,281,281
openb-pod-0282,8000,16384,1,1000,,LS,Running,10115077,10116461,10115080,0,282,282
openb-pod-0283,16000,32768,1,1000,,LS,Running,10117363,10118573,10117399,0,283,283
openb-pod-0284,11908,47104,1,470,,LS,Running,10118303,10118493,10118306,0,284,284
openb-pod-0285,16000,65536,0,0,,LS,Running,10118657,10205138,10118657,0,285,285
openb-pod-0286,18708,64512,1,1000,,LS,Running,10119177,10119353,10119180,0,286,286
openb-pod-0287,12500,57344,0,0,,LS,Running,10119674,10120128,10119676,0,287,287
openb-pod-0288,12500,57344,0,0,,LS,Running,10119716,10120218,10119726,0,288,288
openb-pod-0289,12500,57344,0,0,,LS,Running,10119805,10120073,10119839,0,289,289
openb-pod-0290,8000,32768,1,1000,,LS,Running,10119881,10123308,10119884,0,290,290
openb-pod-0291,4152,10600,1,810,,BestEffort,Failed,10121149,10122159,10121215,0,291,291
openb-pod-0292,8000,16384,1,1000,,LS,Running,10121200,10122941,10121410,0,292,292
openb-pod-0293,6000,6144,1,460,,LS,Running,10122873,10123892,10122873,0,293,293
openb-pod-0294,11908,47104,1,470,,LS,Running,10122912,10123604,10122945,0,294,294
openb-pod-0295,3152,5600,1,810,,BestEffort,Failed,10122958,10197066,10122958,0,295,295
openb-pod-0296,11908,47104,1,470,,LS,Running,10122966,10124510,10122968,0,296,296
openb-pod-0297,11908,47104,1,470,,LS,Running,10123048,10123709,10123050,0,297,297
openb-pod-0298,11908,47104,1,470,,LS,Running,10123058,10123154,10123061,0,298,298
openb-pod-0299,11908,47104,1,1000,,BestEffort,Running,10123064,10123745,10123133,0,299,299
openb-pod-0300,1000,2048,1,320,,BestEffort,Running,10123510,10198583,10123510,0,300,300
openb-pod-0301,3152,5600,1,1000,,BestEffort,Failed,10123536,10123749,10123536,0,301,301
openb-pod-0302,8000,16384,1,1000,,LS,Running,10123839,10125057,10123841,0,302,302
openb-pod-0303,8000,32768,1,1000,,LS,Running,10125159,10126005,10125195,0,303,303
openb-pod-0304,3152,5600,1,1000,,BestEffort,Failed,10125279,10125430,10125280,0,304,304
openb-pod-0305,11908,47104,1,470,,LS,Running,10126505,10127201,10126507,0,305,305
openb-pod-0306,3152,5600,1,1000,,BestEffort,Failed,10127058,10127270,10127058,0,306,306
openb-pod-0307,3152,5600,1,1000,,BestEffort,Failed,10127814,10127938,10127815,0,307,307
openb-pod-0308,16000,32768,1,1000,,LS,Running,10128880,10130142,10128917,0,308,308
openb-pod-0309,12000,24576,1,1000,,LS,Running,10129654,10135354,10129655,0,309,309
openb-pod-0310,3152,5600,1,1000,,BestEffort,Failed,10130831,10130954,10130831,0,310,310
openb-pod-0311,3152,5600,1,1000,,BestEffort,Failed,10131649,10131776,10131649,0,311,311
openb-pod-0312,3152,5600,1,1000,,BestEffort,Failed,10131993,10132095,10131993,0,312,312
openb-pod-0313,3152,5600,1,1000,,BestEffort,Failed,10132682,10132878,10132682,0,313,313
openb-pod-0314,3152,5600,1,1000,,BestEffort,Failed,10132818,10132935,10132818,0,314,314
openb-pod-0315,16000,32768,1,1000,,LS,Running,10133439,10134103,10133441,0,315,315
openb-pod-0316,8000,16384,1,1000,,LS,Running,10133558,10138419,10133560,0,316,316
openb-pod-0317,3152,5600,1,1000,,BestEffort,Failed,10133995,10134203,10133995,0,317,317
openb-pod-0318,3152,5600,1,1000,,BestEffort,Failed,10134129,10134263,10134129,0,318,318
openb-pod-0319,88000,327680,8,1000,,Burstable,Failed,10134157,10202651,10134157,0,319,319
openb-pod-0320,16000,65536,1,1000,,LS,Running,10134400,10142741,10134678,0,320,320
openb-pod-0321,3152,5600,1,1000,,BestEffort,Failed,10134541,10134655,10134542,0,321,321
openb-pod-0322,12000,16384,1,1000,,LS,Running,10135536,10150654,10135536,0,322,322
openb-pod-0323,3152,5600,1,1000,,BestEffort,Failed,10136146,10136354,10136146,0,323,323
openb-pod-0324,3152,5600,1,1000,,BestEffort,Failed,10136410,10136541,10136410,0,324,324
openb-pod-0325,4000,30517,1,230,,BestEffort,Pending,10137304,10137349,,0,325,325
openb-pod-0326,4000,30517,1,230,,BestEffort,Running,10137416,10150090,10137416,0,326,326
openb-pod-0327,16000,32768,1,1000,,LS,Running,10138838,10140762,10139184,0,327,327
openb-pod-0328,3152,5600,1,1000,,BestEffort,Failed,10139183,10139367,10139183,0,328,328
openb-pod-0329,18708,64512,1,1000,,LS,Running,10139527,10139672,10139564,0,329,329
openb-pod-0330,18708,64512,1,1000,,LS,Running,10139540,10139673,10139574,0,330,330
openb-pod-0331,3152,5600,1,1000,,BestEffort,Failed,10141076,10141304,10141076,0,331,331
openb-pod-0332,8000,16384,1,1000,,LS,Running,10142678,10143099,10142680,0,332,332
openb-pod-0333,6000,22888,1,160,,BestEffort,Running,10143373,10165633,10143373,0,333,333
openb-pod-0334,3152,5600,1,1000,,BestEffort,Failed,10145120,10145327,10145120,0,334,334
openb-pod-0335,3152,5600,1,1000,,BestEffort,Failed,10145223,10145515,10145223,0,335,335
openb-pod-0336,12000,24576,1,1000,,Burstable,Failed,10145321,10145347,10145321,0,336,336
openb-pod-0337,8000,30517,1,440,,BestEffort,Running,10145662,10161385,10145663,0,337,337
openb-pod-0338,3152,5600,1,1000,,BestEffort,Failed,10145872,10146149,10145873,0,338,338
openb-pod-0339,3152,5600,1,1000,,BestEffort,Failed,10146322,10146642,10146322,0,339,339
openb-pod-0340,3152,5600,1,1000,,BestEffort,Failed,10150141,10150472,10150141,0,340,340
openb-pod-0341,6000,18432,1,460,,LS,Running,10150356,10153655,10150356,0,341,341
openb-pod-0342,8000,16384,1,1000,,LS,Running,10152278,10155877,10152280,0,342,342
openb-pod-0343,4000,22888,1,320,,BestEffort,Running,10153572,10173982,10153572,0,343,343
openb-pod-0344,12000,16384,1,1000,,LS,Running,10153654,10154854,10153720,0,344,344
openb-pod-0345,3152,5600,1,1000,,BestEffort,Failed,10157405,10157759,10157406,0,345,345
openb-pod-0346,3152,5600,1,1000,,BestEffort,Failed,10160855,10161067,10160855,0,346,346
openb-pod-0347,8000,30517,1,230,,BestEffort,Running,10164141,10167719,10164141,0,347,347
openb-pod-0348,4000,31250,1,1000,,LS,Running,10164277,10165218,10164277,0,348,348
openb-pod-0349,8000,30517,1,220,,BestEffort,Running,10164565,10183329,10164565,0,349,349
openb-pod-0350,3152,5600,1,1000,,BestEffort,Failed,10164623,10164882,10164623,0,350,350
openb-pod-0351,4000,15258,1,220,,BestEffort,Running,10164722,10171798,10164722,0,351,351
openb-pod-0352,8000,30517,0,0,,BestEffort,Running,10164859,10190091,10164860,0,352,352
openb-pod-0353,3152,5600,1,1000,,BestEffort,Failed,10165064,10165305,10165064,0,353,353
openb-pod-0354,6000,12288,1,460,,LS,Running,10165173,10235253,10165173,0,354,354
openb-pod-0355,3152,5600,1,1000,,BestEffort,Failed,10166412,10166622,10166412,0,355,355
openb-pod-0356,3152,5600,1,1000,,BestEffort,Failed,10166484,10166686,10166484,0,356,356
openb-pod-0357,3152,5600,1,810,,BestEffort,Failed,10167716,10167866,10167716,0,357,357
openb-pod-0358,4000,15258,1,320,,BestEffort,Running,10168027,10171799,10168027,0,358,358
openb-pod-0359,3152,5600,1,1000,,BestEffort,Failed,10168347,10168547,10168347,0,359,359
openb-pod-0360,16000,32768,1,1000,,LS,Succeeded,10168366,10171992,10168366,0,360,360
openb-pod-0361,6000,6144,1,460,,LS,Running,10168713,10169493,10168713,0,361,361
openb-pod-0362,8000,16384,1,1000,,LS,Running,10169200,10171378,10169202,0,362,362
openb-pod-0363,3152,5600,1,1000,,BestEffort,Failed,10169375,10169579,10169376,0,363,363
openb-pod-0364,11908,47104,1,470,,LS,Running,10172374,10175605,10172410,0,364,364
openb-pod-0365,15400,51200,0,0,,LS,Running,10173573,10173739,10173576,0,365,365
openb-pod-0366,3152,5600,1,1000,,BestEffort,Failed,10173649,10173859,10173649,0,366,366
openb-pod-0367,8000,30517,1,470,,BestEffort,Running,10174699,10174886,10174805,0,367,367
openb-pod-0368,15700,58368,1,1000,,LS,Running,10174703,10175427,10174705,0,368,368
openb-pod-0369,6000,12288,1,460,,LS,Running,10174773,10175733,10174839,0,369,369
openb-pod-0370,6000,12288,1,460,,LS,Running,10174834,10207234,10174904,0,370,370
openb-pod-0371,4000,31250,1,1000,,LS,Running,10174996,10179768,10174996,0,371,371
openb-pod-0372,4000,15258,1,160,,BestEffort,Running,10175575,10178003,10175576,0,372,372
openb-pod-0373,3152,5600,1,1000,,BestEffort,Failed,10175763,10176581,10175763,0,373,373
openb-pod-0374,12500,57344,0,0,,LS,Running,10175948,10176117,10175950,0,374,374
openb-pod-0375,16000,32768,1,1000,,LS,Running,10176577,10183394,10176579,0,375,375
openb-pod-0376,4000,31250,1,1000,,LS,Running,10176964,10213047,10176964,0,376,376
openb-pod-0377,6000,6144,1,460,,LS,Running,10177954,10178493,10177954,0,377,377
openb-pod-0378,11908,47104,1,470,,LS,Running,10178628,10183869,10178662,0,378,378
openb-pod-0379,3152,5600,1,1000,,BestEffort,Failed,10178651,10178702,10178651,0,379,379
openb-pod-0380,8000,30517,1,470,,BestEffort,Running,10178696,10179397,10178796,0,380,380
openb-pod-0381,88000,327680,8,1000,,Burstable,Failed,10178857,10179275,10178858,0,381,381
openb-pod-0382,3152,5600,1,1000,,BestEffort,Failed,10179719,10179929,10179719,0,382,382
openb-pod-0383,4000,15258,1,160,,BestEffort,Running,10180259,10180538,10180292,0,383,383
openb-pod-0384,11908,47104,1,470,,LS,Running,10180270,10180436,10180307,0,384,384
openb-pod-0385,11908,47104,1,470,,LS,Pending,10180422,10180462,,0,385,385
openb-pod-0386,4000,31250,1,1000,,LS,Running,10180454,10214515,10180454,0,386,386
openb-pod-0387,3152,5600,1,1000,,BestEffort,Failed,10180841,10180987,10180841,0,387,387
openb-pod-0388,6000,8192,1,460,,LS,Running,10181257,10207954,10181257,0,388,388
openb-pod-0389,11908,47104,1,470,,LS,Running,10181304,10190337,10181338,0,389,389
openb-pod-0390,3152,5600,1,1000,,BestEffort,Failed,10181710,10181998,10181711,0,390,390
openb-pod-0391,8000,30517,1,470,,BestEffort,Running,10182641,10183136,10183058,0,391,391
openb-pod-0392,3152,5600,1,1000,,BestEffort,Failed,10183836,10184041,10183836,0,392,392
openb-pod-0393,15400,51200,0,0,,LS,Running,10184106,10184386,10184143,0,393,393
openb-pod-0394,15400,51200,0,0,,LS,Running,10184155,10184386,10184188,0,394,394
openb-pod-0395,3152,5600,1,1000,,BestEffort,Failed,10185253,10185450,10185254,0,395,395
openb-pod-0396,3152,5600,1,1000,,BestEffort,Failed,10185984,10186227,10185984,0,396,396
openb-pod-0397,8000,16384,1,1000,,Burstable,Failed,10186713,10186953,10186782,0,397,397
openb-pod-0398,8000,16384,1,1000,,LS,Running,10187075,10191095,10187142,0,398,398
openb-pod-0399,3152,5600,1,1000,,BestEffort,Failed,10188200,10188379,10188200,0,399,399
openb-pod-0400,18708,64512,1,1000,,LS,Running,10188246,10189678,10188314,0,400,400
openb-pod-0401,16500,51200,0,0,,LS,Running,10188685,10189323,10188721,0,401,401
openb-pod-0402,11908,47104,1,470,,LS,Running,10189447,10190393,10189554,0,402,402
openb-pod-0403,6000,6144,1,460,,LS,Running,10189534,10190073,10189602,0,403,403
openb-pod-0404,12500,57344,0,0,,LS,Pending,10189758,10189823,,0,404,404
openb-pod-0405,12000,15360,1,1000,,LS,Running,10191093,10223135,10191543,0,405,405
openb-pod-0406,8000,30517,1,470,,BestEffort,Running,10191770,10191867,10191770,0,406,406
openb-pod-0407,8000,30517,1,470,,BestEffort,Pending,10192225,10192335,,0,407,407
openb-pod-0408,8000,30517,1,470,,BestEffort,Running,10192232,10192907,10192365,0,408,408
openb-pod-0409,8000,30517,1,470,,BestEffort,Running,10192336,10193014,10192510,0,409,409
openb-pod-0410,3152,5600,1,1000,,BestEffort,Failed,10192477,10192691,10192478,0,410,410
openb-pod-0411,12500,57344,0,0,,LS,Running,10192642,10193088,10192675,0,411,411
openb-pod-0412,11400,48128,1,1000,,LS,Running,10192889,10195371,10192891,0,412,412
openb-pod-0413,8000,30517,1,470,,BestEffort,Pending,10192899,10193081,,0,413,413
openb-pod-0414,11908,47104,1,470,,LS,Running,10192901,10204847,10192940,0,414,414
openb-pod-0415,8000,30517,1,470,,BestEffort,Running,10192962,10193435,10193065,0,415,415
openb-pod-0416,4000,30517,1,230,,BestEffort,Running,10193027,10195582,10193028,0,416,416
openb-pod-0417,12500,57344,0,0,,LS,Running,10193066,10194306,10193100,0,417,417
openb-pod-0418,18708,64512,1,1000,,LS,Running,10193568,10194306,10194016,0,418,418
openb-pod-0419,11400,48128,1,1000,,LS,Pending,10193962,10194770,,0,419,419
openb-pod-0420,4000,24576,1,1000,,LS,Succeeded,10194497,10198581,10194497,0,420,420
openb-pod-0421,12000,32768,1,1000,,LS,Running,10195056,10196256,10195056,0,421,421
openb-pod-0422,17400,43008,2,1000,,LS,Running,10195438,10197145,10195438,0,422,422
openb-pod-0423,12500,57344,0,0,,LS,Running,10195440,10209545,10195476,0,423,423
openb-pod-0424,12500,57344,0,0,,LS,Running,10195608,10195852,10195641,0,424,424
openb-pod-0425,12500,57344,0,0,,LS,Running,10195689,10196096,10195721,0,425,425
openb-pod-0426,12000,16384,1,1000,,LS,Running,10196373,10204053,10196373,0,426,426
openb-pod-0427,11400,48128,1,1000,,LS,Running,10196386,10201239,10196388,0,427,427
openb-pod-0428,11400,48128,1,1000,,LS,Running,10196392,10198544,10196394,0,428,428
openb-pod-0429,11400,48128,1,1000,,LS,Running,10196397,10209972,10196399,0,429,429
openb-pod-0430,11400,48128,1,1000,,LS,Running,10196546,10209859,10196581,0,430,430
openb-pod-0431,12000,24576,1,1000,,LS,Running,10196555,10198054,10196555,0,431,431
openb-pod-0432,12000,24576,1,1000,,Guaranteed,Running,10196738,10197213,10196739,0,432,432
openb-pod-0433,3152,5600,1,810,,BestEffort,Failed,10196789,10197011,10196789,0,433,433
openb-pod-0434,9810,41560,1,1000,,LS,Running,10196808,10198061,10196983,0,434,434
openb-pod-0435,11300,37888,1,1000,,LS,Running,10197068,10207451,10197100,0,435,435
openb-pod-0436,3152,5600,1,1000,,BestEffort,Pending,10197077,10197137,,0,436,436
openb-pod-0437,12500,57344,0,0,,LS,Running,10197275,10198722,10197277,0,437,437
openb-pod-0438,12500,57344,0,0,,LS,Running,10197421,10211864,10197424,0,438,438
openb-pod-0439,3152,5600,1,810,,BestEffort,Failed,10197607,10198593,10197607,0,439,439
openb-pod-0440,8000,30517,1,320,,BestEffort,Running,10198109,10198642,10198110,0,440,440
openb-pod-0441,4152,10600,1,810,,BestEffort,Failed,10198200,10200189,10198200,0,441,441
openb-pod-0442,11300,37888,1,1000,,LS,Running,10198508,10204901,10198508,0,442,442
openb-pod-0443,3152,5600,1,1000,,BestEffort,Failed,10198596,10198794,10198596,0,443,443
openb-pod-0444,4152,10600,1,810,,BestEffort,Failed,10198648,10199017,10198681,0,444,444
openb-pod-0445,11400,48128,1,1000,,LS,Running,10198800,10202255,10198802,0,445,445
openb-pod-0446,4152,10600,1,810,,BestEffort,Failed,10198987,10202637,10198988,0,446,446
openb-pod-0447,3152,5600,1,1000,,BestEffort,Failed,10199241,10199418,10199241,0,447,447
openb-pod-0448,4000,30517,1,230,,BestEffort,Running,10199343,10199659,10199621,0,448,448
openb-pod-0449,3152,5600,1,1000,,BestEffort,Failed,10199889,10199906,10199889,0,449,449
openb-pod-0450,4152,10600,1,810,,BestEffort,Failed,10199909,10200724,10199909,0,450,450
openb-pod-0451,6000,22888,1,110,,BestEffort,Running,10200098,10200251,10200098,0,451,451
openb-pod-0452,18708,64512,1,1000,,LS,Running,10200592,10201384,10200908,0,452,452
openb-pod-0453,12500,57344,0,0,,LS,Running,10200734,10208292,10200772,0,453,453
openb-pod-0454,4152,10600,1,810,,BestEffort,Failed,10200798,10201135,10200798,0,454,454
openb-pod-0455,8000,30517,1,320,,BestEffort,Running,10200882,10201438,10200882,0,455,455
openb-pod-0456,3152,5600,1,1000,,BestEffort,Failed,10201063,10201272,10201063,0,456,456
openb-pod-0457,3152,5600,1,810,,BestEffort,Failed,10201360,10201438,10201360,0,457,457
openb-pod-0458,8000,30517,1,320,,BestEffort,Running,10201724,10202174,10201726,0,458,458
openb-pod-0459,3152,5600,1,810,,BestEffort,Failed,10201799,10202014,10201867,0,459,459
openb-pod-0460,6000,18432,1,460,,LS,Running,10202555,10208404,10202555,0,460,460
openb-pod-0461,18708,64512,1,1000,,LS,Running,10203067,10203180,10203103,0,461,461
openb-pod-0462,8000,30517,1,320,,BestEffort,Running,10203558,10210140,10203593,0,462,462
openb-pod-0463,8000,30517,1,320,,BestEffort,Running,10203567,10210081,10203638,0,463,463
openb-pod-0464,3152,5600,1,810,,BestEffort,Failed,10203650,10203835,10203650,0,464,464
openb-pod-0465,4000,15258,1,160,,BestEffort,Running,10203864,10204265,10203898,0,465,465
openb-pod-0466,11908,47104,1,470,,LS,Running,10203963,10204033,10203998,0,466,466
openb-pod-0467,4152,10600,1,810,,BestEffort,Failed,10204220,10214495,10204323,0,467,467
openb-pod-0468,4000,30517,1,230,,BestEffort,Running,10204481,10245761,10205248,0,468,468
openb-pod-0469,4000,30517,1,230,,BestEffort,Running,10204608,10206984,10204993,0,469,469
openb-pod-0470,16000,32768,1,1000,,LS,Succeeded,10204958,10208588,10204958,0,470,470
openb-pod-0471,8000,30517,1,220,,BestEffort,Running,10205784,10210080,10205784,0,471,471
openb-pod-0472,4000,30517,1,230,,BestEffort,Running,10206323,10206791,10206393,0,472,472
openb-pod-0473,12500,57344,0,0,,LS,Running,10206679,10206802,10206715,0,473,473
openb-pod-0474,11908,47104,1,470,,LS,Running,10206725,10207261,10206728,0,474,474
openb-pod-0475,16000,32768,1,1000,,LS,Running,10207027,10209572,10207200,0,475,475
openb-pod-0476,12500,57344,0,0,,LS,Pending,10207375,10207451,,0,476,476
openb-pod-0477,8000,16384,0,0,,LS,Succeeded,10207773,10211433,10207773,0,477,477
openb-pod-0478,3152,5600,1,1000,,BestEffort,Failed,10207852,10208051,10207852,0,478,478
openb-pod-0479,12500,57344,0,0,,LS,Pending,10207854,10207919,,0,479,479
openb-pod-0480,3152,5600,1,1000,,BestEffort,Failed,10208156,10208287,10208157,0,480,480
openb-pod-0481,11908,47104,1,470,,LS,Running,10208723,10208827,10208795,0,481,481
openb-pod-0482,4000,30517,1,230,,BestEffort,Pending,10208936,10209296,,0,482,482
openb-pod-0483,11908,47104,1,470,,LS,Running,10208961,10214458,10208995,0,483,483
openb-pod-0484,4000,30517,1,230,,BestEffort,Pending,10209324,10209362,,0,484,484
openb-pod-0485,4000,30517,1,230,,BestEffort,Running,10209700,10209947,10209804,0,485,485
openb-pod-0486,12500,57344,0,0,,LS,Running,10209742,10210065,10209745,0,486,486
openb-pod-0487,8000,32768,1,1000,,LS,Running,10209881,10212815,10209884,0,487,487
openb-pod-0488,8000,32768,1,1000,,LS,Running,10209881,10212825,10209884,0,488,488
openb-pod-0489,3152,5600,1,1000,,BestEffort,Failed,10209987,10210150,10209987,0,489,489
openb-pod-0490,3152,5600,1,1000,,BestEffort,Failed,10210514,10210646,10210515,0,490,490
openb-pod-0491,3152,5600,1,810,,BestEffort,Failed,10210900,10214469,10210900,0,491,491
openb-pod-0492,3152,5600,1,1000,,BestEffort,Failed,10210977,10211090,10210977,0,492,492
openb-pod-0493,3152,5600,1,1000,,BestEffort,Failed,10211166,10211302,10211167,0,493,493
openb-pod-0494,11908,47104,1,470,,LS,Running,10211442,10211530,10211448,0,494,494
openb-pod-0495,4000,30517,1,230,,BestEffort,Pending,10211838,10211972,,0,495,495
openb-pod-0496,9810,41560,1,1000,,LS,Running,10211861,10212601,10212036,0,496,496
openb-pod-0497,4000,30517,1,230,,BestEffort,Running,10211972,10212116,10212075,0,497,497
openb-pod-0498,4000,30517,1,230,,BestEffort,Pending,10211993,10212283,,0,498,498
openb-pod-0499,3152,5600,1,1000,,BestEffort,Failed,10212039,10212189,10212039,0,499,499
openb-pod-0500,3152,5600,1,1000,,BestEffort,Failed,10212048,10212197,10212049,0,500,500
openb-pod-0501,4000,30517,1,230,,BestEffort,Pending,10212283,10212851,,0,501,501
openb-pod-0502,3152,5600,1,1000,,BestEffort,Failed,10212372,10212541,10212372,0,502,502
openb-pod-0503,3152,5600,1,1000,,BestEffort,Failed,10212413,10212552,10212413,0,503,503
openb-pod-0504,4000,30517,1,230,,BestEffort,Running,10212621,10212726,10212621,0,504,504
openb-pod-0505,3152,5600,1,810,,BestEffort,Failed,10212626,10212773,10212626,0,505,505
openb-pod-0506,15700,58368,1,1000,,LS,Running,10212828,10216285,10212966,0,506,506
openb-pod-0507,8000,30517,1,470,,BestEffort,Pending,10212925,10213005,,0,507,507
openb-pod-0508,3152,5600,1,1000,,BestEffort,Failed,10212954,10213076,10212955,0,508,508
openb-pod-0509,3152,5600,1,810,,BestEffort,Failed,10212968,10213115,10212969,0,509,509
openb-pod-0510,4000,30517,1,230,,BestEffort,Pending,10213065,10213069,,0,510,510
openb-pod-0511,15700,58368,1,1000,,LS,Running,10213190,10215658,10213226,0,511,511
openb-pod-0512,3152,5600,1,1000,,BestEffort,Failed,10213497,10213660,10213498,0,512,512
openb-pod-0513,11908,47104,1,470,,LS,Running,10213546,10222996,10213583,0,513,513
openb-pod-0514,3152,5600,1,1000,,BestEffort,Failed,10213708,10213907,10213708,0,514,514
openb-pod-0515,18708,64512,1,1000,,LS,Running,10213806,10214045,10213876,0,515,515
openb-pod-0516,11908,47104,1,650,,LS,Running,10214358,10214873,10214366,0,516,516
openb-pod-0517,11908,47104,1,650,,LS,Running,10214440,10214690,10214511,0,517,517
openb-pod-0518,3152,5600,1,810,,BestEffort,Running,10214507,10273510,10214507,0,518,518
openb-pod-0519,3152,5600,1,1000,,BestEffort,Failed,10214575,10214773,10214576,0,519,519
openb-pod-0520,8000,30517,1,470,,BestEffort,Pending,10215707,10216244,,0,520,520
openb-pod-0521,16000,32768,1,1000,,LS,Running,10216472,10218652,10216507,0,521,521
openb-pod-0522,3152,5600,1,1000,,BestEffort,Failed,10216775,10216904,10216775,0,522,522
openb-pod-0523,24200,93184,1,1000,,LS,Failed,10217437,10217491,10217437,0,523,523
openb-pod-0524,9810,41560,1,1000,,LS,Running,10217925,10219486,10217928,0,524,524
openb-pod-0525,9810,41560,1,1000,,LS,Running,10217925,10218147,10217963,0,525,525
openb-pod-0526,9810,41560,1,1000,,LS,Running,10217931,10219450,10217967,0,526,526
openb-pod-0527,3152,5600,1,1000,,BestEffort,Pending,10218024,10218029,,0,527,527
openb-pod-0528,3152,5600,1,1000,,BestEffort,Failed,10218490,10218622,10218490,0,528,528
openb-pod-0529,8000,32768,1,1000,,LS,Running,10219969,10227250,10220038,0,529,529
openb-pod-0530,6000,6144,1,460,,LS,Running,10220673,10221272,10220674,0,530,530
openb-pod-0531,3152,5600,1,1000,,BestEffort,Failed,10221884,10222023,10221884,0,531,531
openb-pod-0532,12000,16384,1,1000,,LS,Running,10223133,10224093,10223202,0,532,532
openb-pod-0533,4152,10600,1,550,,BestEffort,Failed,10223139,10223166,10223139,0,533,533
openb-pod-0534,4152,10600,1,550,,BestEffort,Failed,10223622,10223679,10223622,0,534,534
openb-pod-0535,4152,10600,1,550,,BestEffort,Failed,10223679,10223735,10223680,0,535,535
openb-pod-0536,4152,10600,1,550,,BestEffort,Failed,10224392,10224421,10224392,0,536,536
openb-pod-0537,3152,5600,1,1000,,BestEffort,Failed,10224738,10224904,10224738,0,537,537
openb-pod-0538,8000,30517,1,230,,BestEffort,Running,10225414,10225878,10225414,0,538,538
openb-pod-0539,3152,5600,1,1000,,BestEffort,Failed,10232587,10232878,10232587,0,539,539
openb-pod-0540,4000,22888,1,480,,BestEffort,Running,10232803,10233250,10232803,0,540,540
openb-pod-0541,6000,18432,1,460,,LS,Running,10232974,10234715,10232974,0,541,541
openb-pod-0542,3152,5600,1,1000,,BestEffort,Failed,10233819,10234114,10233819,0,542,542
openb-pod-0543,3152,5600,1,810,,BestEffort,Failed,10233991,10262454,10233992,0,543,543
openb-pod-0544,11400,48128,1,1000,,LS,Running,10234226,10234757,10234297,0,544,544
openb-pod-0545,24200,93184,1,1000,,LS,Failed,10234994,10236734,10234994,0,545,545
openb-pod-0546,8000,16384,1,1000,,LS,Running,10235081,10240375,10235083,0,546,546
openb-pod-0547,8000,16384,1,1000,,LS,Running,10235553,10238253,10235554,0,547,547
openb-pod-0548,24200,93184,1,1000,,LS,Failed,10236016,10237871,10236016,0,548,548
openb-pod-0549,8000,16384,1,1000,,LS,Running,10237589,10241615,10237589,0,549,549
openb-pod-0550,12000,15360,1,1000,,LS,Running,10237776,10238556,10237776,0,550,550
openb-pod-0551,12000,15360,1,1000,,LS,Running,10237776,10238556,10237776,0,551,551
openb-pod-0552,16000,65536,1,1000,,LS,Running,10240480,10246963,10240483,0,552,552
openb-pod-0553,3152,5600,1,1000,,BestEffort,Failed,10243457,10243782,10243457,0,553,553
openb-pod-0554,3152,5600,1,1000,,BestEffort,Failed,10243762,10244093,10243762,0,554,554
openb-pod-0555,6000,6144,1,460,,LS,Running,10244313,10245932,10244313,0,555,555
openb-pod-0556,6000,6144,1,460,,LS,Running,10245093,10245993,10245093,0,556,556
openb-pod-0557,3152,5600,1,1000,,BestEffort,Failed,10247114,10247479,10247114,0,557,557
openb-pod-0558,4000,24576,1,1000,,LS,Succeeded,10247202,10251358,10247202,0,558,558
openb-pod-0559,8000,16384,1,1000,,LS,Running,10247867,10254812,10247869,0,559,559
openb-pod-0560,8000,30517,1,320,,BestEffort,Running,10248468,10258552,10248468,0,560,560
openb-pod-0561,8000,32768,1,1000,,LS,Running,10248939,10249984,10248942,0,561,561
openb-pod-0562,4000,31250,1,1000,,LS,Running,10250349,10256295,10250349,0,562,562
openb-pod-0563,7000,30000,1,1000,,Burstable,Running,10250498,10484810,10250498,0,563,563
openb-pod-0564,4000,24576,1,1000,,LS,Succeeded,10250736,10254878,10250737,0,564,564
openb-pod-0565,3152,5600,1,1000,,BestEffort,Failed,10252397,10252642,10252398,0,565,565
openb-pod-0566,12000,16384,1,1000,,LS,Running,10253468,10254157,10253468,0,566,566
openb-pod-0567,3152,5600,1,1000,,BestEffort,Failed,10254758,10254984,10254758,0,567,567
openb-pod-0568,11400,48128,1,1000,,LS,Running,10255346,10255575,10255383,0,568,568
openb-pod-0569,8000,16384,1,1000,,LS,Running,10255420,10260224,10255423,0,569,569
openb-pod-0570,12000,16384,1,1000,,LS,Running,10256013,10256793,10256014,0,570,570
openb-pod-0571,12000,16384,1,1000,,LS,Running,10256133,10257932,10256135,0,571,571
openb-pod-0572,12000,16384,1,1000,,LS,Running,10256855,10258054,10256855,0,572,572
openb-pod-0573,8000,32768,1,1000,,LS,Running,10256862,10258408,10256866,0,573,573
openb-pod-0574,8000,30517,0,0,,BestEffort,Running,10257764,10258638,10257765,0,574,574
openb-pod-0575,3152,5600,1,1000,,BestEffort,Failed,10257967,10258138,10257967,0,575,575
openb-pod-0576,3152,5600,1,810,,BestEffort,Failed,10258602,10276775,10258602,0,576,576
openb-pod-0577,11908,47104,1,470,,LS,Running,10259147,10259293,10259183,0,577,577
openb-pod-0578,3152,5600,1,1000,,BestEffort,Failed,10259693,10259906,10259693,0,578,578
openb-pod-0579,11400,48128,1,1000,,LS,Pending,10260103,10260191,,0,579,579
openb-pod-0580,3152,5600,1,1000,,BestEffort,Failed,10260104,10260327,10260105,0,580,580
openb-pod-0581,11400,48128,1,1000,,LS,Running,10260162,10260246,10260200,0,581,581
openb-pod-0582,3152,5600,1,810,,BestEffort,Failed,10260165,10260236,10260198,0,582,582
openb-pod-0583,3152,5600,1,810,,BestEffort,Failed,10260217,10260301,10260251,0,583,583
openb-pod-0584,4000,30517,1,230,,BestEffort,Running,10260412,10260503,10260413,0,584,584
openb-pod-0585,8000,30517,1,470,,BestEffort,Running,10260448,10260769,10260551,0,585,585
openb-pod-0586,8000,30517,1,230,,BestEffort,Pending,10260462,10260510,,0,586,586
openb-pod-0587,3152,5600,1,810,,BestEffort,Failed,10260477,10261513,10260546,0,587,587
openb-pod-0588,6000,6144,1,460,,LS,Running,10260513,10261173,10260514,0,588,588
openb-pod-0589,24200,93184,1,1000,,LS,Failed,10260574,10265063,10260574,0,589,589
openb-pod-0590,4000,30517,1,230,,BestEffort,Running,10260773,10260907,10260773,0,590,590
openb-pod-0591,9810,41560,1,1000,,LS,Running,10260845,10261984,10260848,0,591,591
openb-pod-0592,4000,30517,1,230,,BestEffort,Running,10260976,10261210,10261082,0,592,592
openb-pod-0593,9810,41560,1,1000,,LS,Running,10261103,10261888,10261314,0,593,593
openb-pod-0594,4000,30517,1,230,,BestEffort,Pending,10261132,10261309,,0,594,594
openb-pod-0595,9810,41560,1,1000,,LS,Running,10261187,10261960,10261469,0,595,595
openb-pod-0596,8000,30517,1,470,,BestEffort,Pending,10261290,10261890,,0,596,596
openb-pod-0597,8000,30517,1,470,,BestEffort,Pending,10261312,10261799,,0,597,597
openb-pod-0598,4000,31250,1,1000,,LS,Running,10261340,10267864,10261340,0,598,598
openb-pod-0599,4000,31250,1,1000,,LS,Running,10261372,10267089,10261372,0,599,599
openb-pod-0600,3152,5600,1,1000,,BestEffort,Failed,10261514,10261770,10261547,0,600,600
openb-pod-0601,3152,5600,1,810,,BestEffort,Failed,10261661,10261830,10261662,0,601,601
openb-pod-0602,11400,48128,1,1000,,LS,Running,10261763,10262154,10261834,0,602,602
openb-pod-0603,4000,30517,1,230,,BestEffort,Pending,10261947,10262215,,0,603,603
openb-pod-0604,4000,30517,1,230,,BestEffort,Pending,10262229,10262514,,0,604,604
openb-pod-0605,4000,30517,1,230,,BestEffort,Running,10262406,10262821,10262717,0,605,605
openb-pod-0606,4000,31250,1,1000,,LS,Running,10262527,10270146,10262528,0,606,606
openb-pod-0607,16000,65536,1,1000,,LS,Running,10262679,10277559,10277009,0,607,607
openb-pod-0608,8000,32768,1,1000,,BestEffort,Pending,10263433,10263565,,0,608,608
openb-pod-0609,4000,22888,1,350,,BestEffort,Running,10263507,10263565,10263507,0,609,609
openb-pod-0610,3152,5600,1,810,,BestEffort,Failed,10263618,10264184,10264037,0,610,610
openb-pod-0611,3152,5600,1,810,,BestEffort,Failed,10263824,10264007,10263858,0,611,611
openb-pod-0612,3152,5600,1,1000,,BestEffort,Failed,10263869,10264018,10263870,0,612,612
openb-pod-0613,3152,5600,1,1000,,BestEffort,Failed,10263993,10264346,10264132,0,613,613
openb-pod-0614,3152,5600,1,1000,,BestEffort,Failed,10264830,10265038,10264830,0,614,614
openb-pod-0615,11400,48128,1,1000,,LS,Running,10265011,10274316,10265045,0,615,615
openb-pod-0616,8000,32768,1,1000,,LS,Running,10265140,10266805,10265595,0,616,616
openb-pod-0617,3152,5600,1,1000,,BestEffort,Pending,10265170,10265188,,0,617,617
openb-pod-0618,24200,93184,1,1000,,LS,Failed,10265185,10267425,10265218,0,618,618
openb-pod-0619,12000,16384,1,1000,,LS,Running,10265558,10281876,10265558,0,619,619
openb-pod-0620,4000,30517,1,230,,BestEffort,Running,10266148,10266248,10266150,0,620,620
openb-pod-0621,4000,30517,1,230,,BestEffort,Pending,10266385,10266400,,0,621,621
openb-pod-0622,4152,10600,1,810,,BestEffort,Failed,10266395,10267567,10266396,0,622,622
openb-pod-0623,8000,30517,1,470,,BestEffort,Pending,10266523,10266526,,0,623,623
openb-pod-0624,24200,93184,1,1000,,LS,Failed,10266690,10269162,10266725,0,624,624
openb-pod-0625,4000,30517,1,230,,BestEffort,Running,10266884,10267079,10266988,0,625,625
openb-pod-0626,18708,64512,1,1000,,LS,Running,10266902,10267249,10267076,0,626,626
openb-pod-0627,8000,16384,1,1000,,LS,Running,10267235,10274317,10267411,0,627,627
openb-pod-0628,8000,30517,1,470,,BestEffort,Running,10267517,10269997,10267518,0,628,628
openb-pod-0629,11400,48128,1,1000,,LS,Running,10267882,10274191,10267916,0,629,629
openb-pod-0630,3152,5600,1,1000,,BestEffort,Failed,10267984,10268136,10267984,0,630,630
openb-pod-0631,3152,5600,1,1000,,BestEffort,Failed,10268036,10268163,10268036,0,631,631
openb-pod-0632,1000,6144,1,1000,,LS,Running,10268198,10291368,10268201,0,632,632
openb-pod-0633,4000,30517,1,230,,BestEffort,Running,10269999,10270218,10270139,0,633,633
openb-pod-0634,4152,10600,1,550,,BestEffort,Failed,10270109,10270178,10270109,0,634,634
openb-pod-0635,3152,5600,1,1000,,BestEffort,Failed,10270559,10270760,10270560,0,635,635
openb-pod-0636,4000,30517,1,230,,BestEffort,Running,10272218,10272290,10272250,0,636,636
openb-pod-0637,4000,30517,1,230,,BestEffort,Running,10272751,10272901,10272751,0,637,637
openb-pod-0638,4000,30517,1,230,,BestEffort,Running,10273015,10273170,10273115,0,638,638
openb-pod-0639,4000,30517,1,230,,BestEffort,Running,10273175,10273465,10273345,0,639,639
openb-pod-0640,18708,64512,1,1000,,LS,Pending,10273282,10273323,,0,640,640
openb-pod-0641,16000,65536,1,1000,,LS,Running,10274502,10275768,10274538,0,641,641
openb-pod-0642,3152,5600,1,810,,BestEffort,Failed,10275038,10276513,10275039,0,642,642
openb-pod-0643,3152,5600,1,1000,,BestEffort,Failed,10275406,10275568,10275406,0,643,643
openb-pod-0644,11400,48128,1,1000,,LS,Running,10276050,10276334,10276052,0,644,644
openb-pod-0645,3152,5600,1,1000,,BestEffort,Failed,10276746,10276928,10276746,0,645,645
openb-pod-0646,4000,30517,1,230,,BestEffort,Running,10277009,10277213,10277009,0,646,646
openb-pod-0647,3152,5600,1,810,,BestEffort,Failed,10277188,10281995,10277326,0,647,647
openb-pod-0648,12500,57344,0,0,,LS,Running,10277517,10280757,10277554,0,648,648
openb-pod-0649,12500,57344,0,0,,LS,Running,10277525,10277654,10277529,0,649,649
openb-pod-0650,12500,57344,0,0,,LS,Running,10277534,10277969,10277536,0,650,650
openb-pod-0651,12500,57344,0,0,,LS,Running,10277694,10278200,10277696,0,651,651
openb-pod-0652,12500,57344,0,0,,LS,Running,10277875,10277930,10277877,0,652,652
openb-pod-0653,3152,5600,1,810,,BestEffort,Failed,10277915,10282886,10278016,0,653,653
openb-pod-0654,18708,64512,1,1000,,LS,Pending,10278261,10278385,,0,654,654
openb-pod-0655,8000,16384,1,1000,,LS,Running,10278278,10278548,10278347,0,655,655
openb-pod-0656,4000,30517,1,230,,BestEffort,Pending,10278362,10278643,,0,656,656
openb-pod-0657,3152,5600,1,1000,,BestEffort,Failed,10279220,10279455,10279220,0,657,657
openb-pod-0658,8000,30517,1,470,,BestEffort,Pending,10279444,10279958,,0,658,658
openb-pod-0659,4000,24576,1,1000,,LS,Succeeded,10279624,10284527,10279624,0,659,659
openb-pod-0660,9810,41560,1,1000,,LS,Pending,10280004,10280060,,0,660,660
openb-pod-0661,3152,5600,1,1000,,BestEffort,Failed,10280071,10280093,10280072,0,661,661
openb-pod-0662,20000,65536,0,0,,LS,Running,10280529,11556705,10280531,0,662,662
openb-pod-0663,3152,5600,1,1000,,BestEffort,Failed,10280778,10281005,10280778,0,663,663
openb-pod-0664,18708,64512,1,1000,,LS,Running,10280815,10281782,10280920,0,664,664
openb-pod-0665,3152,5600,1,1000,,BestEffort,Failed,10281084,10281265,10281084,0,665,665
openb-pod-0666,11400,48128,1,1000,,LS,Running,10281304,10282262,10281308,0,666,666
openb-pod-0667,11400,48128,1,1000,,LS,Running,10281564,10283568,10281567,0,667,667
openb-pod-0668,3152,5600,1,1000,,BestEffort,Failed,10281591,10281789,10281591,0,668,668
openb-pod-0669,3152,5600,1,810,,BestEffort,Failed,10281731,10281883,10281731,0,669,669
openb-pod-0670,8000,16384,1,1000,,LS,Running,10281756,10287185,10281789,0,670,670
openb-pod-0671,6000,18432,1,460,,LS,Running,10281935,10282954,10281936,0,671,671
openb-pod-0672,4000,22888,1,320,,BestEffort,Pending,10282091,10282096,,0,672,672
openb-pod-0673,8000,30517,1,470,,BestEffort,Running,10282240,10284018,10283933,0,673,673
openb-pod-0674,3152,5600,1,590,,BestEffort,Pending,10282252,10282259,,0,674,674
openb-pod-0675,3152,5600,1,1000,,BestEffort,Failed,10282253,10282438,10282288,0,675,675
openb-pod-0676,3152,5600,1,810,,BestEffort,Failed,10282268,10300129,10282268,0,676,676
openb-pod-0677,3152,5600,1,810,,BestEffort,Failed,10282330,10282360,10282330,0,677,677
openb-pod-0678,11400,48128,1,1000,,LS,Running,10282361,10283267,10282397,0,678,678
openb-pod-0679,4000,22888,1,220,,BestEffort,Running,10282412,10286692,10282414,0,679,679
openb-pod-0680,11400,48128,1,1000,,LS,Running,10282878,10283515,10282916,0,680,680
openb-pod-0681,3152,5600,1,810,,BestEffort,Failed,10282886,10283072,10282918,0,681,681
openb-pod-0682,11400,48128,1,1000,,LS,Running,10283250,10283737,10283391,0,682,682
openb-pod-0683,9810,41560,1,1000,,LS,Running,10283282,10286172,10283285,0,683,683
openb-pod-0684,18708,64512,1,1000,,LS,Pending,10283497,10283705,,0,684,684
openb-pod-0685,18708,64512,1,1000,,LS,Pending,10283497,10283705,,0,685,685
openb-pod-0686,9810,41560,1,1000,,LS,Running,10283554,10286460,10283557,0,686,686
openb-pod-0687,3152,5600,1,590,,BestEffort,Pending,10283701,10283737,,0,687,687
openb-pod-0688,11400,48128,1,1000,,LS,Running,10283834,10284761,10283871,0,688,688
openb-pod-0689,9810,41560,1,1000,,LS,Pending,10283917,10284032,,0,689,689
openb-pod-0690,18708,64512,1,1000,,LS,Pending,10283952,10284070,,0,690,690
openb-pod-0691,3152,5600,1,810,,BestEffort,Failed,10284010,10284623,10284010,0,691,691
openb-pod-0692,4000,30517,1,230,,BestEffort,Pending,10284053,10284059,,0,692,692
openb-pod-0693,9810,41560,1,1000,,LS,Pending,10284055,10284156,,0,693,693
openb-pod-0694,8000,30517,1,470,,BestEffort,Pending,10284444,10284814,,0,694,694
openb-pod-0695,11400,48128,1,1000,,LS,Running,10284572,10287637,10284606,0,695,695
openb-pod-0696,11400,48128,1,1000,,LS,Running,10284612,10288322,10284752,0,696,696
openb-pod-0697,8000,30517,1,470,,BestEffort,Pending,10284834,10284915,,0,697,697
openb-pod-0698,3152,5600,1,810,,BestEffort,Failed,10284914,10285752,10284914,0,698,698
openb-pod-0699,3152,5600,1,1000,,BestEffort,Failed,10285049,10285211,10285049,0,699,699
openb-pod-0700,16000,32768,1,1000,,LS,Running,10285062,10287759,10285406,0,700,700
openb-pod-0701,16000,16384,1,1000,,LS,Running,10285584,10529388,10285585,0,701,701
openb-pod-0702,3152,5600,1,810,,BestEffort,Running,10285684,10286235,10285684,0,702,702
openb-pod-0703,3152,5600,1,1000,,BestEffort,Failed,10285696,10285888,10285696,0,703,703
openb-pod-0704,4000,30517,1,230,,BestEffort,Pending,10286144,10286975,,0,704,704
openb-pod-0705,11400,48128,1,1000,,LS,Running,10286148,10287708,10286150,0,705,705
openb-pod-0706,8000,30517,1,470,,BestEffort,Running,10286237,10287039,10286334,0,706,706
openb-pod-0707,3152,5600,1,1000,,BestEffort,Failed,10286458,10286612,10286458,0,707,707
openb-pod-0708,18708,64512,1,1000,,LS,Pending,10286531,10286924,,0,708,708
openb-pod-0709,16500,51200,0,0,,LS,Running,10286759,10291869,10286761,0,709,709
openb-pod-0710,3152,5600,1,1000,,BestEffort,Failed,10286819,10287067,10286819,0,710,710
openb-pod-0711,16500,51200,0,0,,LS,Running,10287519,10288374,10287553,0,711,711
openb-pod-0712,15700,58368,1,1000,,LS,Running,10287566,10292329,10287602,0,712,712
openb-pod-0713,16500,51200,0,0,,LS,Running,10287684,10287754,10287688,0,713,713
openb-pod-0714,16000,32768,1,1000,,LS,Running,10287821,10292583,10287823,0,714,714
openb-pod-0715,18708,64512,1,1000,,LS,Running,10287906,10288781,10287908,0,715,715
openb-pod-0716,8000,30517,1,470,,BestEffort,Running,10287971,10288709,10288355,0,716,716
openb-pod-0717,4000,31250,1,1000,,LS,Running,10288025,10289699,10288025,0,717,717
openb-pod-0718,3152,5600,1,590,,BestEffort,Failed,10288056,10288710,10288057,0,718,718
openb-pod-0719,18708,64512,1,1000,,LS,Running,10288251,10288742,10288323,0,719,719
openb-pod-0720,3152,5600,1,1000,,BestEffort,Failed,10288632,10288843,10288632,0,720,720
openb-pod-0721,12500,57344,0,0,,LS,Running,10288768,10290609,10288770,0,721,721
openb-pod-0722,3152,5600,1,1000,,BestEffort,Failed,10289332,10289525,10289332,0,722,722
openb-pod-0723,12000,24576,1,1000,,LS,Running,10290217,12902960,10290286,0,723,723
openb-pod-0724,12000,24576,1,1000,,LS,Running,10290217,12902960,10290251,0,724,724
openb-pod-0725,11400,48128,1,1000,,LS,Running,10290268,10291023,10290303,0,725,725
openb-pod-0726,16500,51200,0,0,,LS,Running,10290883,10291075,10290886,0,726,726
openb-pod-0727,12000,24576,1,1000,,LS,Running,10290997,11242419,10291307,0,727,727
openb-pod-0728,16500,51200,0,0,,LS,Running,10291056,10292236,10291058,0,728,728
openb-pod-0729,11908,47104,1,470,,LS,Running,10291241,10291360,10291274,0,729,729
openb-pod-0730,4152,10600,1,550,,BestEffort,Running,10291568,10369767,10291568,0,730,730
openb-pod-0731,3152,5600,1,1000,,BestEffort,Failed,10291594,10291728,10291594,0,731,731
openb-pod-0732,11400,48128,1,1000,,LS,Running,10291860,10298219,10291894,0,732,732
openb-pod-0733,6000,8192,1,1000,,Guaranteed,Running,10292589,12634855,10292622,0,733,733
openb-pod-0734,4000,24576,1,1000,,LS,Succeeded,10292824,10296859,10292824,0,734,734
openb-pod-0735,3152,5600,1,1000,,BestEffort,Failed,10292995,10293199,10292995,0,735,735
openb-pod-0736,11400,48128,1,1000,,LS,Running,10293013,10294013,10293049,0,736,736
openb-pod-0737,12000,16384,1,1000,,LS,Running,10293874,10294414,10293908,0,737,737
openb-pod-0738,4152,10600,1,550,,BestEffort,Failed,10293926,10293962,10293926,0,738,738
openb-pod-0739,4000,24576,1,1000,,LS,Succeeded,10294021,10298123,10294022,0,739,739
openb-pod-0740,11400,48128,1,1000,,LS,Running,10294984,10298292,10295021,0,740,740
openb-pod-0741,3152,5600,1,1000,,BestEffort,Failed,10295521,10295636,10295521,0,741,741
openb-pod-0742,3152,5600,1,1000,,BestEffort,Failed,10295551,10295759,10295551,0,742,742
openb-pod-0743,15700,58368,1,1000,,LS,Running,10296005,10296709,10296007,0,743,743
openb-pod-0744,3152,5600,1,1000,,BestEffort,Failed,10296154,10296267,10296155,0,744,744
openb-pod-0745,11400,48128,1,1000,,LS,Running,10296182,10298220,10296215,0,745,745
openb-pod-0746,11908,47104,1,470,,LS,Pending,10296436,10296558,,0,746,746
openb-pod-0747,3152,5600,1,1000,,BestEffort,Failed,10296641,10296842,10296641,0,747,747
openb-pod-0748,11908,47104,1,470,,LS,Pending,10296797,10296842,,0,748,748
openb-pod-0749,15400,51200,0,0,,LS,Running,10296892,10297109,10296926,0,749,749
openb-pod-0750,15400,51200,0,0,,LS,Running,10296892,10297122,10296926,0,750,750
openb-pod-0751,15400,51200,0,0,,LS,Running,10296894,10297149,10296931,0,751,751
openb-pod-0752,11400,48128,1,1000,,LS,Pending,10297414,10297489,,0,752,752
openb-pod-0753,11400,48128,1,1000,,LS,Running,10297478,10298373,10297516,0,753,753
openb-pod-0754,3152,5600,1,1000,,BestEffort,Failed,10297481,10297679,10297481,0,754,754
openb-pod-0755,11400,48128,1,1000,,LS,Running,10297562,10297832,10297564,0,755,755
openb-pod-0756,11400,48128,1,1000,,LS,Running,10297584,10298393,10297587,0,756,756
openb-pod-0757,3152,5600,1,590,,BestEffort,Failed,10297724,10297927,10297724,0,757,757
openb-pod-0758,11400,48128,1,1000,,LS,Running,10297734,10298342,10297736,0,758,758
openb-pod-0759,3152,5600,1,1000,,BestEffort,Failed,10297773,10297985,10297773,0,759,759
openb-pod-0760,3152,5600,1,810,,BestEffort,Failed,10297877,10298033,10297943,0,760,760
openb-pod-0761,4000,30517,1,230,,BestEffort,Running,10298377,10299378,10298483,0,761,761
openb-pod-0762,12000,24576,1,1000,,LS,Running,10298794,10307855,10298794,0,762,762
openb-pod-0763,4000,24576,1,1000,,LS,Succeeded,10298876,10302878,10298876,0,763,763
openb-pod-0764,6000,6144,1,460,,LS,Running,10299155,10299692,10299155,0,764,764
openb-pod-0765,3152,5600,1,1000,,BestEffort,Failed,10299397,10299449,10299397,0,765,765
openb-pod-0766,11908,47104,1,650,,LS,Running,10299470,10303128,10299473,0,766,766
openb-pod-0767,11908,47104,1,650,,LS,Running,10299478,10300424,10299512,0,767,767
openb-pod-0768,11400,48128,1,1000,,LS,Running,10299568,10299656,10299601,0,768,768
openb-pod-0769,4000,30517,1,230,,BestEffort,Running,10299841,10301503,10300323,0,769,769
openb-pod-0770,3152,5600,1,1000,,BestEffort,Failed,10300035,10300186,10300035,0,770,770
openb-pod-0771,1000,6144,1,1000,,LS,Running,10300246,10302177,10300249,0,771,771
openb-pod-0772,3152,5600,1,1000,,BestEffort,Failed,10300654,10300853,10300654,0,772,772
openb-pod-0773,3152,5600,1,1000,,BestEffort,Failed,10301249,10301373,10301249,0,773,773
openb-pod-0774,3152,5600,1,1000,,BestEffort,Failed,10303030,10303185,10303030,0,774,774
openb-pod-0775,8000,30517,1,470,,BestEffort,Pending,10303173,10303376,,0,775,775
openb-pod-0776,18708,64512,1,1000,,LS,Running,10303910,10304562,10304013,0,776,776
openb-pod-0777,11400,48128,1,1000,,LS,Running,10303910,10304415,10303912,0,777,777
openb-pod-0778,3152,5600,1,1000,,BestEffort,Failed,10304054,10304252,10304054,0,778,778
openb-pod-0779,3152,5600,1,1000,,BestEffort,Failed,10304304,10304503,10304305,0,779,779
openb-pod-0780,3152,5600,1,1000,,BestEffort,Failed,10304349,10304548,10304350,0,780,780
openb-pod-0781,3152,5600,1,1000,,BestEffort,Failed,10305348,10305573,10305348,0,781,781
openb-pod-0782,8000,30517,1,470,,BestEffort,Running,10305589,10343650,10305685,0,782,782
openb-pod-0783,8000,30517,1,470,,BestEffort,Running,10306030,10307547,10306030,0,783,783
openb-pod-0784,3152,5600,1,1000,,BestEffort,Failed,10306555,10306690,10306555,0,784,784
openb-pod-0785,11400,48128,1,1000,,LS,Running,10306710,10308607,10306744,0,785,785
openb-pod-0786,11400,48128,1,1000,,LS,Running,10306993,10308548,10307028,0,786,786
openb-pod-0787,16500,51200,0,0,,LS,Pending,10307043,10307351,,0,787,787
openb-pod-0788,11400,48128,1,1000,,LS,Running,10307276,10308510,10307308,0,788,788
openb-pod-0789,12500,57344,0,0,,LS,Pending,10307338,10307380,,0,789,789
openb-pod-0790,12500,57344,0,0,,LS,Running,10307415,10308336,10307418,0,790,790
openb-pod-0791,12500,57344,0,0,,LS,Running,10307447,10308343,10307483,0,791,791
openb-pod-0792,12500,57344,0,0,,LS,Running,10307455,10308316,10307458,0,792,792
openb-pod-0793,12500,57344,0,0,,LS,Running,10307522,10308405,10307524,0,793,793
openb-pod-0794,3152,5600,1,1000,,BestEffort,Failed,10307762,10307887,10307762,0,794,794
openb-pod-0795,12500,57344,0,0,,LS,Running,10307826,10308032,10307828,0,795,795
openb-pod-0796,12000,16384,1,1000,,LS,Running,10308033,10328254,10308033,0,796,796
openb-pod-0797,8000,30517,1,220,,BestEffort,Running,10311803,10312166,10311803,0,797,797
openb-pod-0798,3152,5600,1,1000,,BestEffort,Failed,10312991,10313193,10312992,0,798,798
openb-pod-0799,3152,5600,1,1000,,BestEffort,Failed,10314009,10314227,10314009,0,799,799
openb-pod-0800,3152,5600,1,1000,,BestEffort,Failed,10314591,10314815,10314591,0,800,800
openb-pod-0801,3152,5600,1,1000,,BestEffort,Failed,10314949,10315169,10314949,0,801,801
openb-pod-0802,16000,32768,1,1000,,LS,Running,10315182,10318364,10315184,0,802,802
openb-pod-0803,3152,5600,1,1000,,BestEffort,Failed,10315828,10316026,10315829,0,803,803
openb-pod-0804,12000,15360,1,1000,,LS,Running,10315953,10882774,10315953,0,804,804
openb-pod-0805,6000,22888,1,50,,BestEffort,Running,10316091,10339589,10316092,0,805,805
openb-pod-0806,16000,32768,1,1000,,LS,Succeeded,10317757,10321422,10317757,0,806,806
openb-pod-0807,4000,15258,1,110,,BestEffort,Running,10319606,10322117,10319607,0,807,807
openb-pod-0808,4000,30517,1,320,,BestEffort,Running,10321771,10327182,10321772,0,808,808
openb-pod-0809,8000,30517,1,220,,BestEffort,Running,10321913,10334074,10321914,0,809,809
openb-pod-0810,3152,5600,1,1000,,BestEffort,Failed,10322676,10322971,10322676,0,810,810
openb-pod-0811,16000,32768,1,1000,,LS,Running,10323648,10324363,10323650,0,811,811
openb-pod-0812,16000,32768,1,1000,,LS,Running,10325258,10326764,10325261,0,812,812
openb-pod-0813,8000,16384,1,1000,,LS,Running,10325800,10329190,10325803,0,813,813
openb-pod-0814,4000,22888,1,230,,BestEffort,Running,10326430,10327677,10326464,0,814,814
openb-pod-0815,4000,22888,1,320,,BestEffort,Running,10326485,10335964,10326485,0,815,815
openb-pod-0816,4000,22888,1,230,,BestEffort,Running,10327751,10328846,10327751,0,816,816
openb-pod-0817,4000,15258,1,320,,BestEffort,Running,10328513,10328846,10328513,0,817,817
openb-pod-0818,3152,5600,1,1000,,BestEffort,Failed,10328589,10328886,10328589,0,818,818
openb-pod-0819,3152,5600,1,1000,,BestEffort,Failed,10329249,10329548,10329249,0,819,819
openb-pod-0820,3152,5600,1,1000,,BestEffort,Failed,10329323,10329645,10329324,0,820,820
openb-pod-0821,12000,15360,1,1000,,LS,Running,10330595,10343616,10330595,0,821,821
openb-pod-0822,3152,5600,1,1000,,BestEffort,Failed,10332019,10332359,10332019,0,822,822
openb-pod-0823,4000,15258,1,220,,BestEffort,Running,10336967,10346005,10336969,0,823,823
openb-pod-0824,6000,12288,1,460,,LS,Running,10337134,10337703,10337134,0,824,824
openb-pod-0825,8000,30517,0,0,,BestEffort,Running,10337702,10364794,10337702,0,825,825
openb-pod-0826,8000,30517,0,0,,BestEffort,Running,10337703,10351349,10337703,0,826,826
openb-pod-0827,8000,30517,0,0,,BestEffort,Running,10337704,10348485,10337705,0,827,827
openb-pod-0828,8000,30517,0,0,,BestEffort,Running,10337720,10364796,10337720,0,828,828
openb-pod-0829,8000,30517,0,0,,BestEffort,Running,10337723,10364789,10337723,0,829,829
openb-pod-0830,8000,30517,0,0,,BestEffort,Running,10337728,10364792,10337728,0,830,830
openb-pod-0831,3152,5600,1,1000,,BestEffort,Failed,10338528,10338723,10338528,0,831,831
openb-pod-0832,16000,32768,1,1000,,LS,Running,10338801,10340168,10338803,0,832,832
openb-pod-0833,11400,48128,1,1000,,LS,Running,10340196,10341266,10340232,0,833,833
openb-pod-0834,3152,5600,1,810,,BestEffort,Failed,10340427,10340573,10340428,0,834,834
openb-pod-0835,6000,18432,1,460,,LS,Running,10341278,10343134,10341279,0,835,835
openb-pod-0836,11400,48128,1,1000,,LS,Pending,10341435,10341505,,0,836,836
openb-pod-0837,11400,48128,1,1000,,LS,Running,10342138,10342408,10342140,0,837,837
openb-pod-0838,3152,5600,1,1000,,BestEffort,Failed,10342211,10342402,10342211,0,838,838
openb-pod-0839,4000,15258,1,320,,BestEffort,Running,10343681,10346005,10343682,0,839,839
openb-pod-0840,11400,48128,1,1000,,LS,Running,10343714,10347642,10343717,0,840,840
openb-pod-0841,11400,48128,1,1000,,LS,Running,10343715,10348187,10343748,0,841,841
openb-pod-0842,3152,5600,1,1000,,BestEffort,Failed,10344030,10344221,10344030,0,842,842
openb-pod-0843,12500,57344,0,0,,LS,Running,10344375,10344757,10344378,0,843,843
openb-pod-0844,12500,57344,0,0,,LS,Running,10344402,10344914,10344437,0,844,844
openb-pod-0845,11400,48128,1,1000,,LS,Running,10344404,10346064,10344438,0,845,845
openb-pod-0846,11400,48128,1,1000,,LS,Running,10344444,10348924,10344447,0,846,846
openb-pod-0847,12500,57344,0,0,,LS,Running,10344553,10344771,10344556,0,847,847
openb-pod-0848,12500,57344,0,0,,LS,Running,10344582,10344804,10344618,0,848,848
openb-pod-0849,4000,15258,1,320,,BestEffort,Running,10344620,10345821,10344620,0,849,849
openb-pod-0850,4000,15258,1,230,,BestEffort,Running,10344645,10345074,10344645,0,850,850
openb-pod-0851,3152,5600,1,1000,,BestEffort,Failed,10345184,10345345,10345184,0,851,851
openb-pod-0852,4000,15258,1,320,,BestEffort,Running,10345822,10346005,10345824,0,852,852
openb-pod-0853,3152,5600,1,810,,BestEffort,Failed,10345859,10348487,10345859,0,853,853
openb-pod-0854,8000,30517,0,0,,BestEffort,Running,10345885,10364858,10345885,0,854,854
openb-pod-0855,11400,48128,1,1000,,LS,Running,10345975,10349537,10346078,0,855,855
openb-pod-0856,16000,32768,1,1000,,LS,Running,10347405,10349010,10347410,0,856,856
openb-pod-0857,3152,5600,1,1000,,BestEffort,Failed,10347728,10347944,10347729,0,857,857
openb-pod-0858,4000,30517,1,320,,BestEffort,Running,10347817,10349913,10347817,0,858,858
openb-pod-0859,12500,57344,0,0,,LS,Running,10347973,10352512,10348010,0,859,859
openb-pod-0860,12500,57344,0,0,,LS,Running,10347977,10348401,10347980,0,860,860
openb-pod-0861,12500,57344,0,0,,LS,Running,10348022,10348250,10348058,0,861,861
openb-pod-0862,18708,64512,1,1000,,LS,Running,10348057,10348249,10348059,0,862,862
openb-pod-0863,3152,5600,1,1000,,BestEffort,Failed,10348094,10348290,10348094,0,863,863
openb-pod-0864,12500,57344,0,0,,LS,Running,10348096,10348740,10348098,0,864,864
openb-pod-0865,12500,57344,0,0,,LS,Running,10348132,10348350,10348168,0,865,865
openb-pod-0866,12000,24576,1,1000,,LS,Running,10348477,10353094,10348477,0,866,866
openb-pod-0867,11908,47104,1,1000,,BestEffort,Pending,10348483,10349083,,0,867,867
openb-pod-0868,12000,24576,1,1000,,LS,Running,10348594,10352705,10348594,0,868,868
openb-pod-0869,18708,64512,1,1000,,LS,Running,10349004,10349623,10349007,0,869,869
openb-pod-0870,12500,57344,0,0,,LS,Running,10349014,10349428,10349049,0,870,870
openb-pod-0871,12500,57344,0,0,,LS,Running,10349068,10350252,10349103,0,871,871
openb-pod-0872,16000,32768,1,1000,,LS,Running,10349201,10350761,10349270,0,872,872
openb-pod-0873,11300,37888,1,1000,,LS,Running,10349365,10353856,10349365,0,873,873
openb-pod-0874,8000,30517,1,470,,BestEffort,Running,10349476,10349854,10349476,0,874,874
openb-pod-0875,4000,22888,1,230,,BestEffort,Running,10349496,10349839,10349496,0,875,875
openb-pod-0876,16000,32768,1,1000,,LS,Running,10349561,10351361,10350184,0,876,876
openb-pod-0877,4152,10600,1,810,,BestEffort,Failed,10349678,10350503,10349679,0,877,877
openb-pod-0878,12500,57344,0,0,,LS,Running,10350125,10353615,10350159,0,878,878
openb-pod-0879,12500,57344,0,0,,LS,Running,10350130,10350743,10350164,0,879,879
openb-pod-0880,12500,57344,0,0,,LS,Running,10350591,10351298,10350593,0,880,880
openb-pod-0881,11908,47104,1,470,,LS,Pending,10350683,10350791,,0,881,881
openb-pod-0882,12500,57344,0,0,,LS,Running,10350733,10350838,10350735,0,882,882
openb-pod-0883,4152,10600,1,550,,BestEffort,Failed,10352281,10352308,10352281,0,883,883
openb-pod-0884,3152,5600,1,1000,,BestEffort,Failed,10352735,10352785,10352736,0,884,884
openb-pod-0885,16500,51200,0,0,,LS,Running,10352776,10354225,10352778,0,885,885
openb-pod-0886,12500,57344,0,0,,LS,Running,10352901,10353792,10352904,0,886,886
openb-pod-0887,12500,57344,0,0,,LS,Running,10352949,10354342,10352985,0,887,887
openb-pod-0888,12500,57344,0,0,,LS,Running,10353010,10353615,10353015,0,888,888
openb-pod-0889,15700,58368,1,1000,,LS,Running,10353158,10356022,10353160,0,889,889
openb-pod-0890,3152,5600,1,810,,BestEffort,Failed,10353265,10359544,10353266,0,890,890
openb-pod-0891,3152,5600,1,810,,BestEffort,Failed,10353271,10353430,10353271,0,891,891
openb-pod-0892,4152,10600,1,810,,BestEffort,Failed,10353550,10354724,10353550,0,892,892
openb-pod-0893,8000,30517,1,470,,BestEffort,Running,10354340,10357895,10354374,0,893,893
openb-pod-0894,3152,5600,1,1000,,BestEffort,Failed,10354524,10354689,10354525,0,894,894
openb-pod-0895,15700,58368,1,1000,,LS,Running,10354755,10354991,10354757,0,895,895
openb-pod-0896,11300,37888,1,1000,,LS,Running,10354939,10356974,10354939,0,896,896
openb-pod-0897,6000,12288,1,460,,LS,Running,10354953,10355493,10354953,0,897,897
openb-pod-0898,3152,5600,1,1000,,BestEffort,Failed,10355046,10355177,10355046,0,898,898
openb-pod-0899,3152,5600,1,1000,,BestEffort,Failed,10355210,10355351,10355210,0,899,899
openb-pod-0900,3152,5600,1,1000,,BestEffort,Failed,10356350,10356499,10356350,0,900,900
openb-pod-0901,3152,5600,1,1000,,BestEffort,Failed,10356972,10357187,10356972,0,901,901
openb-pod-0902,4152,10600,1,550,,BestEffort,Failed,10358451,10358507,10358451,0,902,902
openb-pod-0903,16500,51200,0,0,,LS,Running,10358521,10360868,10358559,0,903,903
openb-pod-0904,3152,5600,1,1000,,BestEffort,Failed,10358810,10359010,10358810,0,904,904
openb-pod-0905,11400,48128,1,1000,,LS,Running,10359007,10360290,10359009,0,905,905
openb-pod-0906,4152,10600,1,550,,BestEffort,Failed,10359031,10359070,10359032,0,906,906
openb-pod-0907,11400,48128,1,1000,,LS,Running,10359296,10359348,10359298,0,907,907
openb-pod-0908,3152,5600,1,810,,BestEffort,Failed,10359591,10359738,10359591,0,908,908
openb-pod-0909,15700,58368,1,1000,,LS,Running,10360992,10364087,10361028,0,909,909
openb-pod-0910,15400,51200,0,0,,LS,Running,10361018,10362461,10361053,0,910,910
openb-pod-0911,11400,48128,1,1000,,LS,Running,10361057,10364297,10361093,0,911,911
openb-pod-0912,3152,5600,1,1000,,BestEffort,Failed,10361087,10361251,10361087,0,912,912
openb-pod-0913,8000,30517,1,470,,BestEffort,Running,10361148,10361351,10361286,0,913,913
openb-pod-0914,9810,41560,1,1000,,LS,Pending,10361537,10361646,,0,914,914
openb-pod-0915,16500,51200,0,0,,LS,Pending,10361669,10361717,,0,915,915
openb-pod-0916,18708,64512,1,1000,,LS,Pending,10361699,10361799,,0,916,916
openb-pod-0917,16500,51200,0,0,,LS,Pending,10361959,10362022,,0,917,917
openb-pod-0918,15400,51200,0,0,,LS,Running,10362004,10362107,10362006,0,918,918
openb-pod-0919,12500,57344,0,0,,LS,Running,10362009,10362283,10362043,0,919,919
openb-pod-0920,15400,51200,0,0,,LS,Pending,10362054,10362131,,0,920,920
openb-pod-0921,11400,48128,1,1000,,LS,Running,10362192,10364297,10362229,0,921,921
openb-pod-0922,3152,5600,1,1000,,BestEffort,Failed,10362242,10362465,10362242,0,922,922
openb-pod-0923,12000,24576,1,1000,,LS,Running,10362464,12005972,10362465,0,923,923
openb-pod-0924,12500,57344,0,0,,LS,Running,10362608,10364521,10362644,0,924,924
openb-pod-0925,4000,15258,1,320,,BestEffort,Running,10362627,10366482,10362627,0,925,925
openb-pod-0926,4152,10600,1,370,,BestEffort,Failed,10363056,10364246,10363057,0,926,926
openb-pod-0927,16500,51200,0,0,,LS,Running,10364477,10365056,10364480,0,927,927
openb-pod-0928,11400,48128,1,1000,,LS,Running,10364499,10379589,10364501,0,928,928
openb-pod-0929,3152,5600,1,1000,,BestEffort,Failed,10365106,10365312,10365106,0,929,929
openb-pod-0930,3152,5600,1,1000,,BestEffort,Failed,10365188,10365386,10365189,0,930,930
openb-pod-0931,16500,51200,0,0,,LS,Running,10365764,10366780,10365800,0,931,931
openb-pod-0932,16500,51200,0,0,,LS,Running,10365812,10366879,10365814,0,932,932
openb-pod-0933,16500,51200,0,0,,LS,Running,10365815,10366832,10365850,0,933,933
openb-pod-0934,3152,5600,1,1000,,BestEffort,Failed,10366402,10366598,10366402,0,934,934
openb-pod-0935,12500,57344,0,0,,LS,Running,10366634,10369277,10366670,0,935,935
openb-pod-0936,8000,16384,1,1000,,LS,Running,10366655,10368755,10366655,0,936,936
openb-pod-0937,8000,16384,1,1000,,LS,Running,10366655,10370856,10366655,0,937,937
openb-pod-0938,12500,57344,0,0,,LS,Running,10366673,10371608,10366675,0,938,938
openb-pod-0939,12500,57344,0,0,,LS,Running,10366675,10369948,10366677,0,939,939
openb-pod-0940,12500,57344,0,0,,LS,Running,10366864,10370276,10366900,0,940,940
openb-pod-0941,3152,5600,1,1000,,BestEffort,Failed,10366923,10367136,10366923,0,941,941
openb-pod-0942,11400,57344,0,0,,LS,Running,10367089,10368088,10367091,0,942,942
openb-pod-0943,12500,57344,0,0,,LS,Running,10367276,10368118,10367278,0,943,943
openb-pod-0944,12500,57344,0,0,,LS,Running,10367461,10367551,10367463,0,944,944
openb-pod-0945,16500,51200,0,0,,LS,Running,10367581,10368320,10367583,0,945,945
openb-pod-0946,11908,47104,1,470,,LS,Running,10368044,10370909,10368046,0,946,946
openb-pod-0947,11400,48128,1,1000,,LS,Running,10368051,10377518,10368085,0,947,947
openb-pod-0948,12500,57344,0,0,,LS,Running,10368169,10369576,10368173,0,948,948
openb-pod-0949,11908,47104,1,1000,,BestEffort,Pending,10368448,10368591,,0,949,949
openb-pod-0950,11908,47104,1,1000,,BestEffort,Pending,10368509,10368707,,0,950,950
openb-pod-0951,16500,51200,0,0,,LS,Running,10368553,10368662,10368586,0,951,951
openb-pod-0952,18708,64512,1,1000,,LS,Running,10368935,10369903,10369111,0,952,952
openb-pod-0953,3152,5600,1,1000,,BestEffort,Failed,10369049,10369245,10369049,0,953,953
openb-pod-0954,15400,51200,0,0,,LS,Running,10369221,10370053,10369256,0,954,954
openb-pod-0955,15400,51200,0,0,,LS,Running,10369226,10369999,10369261,0,955,955
openb-pod-0956,15400,51200,0,0,,LS,Running,10369226,10369752,10369261,0,956,956
openb-pod-0957,11908,47104,1,1000,,BestEffort,Running,10369368,10372286,10369401,0,957,957
openb-pod-0958,3152,5600,1,1000,,BestEffort,Failed,10369381,10369583,10369381,0,958,958
openb-pod-0959,3152,5600,1,1000,,BestEffort,Failed,10369594,10369789,10369594,0,959,959
openb-pod-0960,16500,51200,0,0,,LS,Running,10369742,10372190,10369777,0,960,960
openb-pod-0961,3152,5600,1,810,,BestEffort,Failed,10369814,10369969,10369815,0,961,961
openb-pod-0962,1000,2048,1,140,,BestEffort,Running,10369891,10891551,10369892,0,962,962
openb-pod-0963,16000,65536,1,1000,,LS,Running,10369903,10371766,10370006,0,963,963
openb-pod-0964,16500,51200,0,0,,LS,Running,10370121,10372690,10370156,0,964,964
openb-pod-0965,6000,6144,1,460,,LS,Running,10370192,10370853,10370192,0,965,965
openb-pod-0966,3152,5600,1,810,,BestEffort,Failed,10370195,10370443,10370196,0,966,966
openb-pod-0967,3152,5600,1,810,,BestEffort,Failed,10370418,10370772,10370418,0,967,967
openb-pod-0968,4152,10600,1,810,,BestEffort,Failed,10370444,10370881,10370444,0,968,968
openb-pod-0969,3152,5600,1,810,,BestEffort,Failed,10370779,10370812,10370779,0,969,969
openb-pod-0970,3152,5600,1,810,,BestEffort,Failed,10370813,10370999,10370846,0,970,970
openb-pod-0971,3152,5600,1,810,,BestEffort,Failed,10370815,10374473,10370851,0,971,971
openb-pod-0972,16000,65536,1,1000,,LS,Running,10371165,10372362,10371202,0,972,972
openb-pod-0973,3152,5600,1,1000,,BestEffort,Failed,10371552,10371572,10371553,0,973,973
openb-pod-0974,3152,5600,1,1000,,BestEffort,Failed,10372302,10372308,10372303,0,974,974
openb-pod-0975,4000,24576,1,1000,,LS,Succeeded,10373128,10377242,10373128,0,975,975
openb-pod-0976,3152,5600,1,1000,,BestEffort,Failed,10373910,10374112,10373910,0,976,976
openb-pod-0977,8000,30517,1,470,,BestEffort,Pending,10373991,10374337,,0,977,977
openb-pod-0978,3152,5600,1,1000,,BestEffort,Failed,10374150,10374358,10374151,0,978,978
openb-pod-0979,11908,47104,1,470,,LS,Running,10374297,10375408,10374299,0,979,979
openb-pod-0980,11908,47104,1,1000,,BestEffort,Pending,10374475,10374536,,0,980,980
openb-pod-0981,3152,5600,1,810,,BestEffort,Failed,10374731,10375126,10374732,0,981,981
openb-pod-0982,11908,47104,1,1000,,BestEffort,Running,10374738,10376459,10374774,0,982,982
openb-pod-0983,24200,93184,1,1000,,LS,Failed,10375197,10375314,10375198,0,983,983
openb-pod-0984,3152,5600,1,810,,BestEffort,Failed,10375570,10375724,10375570,0,984,984
openb-pod-0985,11908,47104,1,470,,LS,Running,10375735,10376202,10375737,0,985,985
openb-pod-0986,8000,30517,1,470,,BestEffort,Pending,10375742,10375974,,0,986,986
openb-pod-0987,3152,5600,1,1000,,BestEffort,Failed,10376533,10376650,10376533,0,987,987
openb-pod-0988,3152,5600,1,590,,BestEffort,Failed,10376672,10378594,10376672,0,988,988
openb-pod-0989,3152,5600,1,590,,BestEffort,Failed,10377381,10379083,10377381,0,989,989
openb-pod-0990,24200,93184,1,1000,,LS,Failed,10378015,10394899,10378016,0,990,990
openb-pod-0991,3152,5600,1,1000,,BestEffort,Failed,10378118,10378323,10378118,0,991,991
openb-pod-0992,4152,10600,1,370,,BestEffort,Failed,10378476,10379848,10378476,0,992,992
openb-pod-0993,16500,51200,0,0,,LS,Running,10379019,10397551,10379022,0,993,993
openb-pod-0994,3152,5600,1,1000,,BestEffort,Failed,10379145,10379378,10379146,0,994,994
openb-pod-0995,12000,24576,1,1000,,Burstable,Succeeded,10380337,10384115,10380337,0,995,995
openb-pod-0996,11400,48128,1,1000,,LS,Running,10380823,10392815,10380859,0,996,996
openb-pod-0997,16000,65536,1,1000,,LS,Running,10381421,10393386,10381423,0,997,997
openb-pod-0998,16000,32768,1,1000,,LS,Succeeded,10381988,10385603,10381988,0,998,998
openb-pod-0999,3152,5600,1,1000,,BestEffort,Failed,10382067,10382201,10382067,0,999,999
openb-pod-1000,16500,51200,0,0,,LS,Running,10383004,10399971,10383006,0,1000,1000
openb-pod-1001,8000,30517,1,470,,BestEffort,Running,10383430,10383596,10383533,0,1001,1001
openb-pod-1002,8000,30517,1,470,,BestEffort,Pending,10383454,10383641,,0,1002,1002
openb-pod-1003,3152,5600,1,810,,BestEffort,Running,10383479,10433568,10383479,0,1003,1003
openb-pod-1004,8000,30517,1,470,,BestEffort,Pending,10383807,10387357,,0,1004,1004
openb-pod-1005,4152,10600,1,370,,BestEffort,Failed,10384096,10385261,10384096,0,1005,1005
openb-pod-1006,4152,10600,1,370,,BestEffort,Failed,10384599,10385764,10384599,0,1006,1006
openb-pod-1007,8000,16384,1,1000,,LS,Running,10384661,10386165,10384665,0,1007,1007
openb-pod-1008,8000,16384,1,1000,,LS,Running,10384668,10386177,10384670,0,1008,1008
openb-pod-1009,11400,48128,1,1000,,LS,Running,10387214,10387265,10387216,0,1009,1009
openb-pod-1010,3152,5600,1,1000,,BestEffort,Failed,10387343,10387538,10387343,0,1010,1010
openb-pod-1011,11400,48128,1,1000,,LS,Running,10387422,10399213,10387425,0,1011,1011
openb-pod-1012,4152,10600,1,370,,BestEffort,Failed,10387797,10388961,10387797,0,1012,1012
openb-pod-1013,3152,5600,1,1000,,BestEffort,Failed,10388808,10389003,10388808,0,1013,1013
openb-pod-1014,9810,41560,1,1000,,LS,Pending,10389373,10389404,,0,1014,1014
openb-pod-1015,8000,30517,1,470,,BestEffort,Running,10389446,10389503,10389446,0,1015,1015
openb-pod-1016,8000,30517,1,470,,BestEffort,Running,10390019,10390150,10390085,0,1016,1016
openb-pod-1017,4152,10600,1,550,,BestEffort,Failed,10390460,10390531,10390460,0,1017,1017
openb-pod-1018,4152,10600,1,550,,BestEffort,Failed,10390495,10390522,10390495,0,1018,1018
openb-pod-1019,8000,32768,1,1000,,LS,Running,10390956,10391495,10390958,0,1019,1019
openb-pod-1020,4152,10600,1,550,,BestEffort,Failed,10391797,10391825,10391798,0,1020,1020
openb-pod-1021,8000,16384,1,1000,,LS,Running,10392044,10395821,10392078,0,1021,1021
openb-pod-1022,9810,41560,1,1000,,LS,Running,10392058,10392120,10392062,0,1022,1022
openb-pod-1023,3152,5600,1,810,,BestEffort,Failed,10392193,10392338,10392195,0,1023,1023
openb-pod-1024,12500,57344,0,0,,LS,Pending,10392321,10392379,,0,1024,1024
openb-pod-1025,12500,57344,0,0,,LS,Pending,10392323,10392379,,0,1025,1025
openb-pod-1026,24200,93184,1,1000,,LS,Failed,10392464,10392529,10392464,0,1026,1026
openb-pod-1027,4152,10600,1,550,,BestEffort,Failed,10392524,10392551,10392524,0,1027,1027
openb-pod-1028,12500,57344,0,0,,LS,Running,10392696,10393483,10392698,0,1028,1028
openb-pod-1029,9810,41560,1,1000,,LS,Running,10392972,10393093,10393043,0,1029,1029
openb-pod-1030,12500,57344,0,0,,LS,Running,10393119,10393302,10393123,0,1030,1030
openb-pod-1031,16000,32768,1,1000,,LS,Running,10393303,10402962,10393408,0,1031,1031
openb-pod-1032,16500,51200,0,0,,LS,Running,10393371,10409796,10393404,0,1032,1032
openb-pod-1033,4152,10600,1,550,,BestEffort,Failed,10393490,10393516,10393490,0,1033,1033
openb-pod-1034,4152,10600,1,550,,BestEffort,Failed,10393737,10393767,10393737,0,1034,1034
openb-pod-1035,11400,48128,1,1000,,LS,Running,10394338,10395860,10394374,0,1035,1035
openb-pod-1036,24200,93184,1,1000,,LS,Running,10395111,10403282,10395111,0,1036,1036
openb-pod-1037,16000,32768,1,1000,,LS,Running,10395459,10415615,10395494,0,1037,1037
openb-pod-1038,4152,10600,1,370,,BestEffort,Failed,10395753,10397299,10395753,0,1038,1038
openb-pod-1039,3152,5600,1,1000,,BestEffort,Failed,10395756,10395964,10395756,0,1039,1039
openb-pod-1040,3152,5600,1,1000,,BestEffort,Pending,10395792,10397692,,0,1040,1040
openb-pod-1041,3152,5600,1,810,,BestEffort,Failed,10395807,10395959,10395809,0,1041,1041
openb-pod-1042,3152,5600,1,810,,BestEffort,Failed,10396804,10396953,10396804,0,1042,1042
openb-pod-1043,3152,5600,1,810,,BestEffort,Failed,10397715,10433523,10397716,0,1043,1043
openb-pod-1044,9810,41560,1,1000,,LS,Pending,10397822,10397835,,0,1044,1044
openb-pod-1045,16500,51200,0,0,,LS,Running,10398156,10411026,10398190,0,1045,1045
openb-pod-1046,16500,51200,0,0,,LS,Running,10398158,10411038,10398160,0,1046,1046
openb-pod-1047,3152,5600,1,1000,,BestEffort,Failed,10398305,10398500,10398306,0,1047,1047
openb-pod-1048,9810,41560,1,1000,,LS,Running,10398509,10404560,10398511,0,1048,1048
openb-pod-1049,9810,41560,1,1000,,LS,Running,10398781,10399000,10398955,0,1049,1049
openb-pod-1050,3152,5600,1,1000,,BestEffort,Failed,10399394,10399605,10399395,0,1050,1050
openb-pod-1051,3152,5600,1,1000,,BestEffort,Failed,10399531,10399731,10399531,0,1051,1051
openb-pod-1052,4000,22888,1,110,,BestEffort,Pending,10399951,10399971,,0,1052,1052
openb-pod-1053,18708,64512,1,1000,,LS,Pending,10399989,10400036,,0,1053,1053
openb-pod-1054,4000,22888,1,110,,BestEffort,Pending,10401453,10401462,,0,1054,1054
openb-pod-1055,12000,16384,1,1000,,LS,Running,10401633,10402233,10401633,0,1055,1055
openb-pod-1056,8000,30517,1,470,,BestEffort,Running,10402311,10402348,10402311,0,1056,1056
openb-pod-1057,4000,22888,1,110,,BestEffort,Pending,10402472,10402487,,0,1057,1057
openb-pod-1058,3152,5600,1,1000,,BestEffort,Failed,10402526,10402723,10402526,0,1058,1058
openb-pod-1059,3152,5600,1,1000,,BestEffort,Failed,10402709,10402902,10402709,0,1059,1059
openb-pod-1060,3152,5600,1,1000,,BestEffort,Failed,10402870,10403116,10402870,0,1060,1060
openb-pod-1061,24200,93184,1,1000,,LS,Failed,10403370,10407191,10403371,0,1061,1061
openb-pod-1062,3152,5600,1,1000,,BestEffort,Failed,10403581,10403870,10403581,0,1062,1062
openb-pod-1063,3152,5600,1,1000,,BestEffort,Failed,10403901,10404167,10403901,0,1063,1063
openb-pod-1064,4152,10600,1,550,,BestEffort,Failed,10404065,10404156,10404065,0,1064,1064
openb-pod-1065,4000,22888,1,110,,BestEffort,Running,10405496,10414905,10405496,0,1065,1065
openb-pod-1066,9810,41560,1,1000,,LS,Running,10405820,10409572,10405823,0,1066,1066
openb-pod-1067,4000,15258,1,160,,BestEffort,Running,10406065,10408944,10406065,0,1067,1067
openb-pod-1068,4152,10600,1,370,,BestEffort,Failed,10406217,10407194,10406217,0,1068,1068
openb-pod-1069,4152,10600,1,370,,BestEffort,Failed,10407411,10408387,10407411,0,1069,1069
openb-pod-1070,3152,5600,1,1000,,BestEffort,Failed,10408533,10408747,10408533,0,1070,1070
openb-pod-1071,3152,5600,1,1000,,BestEffort,Failed,10408945,10409155,10408945,0,1071,1071
openb-pod-1072,12000,24576,1,1000,,LS,Running,10409135,10424496,10409135,0,1072,1072
openb-pod-1073,4152,10600,1,550,,BestEffort,Failed,10409788,10409842,10409788,0,1073,1073
openb-pod-1074,18708,64512,1,1000,,LS,Running,10409812,10410119,10409848,0,1074,1074
openb-pod-1075,4000,22888,1,230,,BestEffort,Pending,10409844,10409859,,0,1075,1075
openb-pod-1076,3152,5600,1,1000,,BestEffort,Failed,10410605,10410922,10410605,0,1076,1076
openb-pod-1077,8000,16384,1,1000,,LS,Running,10410767,10417960,10410769,0,1077,1077
openb-pod-1078,16000,32768,1,1000,,LS,Running,10410937,10414373,10410939,0,1078,1078
openb-pod-1079,16000,32768,1,1000,,LS,Running,10412019,10413788,10412022,0,1079,1079
openb-pod-1080,3152,5600,1,1000,,BestEffort,Failed,10412233,10412342,10412233,0,1080,1080
openb-pod-1081,3152,5600,1,1000,,BestEffort,Failed,10414545,10414833,10414546,0,1081,1081
openb-pod-1082,15700,58368,1,1000,,LS,Running,10416283,10418277,10416319,0,1082,1082
openb-pod-1083,15700,58368,1,1000,,LS,Running,10418049,10420150,10418085,0,1083,1083
openb-pod-1084,8000,16384,1,1000,,LS,Running,10418677,10420371,10418679,0,1084,1084
openb-pod-1085,3152,5600,1,1000,,BestEffort,Failed,10419148,10419344,10419148,0,1085,1085
openb-pod-1086,16500,51200,0,0,,LS,Running,10419857,10444424,10419890,0,1086,1086
openb-pod-1087,3152,5600,1,1000,,BestEffort,Failed,10419916,10423961,10419916,0,1087,1087
openb-pod-1088,12000,16384,1,1000,,LS,Running,10420053,10426054,10420053,0,1088,1088
openb-pod-1089,3152,5600,1,1000,,BestEffort,Failed,10421819,10422014,10421819,0,1089,1089
openb-pod-1090,6000,6144,1,460,,LS,Running,10422335,10422933,10422336,0,1090,1090
openb-pod-1091,15700,58368,1,1000,,LS,Running,10422609,10424880,10422646,0,1091,1091
openb-pod-1092,6000,12288,1,460,,LS,Running,10423053,10424074,10423053,0,1092,1092
openb-pod-1093,3152,5600,1,1000,,BestEffort,Failed,10423312,10423527,10423312,0,1093,1093
openb-pod-1094,8000,30517,0,0,,BestEffort,Running,10424039,10433248,10424039,0,1094,1094
openb-pod-1095,8000,30517,0,0,,BestEffort,Running,10424040,10442475,10424040,0,1095,1095
openb-pod-1096,8000,30517,0,0,,BestEffort,Running,10424046,10442472,10424046,0,1096,1096
openb-pod-1097,8000,30517,0,0,,BestEffort,Running,10424050,10442475,10424050,0,1097,1097
openb-pod-1098,3152,5600,1,1000,,BestEffort,Failed,10424998,10425572,10424998,0,1098,1098
openb-pod-1099,24200,93184,1,1000,,LS,Failed,10426697,10432787,10426697,0,1099,1099
openb-pod-1100,3152,5600,1,1000,,BestEffort,Failed,10426770,10426980,10426770,0,1100,1100
openb-pod-1101,16500,51200,0,0,,LS,Running,10427770,10432843,10427806,0,1101,1101
openb-pod-1102,4000,24576,1,1000,,LS,Succeeded,10429667,10433603,10429667,0,1102,1102
openb-pod-1103,4152,10600,1,550,,BestEffort,Failed,10429978,10430007,10429978,0,1103,1103
openb-pod-1104,3152,5600,1,1000,,BestEffort,Failed,10430148,10430317,10430149,0,1104,1104
openb-pod-1105,3152,5600,1,1000,,BestEffort,Failed,10430353,10430517,10430353,0,1105,1105
openb-pod-1106,4000,22888,1,110,,BestEffort,Pending,10430750,10430760,,0,1106,1106
openb-pod-1107,24200,93184,1,1000,,LS,Failed,10430809,10430861,10430809,0,1107,1107
openb-pod-1108,4000,24576,1,1000,,LS,Succeeded,10430841,10435115,10430842,0,1108,1108
openb-pod-1109,3152,5600,1,1000,,BestEffort,Failed,10430899,10431094,10430899,0,1109,1109
openb-pod-1110,4152,10600,1,550,,BestEffort,Failed,10431794,10431823,10431794,0,1110,1110
openb-pod-1111,3152,5600,1,1000,,BestEffort,Failed,10432303,10432514,10432303,0,1111,1111
openb-pod-1112,3152,5600,1,1000,,BestEffort,Failed,10432317,10432508,10432317,0,1112,1112
openb-pod-1113,11908,47104,1,470,,LS,Pending,10432655,10432693,,0,1113,1113
openb-pod-1114,11908,47104,1,1000,,BestEffort,Pending,10432658,10432694,,0,1114,1114
openb-pod-1115,4000,22888,1,230,,BestEffort,Running,10432820,10433019,10432820,0,1115,1115
openb-pod-1116,11908,47104,1,470,,LS,Running,10432946,10434215,10432979,0,1116,1116
openb-pod-1117,3152,5600,1,1000,,BestEffort,Failed,10433225,10433253,10433226,0,1117,1117
openb-pod-1118,4000,22888,1,320,,BestEffort,Pending,10433504,10433509,,0,1118,1118
openb-pod-1119,3152,5600,1,810,,BestEffort,Failed,10433505,10436422,10433505,0,1119,1119
openb-pod-1120,4152,10600,1,550,,BestEffort,Failed,10433553,10433604,10433553,0,1120,1120
openb-pod-1121,3152,5600,1,810,,BestEffort,Failed,10433611,10433755,10433611,0,1121,1121
openb-pod-1122,11908,47104,1,470,,LS,Running,10433709,10434184,10433744,0,1122,1122
openb-pod-1123,11908,47104,1,1000,,BestEffort,Running,10433799,10434129,10433867,0,1123,1123
openb-pod-1124,4000,22888,1,480,,BestEffort,Running,10433959,10434090,10433959,0,1124,1124
openb-pod-1125,6000,18432,1,460,,LS,Running,10434155,10483654,10434156,0,1125,1125
openb-pod-1126,3152,5600,1,1000,,BestEffort,Failed,10434472,10434618,10434472,0,1126,1126
openb-pod-1127,11908,47104,1,1000,,BestEffort,Running,10434545,10434916,10434547,0,1127,1127
openb-pod-1128,11908,47104,1,1000,,BestEffort,Running,10434573,10434765,10434575,0,1128,1128
openb-pod-1129,3152,5600,1,810,,BestEffort,Pending,10434623,10434627,,0,1129,1129
openb-pod-1130,3152,5600,1,810,,BestEffort,Failed,10434999,10436464,10434999,0,1130,1130
openb-pod-1131,16500,51200,0,0,,LS,Running,10435326,10439860,10435360,0,1131,1131
openb-pod-1132,11400,48128,1,1000,,LS,Running,10435374,10436893,10435410,0,1132,1132
openb-pod-1133,8000,16384,1,1000,,LS,Running,10435598,10437160,10435600,0,1133,1133
openb-pod-1134,9810,41560,1,1000,,LS,Running,10435669,10439431,10435671,0,1134,1134
openb-pod-1135,9810,41560,1,1000,,LS,Running,10436334,10440117,10436370,0,1135,1135
openb-pod-1136,11908,47104,1,1000,,BestEffort,Running,10436385,10436630,10436388,0,1136,1136
openb-pod-1137,4000,22888,1,320,,BestEffort,Running,10436392,10437848,10436392,0,1137,1137
openb-pod-1138,8000,30517,0,0,,BestEffort,Running,10436392,10437154,10436392,0,1138,1138
openb-pod-1139,11908,47104,1,1000,,BestEffort,Running,10436424,10436528,10436493,0,1139,1139
openb-pod-1140,3152,5600,1,810,,BestEffort,Failed,10436454,10437569,10436521,0,1140,1140
openb-pod-1141,4152,10600,1,370,,BestEffort,Failed,10436461,10437692,10436462,0,1141,1141
openb-pod-1142,4000,22888,1,320,,BestEffort,Running,10436556,10437569,10436556,0,1142,1142
openb-pod-1143,3152,5600,1,1000,,BestEffort,Failed,10436721,10436908,10436721,0,1143,1143
openb-pod-1144,4152,10600,1,270,,BestEffort,Failed,10437388,10443898,10437388,0,1144,1144
openb-pod-1145,3152,5600,1,810,,BestEffort,Failed,10437520,10439957,10437521,0,1145,1145
openb-pod-1146,3152,5600,1,810,,BestEffort,Failed,10437771,10438037,10437771,0,1146,1146
openb-pod-1147,8000,30517,1,470,,BestEffort,Running,10437793,10437898,10437861,0,1147,1147
openb-pod-1148,12000,15360,1,1000,,LS,Running,10438117,10450476,10438118,0,1148,1148
openb-pod-1149,3152,5600,1,1000,,BestEffort,Failed,10438120,10438262,10438120,0,1149,1149
openb-pod-1150,3152,5600,1,810,,BestEffort,Failed,10438490,10438555,10438490,0,1150,1150
openb-pod-1151,11908,47104,1,1000,,BestEffort,Running,10438646,10440511,10438683,0,1151,1151
openb-pod-1152,4000,22888,1,110,,BestEffort,Pending,10438723,10438731,,0,1152,1152
openb-pod-1153,9810,41560,1,1000,,LS,Running,10438828,10444636,10438896,0,1153,1153
openb-pod-1154,9810,41560,1,1000,,LS,Running,10438984,10444622,10438988,0,1154,1154
openb-pod-1155,3152,5600,1,810,,BestEffort,Failed,10439238,10451688,10439239,0,1155,1155
openb-pod-1156,11908,47104,1,1000,,BestEffort,Running,10439500,10439615,10439570,0,1156,1156
openb-pod-1157,3152,5600,1,810,,BestEffort,Pending,10439568,10439571,,0,1157,1157
openb-pod-1158,4152,10600,1,550,,BestEffort,Failed,10439612,10439662,10439612,0,1158,1158
openb-pod-1159,8000,30517,1,470,,BestEffort,Pending,10439633,10440876,,0,1159,1159
openb-pod-1160,3152,5600,1,810,,BestEffort,Failed,10439715,10439869,10439715,0,1160,1160
openb-pod-1161,3152,5600,1,810,,BestEffort,Failed,10439780,10439929,10439782,0,1161,1161
openb-pod-1162,3152,5600,1,810,,BestEffort,Failed,10440062,10440130,10440062,0,1162,1162
openb-pod-1163,4000,22888,1,110,,BestEffort,Pending,10440068,10440179,,0,1163,1163
openb-pod-1164,3152,5600,1,810,,BestEffort,Failed,10440135,10440347,10440167,0,1164,1164
openb-pod-1165,3152,5600,1,1000,,BestEffort,Failed,10440474,10440648,10440475,0,1165,1165
openb-pod-1166,9810,41560,1,1000,,LS,Running,10441228,10445014,10441261,0,1166,1166
openb-pod-1167,4152,10600,1,550,,BestEffort,Failed,10441289,10441319,10441290,0,1167,1167
openb-pod-1168,3152,5600,1,1000,,BestEffort,Failed,10441620,10441781,10441620,0,1168,1168
openb-pod-1169,8000,30517,1,470,,BestEffort,Pending,10441937,10442045,,0,1169,1169
openb-pod-1170,15700,58368,1,1000,,LS,Running,10442134,10444664,10442136,0,1170,1170
openb-pod-1171,16500,51200,0,0,,LS,Running,10442271,10457092,10442273,0,1171,1171
openb-pod-1172,4152,10600,1,370,,BestEffort,Failed,10443884,10445075,10443884,0,1172,1172
openb-pod-1173,3152,5600,1,1000,,BestEffort,Failed,10444492,10444702,10444492,0,1173,1173
openb-pod-1174,4152,10600,1,550,,BestEffort,Failed,10445046,10445075,10445046,0,1174,1174
openb-pod-1175,4152,10600,1,810,,BestEffort,Failed,10445431,10446598,10445431,0,1175,1175
openb-pod-1176,32000,49152,0,0,,BestEffort,Running,10445440,10445591,10445447,0,1176,1176
openb-pod-1177,8000,30517,1,470,,BestEffort,Running,10445790,10446642,10445858,0,1177,1177
openb-pod-1178,32000,49152,0,0,,BestEffort,Running,10446016,10446166,10446018,0,1178,1178
openb-pod-1179,4152,10600,1,370,,BestEffort,Failed,10446760,10447927,10446760,0,1179,1179
openb-pod-1180,8000,32768,1,1000,,LS,Running,10447116,10448915,10447227,0,1180,1180
openb-pod-1181,4152,10600,1,810,,BestEffort,Failed,10447525,10455319,10447525,0,1181,1181
openb-pod-1182,15700,58368,1,1000,,LS,Running,10448041,10450497,10448073,0,1182,1182
openb-pod-1183,24200,93184,1,1000,,LS,Failed,10448097,10448233,10448097,0,1183,1183
openb-pod-1184,11400,48128,1,1000,,LS,Pending,10448336,10448445,,0,1184,1184
openb-pod-1185,11400,48128,1,1000,,LS,Running,10448391,10448899,10448393,0,1185,1185
openb-pod-1186,8000,30517,1,470,,BestEffort,Running,10448437,10448715,10448643,0,1186,1186
openb-pod-1187,9810,41560,1,1000,,LS,Running,10449254,10449451,10449289,0,1187,1187
openb-pod-1188,3152,5600,1,1000,,BestEffort,Failed,10450158,10450364,10450158,0,1188,1188
openb-pod-1189,4152,10600,1,550,,BestEffort,Failed,10450228,10450268,10450228,0,1189,1189
openb-pod-1190,8000,32768,1,1000,,LS,Running,10450358,10451615,10450360,0,1190,1190
openb-pod-1191,3152,5600,1,1000,,BestEffort,Failed,10450512,10450691,10450514,0,1191,1191
openb-pod-1192,4000,22888,1,320,,BestEffort,Running,10450689,10458133,10450690,0,1192,1192
openb-pod-1193,16500,51200,0,0,,LS,Running,10451105,10464849,10451141,0,1193,1193
openb-pod-1194,12500,57344,0,0,,LS,Running,10451338,10452300,10451375,0,1194,1194
openb-pod-1195,4000,31250,1,1000,,LS,Running,10451453,10454729,10451453,0,1195,1195
openb-pod-1196,12500,57344,0,0,,LS,Running,10451457,10451757,10451459,0,1196,1196
openb-pod-1197,12500,57344,0,0,,LS,Running,10451465,10451700,10451468,0,1197,1197
openb-pod-1198,12500,57344,0,0,,LS,Running,10451527,10451784,10451560,0,1198,1198
openb-pod-1199,18708,64512,1,1000,,LS,Running,10451555,10451757,10451590,0,1199,1199
openb-pod-1200,18708,64512,1,1000,,LS,Pending,10451558,10451650,,0,1200,1200
openb-pod-1201,4152,10600,1,550,,BestEffort,Failed,10453342,10453395,10453343,0,1201,1201
openb-pod-1202,3152,5600,1,1000,,BestEffort,Failed,10453495,10453715,10453495,0,1202,1202
openb-pod-1203,8000,30517,0,0,,BestEffort,Running,10453755,10453936,10453756,0,1203,1203
openb-pod-1204,12500,57344,0,0,,LS,Running,10453760,10453999,10453795,0,1204,1204
openb-pod-1205,3152,5600,1,810,,BestEffort,Failed,10453993,10454196,10453993,0,1205,1205
openb-pod-1206,3152,5600,1,1000,,BestEffort,Failed,10454461,10454748,10454461,0,1206,1206
openb-pod-1207,24200,93184,1,1000,,LS,Failed,10454537,10457440,10454537,0,1207,1207
openb-pod-1208,11908,47104,1,470,,LS,Running,10454850,10454940,10454886,0,1208,1208
openb-pod-1209,11908,47104,1,650,,LS,Running,10455001,10455648,10455038,0,1209,1209
openb-pod-1210,11908,47104,1,650,,LS,Running,10455086,10455696,10455121,0,1210,1210
openb-pod-1211,11908,47104,1,1000,,BestEffort,Pending,10455319,10455376,,0,1211,1211
openb-pod-1212,3152,5600,1,1000,,BestEffort,Failed,10456111,10456304,10456111,0,1212,1212
openb-pod-1213,4000,31250,1,1000,,LS,Running,10456381,10460632,10456381,0,1213,1213
openb-pod-1214,4152,10600,1,370,,BestEffort,Failed,10457497,10458943,10457497,0,1214,1214
openb-pod-1215,3152,5600,1,590,,BestEffort,Pending,10457751,10457754,,0,1215,1215
openb-pod-1216,15700,58368,1,1000,,LS,Pending,10457759,10457792,,0,1216,1216
openb-pod-1217,8000,30517,1,470,,BestEffort,Running,10458105,10458224,10458170,0,1217,1217
openb-pod-1218,3152,5600,1,1000,,BestEffort,Failed,10458138,10458315,10458138,0,1218,1218
openb-pod-1219,3152,5600,1,1000,,BestEffort,Failed,10459348,10459548,10459348,0,1219,1219
openb-pod-1220,3152,5600,1,1000,,BestEffort,Failed,10459465,10459620,10459465,0,1220,1220
openb-pod-1221,8000,32768,1,1000,,LS,Running,10459596,10460799,10459598,0,1221,1221
openb-pod-1222,8000,32768,1,1000,,LS,Running,10460075,10462416,10460077,0,1222,1222
openb-pod-1223,4152,10600,1,550,,BestEffort,Failed,10460640,10460667,10460640,0,1223,1223
openb-pod-1224,9810,41560,1,1000,,LS,Running,10462043,10462239,10462078,0,1224,1224
openb-pod-1225,15700,58368,1,1000,,LS,Pending,10462298,10462335,,0,1225,1225
openb-pod-1226,4152,10600,1,550,,BestEffort,Failed,10462484,10462532,10462484,0,1226,1226
openb-pod-1227,12500,57344,0,0,,LS,Running,10462683,10462787,10462718,0,1227,1227
openb-pod-1228,12500,57344,0,0,,LS,Running,10462689,10463206,10462692,0,1228,1228
openb-pod-1229,12500,57344,0,0,,LS,Running,10462806,10463205,10462808,0,1229,1229
openb-pod-1230,11908,47104,1,470,,LS,Pending,10462875,10462996,,0,1230,1230
openb-pod-1231,8000,16384,1,1000,,LS,Running,10463316,10463860,10463318,0,1231,1231
openb-pod-1232,8000,16384,1,1000,,LS,Running,10463316,10464218,10463318,0,1232,1232
openb-pod-1233,12000,24576,1,1000,,LS,Succeeded,10463437,10473274,10463438,0,1233,1233
openb-pod-1234,3152,5600,1,1000,,BestEffort,Failed,10463704,10463845,10463704,0,1234,1234
openb-pod-1235,24200,93184,1,1000,,LS,Failed,10463934,10463989,10463934,0,1235,1235
openb-pod-1236,3152,5600,1,1000,,BestEffort,Failed,10464624,10464746,10464624,0,1236,1236
openb-pod-1237,4152,10600,1,550,,BestEffort,Failed,10464849,10464909,10464849,0,1237,1237
openb-pod-1238,4152,10600,1,550,,BestEffort,Failed,10464987,10465015,10464987,0,1238,1238
openb-pod-1239,3152,5600,1,1000,,BestEffort,Failed,10465750,10465884,10465750,0,1239,1239
openb-pod-1240,3152,5600,1,1000,,BestEffort,Failed,10465976,10466114,10465976,0,1240,1240
openb-pod-1241,4152,10600,1,550,,BestEffort,Failed,10467648,10467675,10467649,0,1241,1241
openb-pod-1242,4152,10600,1,370,,BestEffort,Failed,10467853,10469018,10467853,0,1242,1242
openb-pod-1243,3152,5600,1,1000,,BestEffort,Failed,10468064,10468173,10468064,0,1243,1243
openb-pod-1244,32000,49152,0,0,,BestEffort,Running,10468357,10468501,10468359,0,1244,1244
openb-pod-1245,3152,5600,1,1000,,BestEffort,Failed,10468877,10468992,10468877,0,1245,1245
openb-pod-1246,12500,57344,0,0,,LS,Running,10468879,10468993,10468881,0,1246,1246
openb-pod-1247,32000,49152,0,0,,BestEffort,Running,10468928,10469083,10468935,0,1247,1247
openb-pod-1248,32000,49152,0,0,,BestEffort,Running,10468928,10469083,10468936,0,1248,1248
openb-pod-1249,12500,57344,0,0,,LS,Running,10468950,10469029,10468952,0,1249,1249
openb-pod-1250,3152,5600,1,1000,,BestEffort,Failed,10469205,10469313,10469205,0,1250,1250
openb-pod-1251,3152,5600,1,1000,,BestEffort,Failed,10469867,10470000,10469867,0,1251,1251
openb-pod-1252,4000,24576,1,1000,,LS,Succeeded,10470372,10474817,10470372,0,1252,1252
openb-pod-1253,4152,10600,1,550,,BestEffort,Failed,10471323,10471349,10471323,0,1253,1253
openb-pod-1254,3152,5600,1,1000,,BestEffort,Failed,10471828,10471946,10471828,0,1254,1254
openb-pod-1255,3152,5600,1,1000,,BestEffort,Failed,10472083,10472220,10472083,0,1255,1255
openb-pod-1256,3152,5600,1,1000,,BestEffort,Failed,10473680,10473817,10473680,0,1256,1256
openb-pod-1257,24200,93184,1,1000,,LS,Failed,10475310,10475773,10475310,0,1257,1257
openb-pod-1258,3152,5600,1,1000,,BestEffort,Failed,10476444,10476589,10476444,0,1258,1258
openb-pod-1259,15700,58368,1,1000,,LS,Running,10476744,10478896,10476777,0,1259,1259
openb-pod-1260,3152,5600,1,1000,,BestEffort,Failed,10477956,10478151,10477957,0,1260,1260
openb-pod-1261,3152,5600,1,1000,,BestEffort,Failed,10478057,10478174,10478057,0,1261,1261
openb-pod-1262,3152,5600,1,1000,,BestEffort,Failed,10479249,10479419,10479249,0,1262,1262
openb-pod-1263,24200,93184,1,1000,,LS,Running,10479784,10485329,10479784,0,1263,1263
openb-pod-1264,3152,5600,1,590,,BestEffort,Running,10481045,10486802,10481045,0,1264,1264
openb-pod-1265,24200,93184,1,1000,,LS,Running,10481242,10486109,10481242,0,1265,1265
openb-pod-1266,15700,58368,1,1000,,LS,Running,10481454,10483498,10481456,0,1266,1266
openb-pod-1267,16500,51200,0,0,,LS,Running,10484454,10496400,10484492,0,1267,1267
openb-pod-1268,16500,51200,0,0,,LS,Running,10484455,10489284,10484458,0,1268,1268
openb-pod-1269,16500,51200,0,0,,LS,Running,10484476,10486268,10484509,0,1269,1269
openb-pod-1270,4152,10600,1,550,,BestEffort,Failed,10484491,10484545,10484491,0,1270,1270
openb-pod-1271,15700,58368,1,1000,,LS,Pending,10484555,10484680,,0,1271,1271
openb-pod-1272,3152,5600,1,1000,,BestEffort,Failed,10484743,10484950,10484743,0,1272,1272
openb-pod-1273,3152,5600,1,1000,,BestEffort,Failed,10486042,10486298,10486042,0,1273,1273
openb-pod-1274,18708,64512,1,1000,,LS,Running,10486687,10487257,10486720,0,1274,1274
openb-pod-1275,3152,5600,1,810,,BestEffort,Failed,10486808,10486954,10486808,0,1275,1275
openb-pod-1276,3152,5600,1,810,,BestEffort,Failed,10486962,10487114,10486962,0,1276,1276
openb-pod-1277,16500,51200,0,0,,LS,Running,10487601,10490937,10487635,0,1277,1277
openb-pod-1278,6000,22888,1,110,,BestEffort,Running,10488913,10511637,10488913,0,1278,1278
openb-pod-1279,3152,5600,1,1000,,BestEffort,Failed,10489639,10489897,10489639,0,1279,1279
openb-pod-1280,16500,51200,0,0,,LS,Running,10490091,10497678,10490126,0,1280,1280
openb-pod-1281,16000,32768,1,1000,,LS,Succeeded,10490573,10494191,10490573,0,1281,1281
openb-pod-1282,3152,5600,1,1000,,BestEffort,Failed,10490608,10491121,10490608,0,1282,1282
openb-pod-1283,18708,64512,1,1000,,LS,Pending,10491467,10491505,,0,1283,1283
openb-pod-1284,32000,49152,0,0,,BestEffort,Running,10491684,10491832,10491686,0,1284,1284
openb-pod-1285,4000,22888,1,320,,BestEffort,Running,10491859,10517418,10491859,0,1285,1285
openb-pod-1286,3152,5600,1,1000,,BestEffort,Failed,10492028,10492300,10492028,0,1286,1286
openb-pod-1287,3152,5600,1,1000,,BestEffort,Failed,10492770,10492992,10492770,0,1287,1287
openb-pod-1288,32000,49152,0,0,,BestEffort,Running,10492842,10492993,10492850,0,1288,1288
openb-pod-1289,32000,49152,0,0,,BestEffort,Running,10492842,10492992,10492850,0,1289,1289
openb-pod-1290,15700,58368,1,1000,,LS,Running,10493831,10496407,10493834,0,1290,1290
openb-pod-1291,16500,51200,0,0,,LS,Running,10493917,10498769,10493951,0,1291,1291
openb-pod-1292,3152,5600,1,1000,,BestEffort,Failed,10494652,10494956,10494652,0,1292,1292
openb-pod-1293,3152,5600,1,1000,,BestEffort,Failed,10494733,10495059,10494733,0,1293,1293
openb-pod-1294,3152,5600,1,1000,,BestEffort,Failed,10495559,10495856,10495560,0,1294,1294
openb-pod-1295,12000,24576,1,1000,,LS,Running,10495656,10508075,10495656,0,1295,1295
openb-pod-1296,16500,51200,0,0,,LS,Running,10495959,10497989,10495962,0,1296,1296
openb-pod-1297,3152,5600,1,1000,,BestEffort,Failed,10496603,10496938,10496604,0,1297,1297
openb-pod-1298,16500,51200,0,0,,LS,Running,10496760,10503375,10496762,0,1298,1298
openb-pod-1299,15700,58368,1,1000,,LS,Running,10496918,10499246,10496952,0,1299,1299
openb-pod-1300,15700,58368,1,1000,,LS,Running,10496935,10499102,10496972,0,1300,1300
openb-pod-1301,18708,64512,1,1000,,LS,Running,10497137,10497223,10497172,0,1301,1301
openb-pod-1302,3152,5600,1,810,,BestEffort,Failed,10497843,10497987,10497843,0,1302,1302
openb-pod-1303,18708,64512,1,1000,,LS,Running,10498252,10498826,10498287,0,1303,1303
openb-pod-1304,18708,64512,1,1000,,LS,Running,10498879,10498950,10498912,0,1304,1304
openb-pod-1305,3152,5600,1,1000,,BestEffort,Failed,10498922,10499118,10498922,0,1305,1305
openb-pod-1306,12000,16384,1,1000,,LS,Running,10499073,10499613,10499073,0,1306,1306
openb-pod-1307,3152,5600,1,1000,,BestEffort,Failed,10500430,10500624,10500430,0,1307,1307
openb-pod-1308,15700,58368,1,1000,,LS,Running,10501135,10503218,10501168,0,1308,1308
openb-pod-1309,6000,8192,1,460,,LS,Running,10502555,10567053,10502555,0,1309,1309
openb-pod-1310,15700,58368,1,1000,,LS,Running,10502722,10505004,10502724,0,1310,1310
openb-pod-1311,3152,5600,1,1000,,BestEffort,Failed,10503163,10503374,10503163,0,1311,1311
openb-pod-1312,16500,51200,0,0,,LS,Running,10503669,10507722,10503704,0,1312,1312
openb-pod-1313,16500,51200,0,0,,LS,Running,10504051,10508846,10504053,0,1313,1313
openb-pod-1314,16500,51200,0,0,,LS,Running,10505099,10517166,10505135,0,1314,1314
openb-pod-1315,3152,5600,1,1000,,BestEffort,Failed,10505913,10506119,10505913,0,1315,1315
openb-pod-1316,16500,51200,0,0,,LS,Running,10506246,10510670,10506280,0,1316,1316
openb-pod-1317,3152,5600,1,1000,,BestEffort,Failed,10506463,10506750,10506464,0,1317,1317
openb-pod-1318,4152,10600,1,550,,BestEffort,Failed,10507448,10507511,10507448,0,1318,1318
openb-pod-1319,3152,5600,1,1000,,BestEffort,Failed,10507735,10507956,10507735,0,1319,1319
openb-pod-1320,8000,30517,0,0,,BestEffort,Running,10510432,10525995,10510432,0,1320,1320
openb-pod-1321,8000,30517,0,0,,BestEffort,Running,10510433,10526056,10510435,0,1321,1321
openb-pod-1322,8000,30517,0,0,,BestEffort,Running,10510443,10525997,10510444,0,1322,1322
openb-pod-1323,18708,64512,1,1000,,LS,Running,10512265,10512352,10512301,0,1323,1323
openb-pod-1324,15700,58368,1,1000,,LS,Running,10512454,10514612,10512491,0,1324,1324
openb-pod-1325,4152,10600,1,550,,BestEffort,Failed,10512819,10512872,10512819,0,1325,1325
openb-pod-1326,6000,12288,1,460,,LS,Running,10513293,10513833,10513293,0,1326,1326
openb-pod-1327,8000,16384,1,1000,,LS,Running,10513355,10519055,10513356,0,1327,1327
openb-pod-1328,15700,58368,1,1000,,LS,Running,10513654,10515752,10513686,0,1328,1328
openb-pod-1329,3152,5600,1,1000,,BestEffort,Failed,10513771,10513989,10513771,0,1329,1329
openb-pod-1330,12000,24576,1,1000,,LS,Running,10514256,10516895,10514256,0,1330,1330
openb-pod-1331,16500,51200,0,0,,LS,Running,10514908,10516275,10514910,0,1331,1331
openb-pod-1332,32000,49152,0,0,,BestEffort,Running,10515018,10515171,10515021,0,1332,1332
openb-pod-1333,16500,51200,0,0,,LS,Running,10515072,10516505,10515107,0,1333,1333
openb-pod-1334,3152,5600,1,1000,,BestEffort,Failed,10515810,10515974,10515810,0,1334,1334
openb-pod-1335,32000,49152,0,0,,BestEffort,Running,10516174,10516325,10516176,0,1335,1335
openb-pod-1336,3152,5600,1,1000,,BestEffort,Failed,10516183,10516381,10516183,0,1336,1336
openb-pod-1337,4152,10600,1,550,,BestEffort,Failed,10516262,10516300,10516262,0,1337,1337
openb-pod-1338,12000,16384,1,1000,,LS,Running,10516533,10517073,10516533,0,1338,1338
openb-pod-1339,12000,16384,1,1000,,LS,Running,10517376,10521036,10517376,0,1339,1339
openb-pod-1340,12000,16384,1,1000,,LS,Running,10519357,10520857,10519357,0,1340,1340
openb-pod-1341,3152,5600,1,1000,,BestEffort,Failed,10519631,10519801,10519631,0,1341,1341
openb-pod-1342,11908,47104,1,650,,LS,Running,10520784,10521621,10520786,0,1342,1342
openb-pod-1343,16000,65536,1,1000,,LS,Running,10520922,10522365,10520924,0,1343,1343
openb-pod-1344,11908,47104,1,470,,LS,Running,10521219,10522104,10521253,0,1344,1344
openb-pod-1345,6000,6144,1,460,,LS,Running,10521993,10522533,10521993,0,1345,1345
openb-pod-1346,4000,22888,1,320,,BestEffort,Running,10522531,10523290,10522531,0,1346,1346
openb-pod-1347,4000,22888,1,230,,BestEffort,Running,10522531,10523290,10522531,0,1347,1347
openb-pod-1348,18708,64512,1,1000,,LS,Running,10524137,10524778,10524173,0,1348,1348
openb-pod-1349,18708,64512,1,1000,,LS,Running,10524173,10524765,10524175,0,1349,1349
openb-pod-1350,12500,57344,0,0,,LS,Pending,10524257,10524328,,0,1350,1350
openb-pod-1351,3152,5600,1,1000,,BestEffort,Failed,10524601,10524793,10524601,0,1351,1351
openb-pod-1352,3152,5600,1,1000,,BestEffort,Failed,10524836,10524994,10524836,0,1352,1352
openb-pod-1353,3152,5600,1,1000,,BestEffort,Failed,10525900,10526028,10525900,0,1353,1353
openb-pod-1354,3152,5600,1,1000,,BestEffort,Failed,10527174,10527309,10527174,0,1354,1354
openb-pod-1355,3152,5600,1,1000,,BestEffort,Failed,10527596,10527718,10527596,0,1355,1355
openb-pod-1356,3152,5600,1,1000,,BestEffort,Failed,10527655,10527785,10527656,0,1356,1356
openb-pod-1357,16000,32768,1,1000,,LS,Succeeded,10527776,10531419,10527776,0,1357,1357
openb-pod-1358,3152,5600,1,1000,,BestEffort,Failed,10529173,10529289,10529173,0,1358,1358
openb-pod-1359,3152,5600,1,1000,,BestEffort,Failed,10529225,10529367,10529225,0,1359,1359
openb-pod-1360,3152,5600,1,1000,,BestEffort,Failed,10529568,10529709,10529568,0,1360,1360
openb-pod-1361,18708,64512,1,1000,,LS,Running,10530340,10532478,10530375,0,1361,1361
openb-pod-1362,18708,64512,1,1000,,LS,Running,10530341,10534178,10530344,0,1362,1362
openb-pod-1363,12500,57344,0,0,,LS,Running,10530620,10533028,10530655,0,1363,1363
openb-pod-1364,3152,5600,1,1000,,BestEffort,Failed,10530828,10531027,10530829,0,1364,1364
openb-pod-1365,3152,5600,1,1000,,BestEffort,Failed,10531182,10531310,10531182,0,1365,1365
openb-pod-1366,16000,16384,0,0,,LS,Running,10531439,10568911,10531440,0,1366,1366
openb-pod-1367,4000,22888,1,480,,BestEffort,Running,10531756,10535352,10531756,0,1367,1367
openb-pod-1368,16500,51200,0,0,,LS,Running,10531868,10531928,10531870,0,1368,1368
openb-pod-1369,3152,5600,1,810,,BestEffort,Failed,10531997,10532155,10531998,0,1369,1369
openb-pod-1370,3152,5600,1,1000,,BestEffort,Failed,10532135,10532382,10532135,0,1370,1370
openb-pod-1371,15700,58368,1,1000,,LS,Running,10532219,10534724,10532221,0,1371,1371
openb-pod-1372,3152,5600,1,1000,,BestEffort,Failed,10532455,10532650,10532455,0,1372,1372
openb-pod-1373,12500,57344,0,0,,LS,Running,10534465,10534939,10534502,0,1373,1373
openb-pod-1374,12500,57344,0,0,,LS,Running,10534494,10534888,10534497,0,1374,1374
openb-pod-1375,3152,5600,1,1000,,BestEffort,Failed,10534737,10534904,10534737,0,1375,1375
openb-pod-1376,15700,58368,1,1000,,LS,Running,10535088,10536974,10535090,0,1376,1376
openb-pod-1377,4000,24576,1,1000,,LS,Succeeded,10535139,10536228,10535139,0,1377,1377
openb-pod-1378,3152,5600,1,1000,,BestEffort,Failed,10535843,10536041,10535843,0,1378,1378
openb-pod-1379,16500,51200,0,0,,LS,Running,10537957,10542593,10537993,0,1379,1379
openb-pod-1380,3152,5600,1,1000,,BestEffort,Failed,10537958,10538121,10537958,0,1380,1380
openb-pod-1381,4000,31250,1,1000,,LS,Running,10538102,10541638,10538102,0,1381,1381
openb-pod-1382,32000,49152,0,0,,BestEffort,Running,10538657,10538806,10538659,0,1382,1382
openb-pod-1383,32000,49152,0,0,,BestEffort,Running,10538657,10538805,10538659,0,1383,1383
openb-pod-1384,32000,49152,0,0,,BestEffort,Running,10538658,10538806,10538662,0,1384,1384
openb-pod-1385,3152,5600,1,1000,,BestEffort,Failed,10539104,10539270,10539104,0,1385,1385
openb-pod-1386,12000,47104,1,1000,,Burstable,Succeeded,10539516,10597894,10539517,0,1386,1386
openb-pod-1387,32000,49152,0,0,,BestEffort,Running,10539824,10539976,10539830,0,1387,1387
openb-pod-1388,15700,58368,1,1000,,LS,Running,10539860,10541820,10539862,0,1388,1388
openb-pod-1389,16500,51200,0,0,,LS,Running,10541309,10543646,10541312,0,1389,1389
openb-pod-1390,3152,5600,1,1000,,BestEffort,Failed,10541438,10541659,10541438,0,1390,1390
openb-pod-1391,11400,48128,1,1000,,LS,Running,10541688,10542437,10541691,0,1391,1391
openb-pod-1392,3152,5600,1,1000,,BestEffort,Failed,10541891,10542092,10541891,0,1392,1392
openb-pod-1393,3152,5600,1,1000,,BestEffort,Failed,10542339,10542544,10542339,0,1393,1393
openb-pod-1394,15700,58368,1,1000,,LS,Running,10543069,10545466,10543071,0,1394,1394
openb-pod-1395,12000,24576,1,1000,,Burstable,Failed,10543654,10547254,10543654,0,1395,1395
openb-pod-1396,8000,24576,1,1000,,LS,Running,10543893,10583333,10543895,0,1396,1396
openb-pod-1397,3152,5600,1,1000,,BestEffort,Failed,10545261,10545416,10545261,0,1397,1397
openb-pod-1398,8000,16384,1,1000,,LS,Running,10547435,10548637,10547437,0,1398,1398
openb-pod-1399,3152,5600,1,1000,,BestEffort,Failed,10547683,10547896,10547683,0,1399,1399
openb-pod-1400,3152,5600,1,1000,,BestEffort,Failed,10548009,10548172,10548009,0,1400,1400
openb-pod-1401,3152,5600,1,1000,,BestEffort,Failed,10548436,10548582,10548437,0,1401,1401
openb-pod-1402,4152,10600,1,810,,BestEffort,Failed,10548764,10550163,10548764,0,1402,1402
openb-pod-1403,3152,5600,1,1000,,BestEffort,Failed,10549731,10549858,10549731,0,1403,1403
openb-pod-1404,3152,5600,1,1000,,BestEffort,Failed,10549799,10549922,10549799,0,1404,1404
openb-pod-1405,16500,51200,0,0,,LS,Running,10550250,10551652,10550252,0,1405,1405
openb-pod-1406,8000,16384,1,1000,,LS,Running,10552241,10552959,10552244,0,1406,1406
openb-pod-1407,3152,5600,1,1000,,BestEffort,Failed,10552544,10552760,10552544,0,1407,1407
openb-pod-1408,15700,58368,1,1000,,LS,Running,10554159,10556222,10554161,0,1408,1408
openb-pod-1409,3152,5600,1,1000,,BestEffort,Failed,10554296,10554440,10554296,0,1409,1409
openb-pod-1410,3152,5600,1,1000,,BestEffort,Failed,10554770,10554985,10554770,0,1410,1410
openb-pod-1411,4152,10600,1,550,,BestEffort,Failed,10554990,10555056,10554991,0,1411,1411
openb-pod-1412,3152,5600,1,1000,,BestEffort,Failed,10555568,10555735,10555568,0,1412,1412
openb-pod-1413,3152,5600,1,1000,,BestEffort,Failed,10556382,10556591,10556383,0,1413,1413
openb-pod-1414,15700,58368,1,1000,,LS,Running,10556443,10558621,10556476,0,1414,1414
openb-pod-1415,6000,16384,1,460,,LS,Running,10556555,10558354,10556555,0,1415,1415
openb-pod-1416,16500,51200,0,0,,LS,Running,10557308,10559354,10557342,0,1416,1416
openb-pod-1417,18708,64512,1,1000,,LS,Running,10557436,10557519,10557438,0,1417,1417
openb-pod-1418,3152,5600,1,1000,,BestEffort,Failed,10557611,10557740,10557611,0,1418,1418
openb-pod-1419,12000,49152,1,1000,,LS,Succeeded,10557885,10558738,10557885,0,1419,1419
openb-pod-1420,15700,58368,1,1000,,LS,Running,10559926,10562005,10559962,0,1420,1420
openb-pod-1421,3152,5600,1,1000,,BestEffort,Failed,10561140,10561257,10561140,0,1421,1421
openb-pod-1422,3152,5600,1,1000,,BestEffort,Failed,10561410,10561601,10561410,0,1422,1422
openb-pod-1423,3152,5600,1,1000,,BestEffort,Failed,10561659,10561807,10561659,0,1423,1423
openb-pod-1424,32000,49152,0,0,,BestEffort,Running,10562001,10562151,10562005,0,1424,1424
openb-pod-1425,8000,32768,1,1000,,LS,Running,10562078,10567782,10562080,0,1425,1425
openb-pod-1426,32000,49152,0,0,,BestEffort,Running,10562577,10562724,10562579,0,1426,1426
openb-pod-1427,32000,49152,0,0,,BestEffort,Running,10562578,10562724,10562585,0,1427,1427
openb-pod-1428,32000,49152,0,0,,BestEffort,Running,10562578,10562724,10562580,0,1428,1428
openb-pod-1429,15700,58368,1,1000,,LS,Running,10563307,10565283,10563309,0,1429,1429
openb-pod-1430,9810,41560,1,1000,,LS,Pending,10563467,10563495,,0,1430,1430
openb-pod-1431,3152,5600,1,1000,,BestEffort,Failed,10564588,10564746,10564588,0,1431,1431
openb-pod-1432,12500,57344,0,0,,LS,Running,10565349,10565702,10565383,0,1432,1432
openb-pod-1433,12500,57344,0,0,,LS,Running,10565357,10565587,10565393,0,1433,1433
openb-pod-1434,15700,58368,1,1000,,LS,Running,10565708,10568120,10565711,0,1434,1434
openb-pod-1435,11400,48128,1,1000,,LS,Running,10567150,10567731,10567153,0,1435,1435
openb-pod-1436,11400,48128,1,1000,,LS,Running,10567172,10567983,10567177,0,1436,1436
openb-pod-1437,16000,32768,1,1000,,LS,Succeeded,10567375,10567400,10567375,0,1437,1437
openb-pod-1438,3152,5600,1,1000,,BestEffort,Failed,10567505,10567655,10567506,0,1438,1438
openb-pod-1439,16000,32768,1,1000,,LS,Running,10567539,10570359,10567541,0,1439,1439
openb-pod-1440,12000,16384,1,1000,,LS,Running,10567597,10583856,10567599,0,1440,1440
openb-pod-1441,3152,5600,1,1000,,BestEffort,Failed,10568396,10568658,10568396,0,1441,1441
openb-pod-1442,3152,5600,1,810,,BestEffort,Failed,10569337,10569493,10569337,0,1442,1442
openb-pod-1443,12000,24576,1,1000,,Burstable,Failed,10570778,10571886,10570778,0,1443,1443
openb-pod-1444,3152,5600,1,1000,,BestEffort,Failed,10571117,10571654,10571117,0,1444,1444
openb-pod-1445,3152,5600,1,1000,,BestEffort,Failed,10576207,10576473,10576207,0,1445,1445
openb-pod-1446,3152,5600,1,1000,,BestEffort,Failed,10576660,10576907,10576660,0,1446,1446
openb-pod-1447,3152,5600,1,1000,,BestEffort,Failed,10577946,10578233,10577946,0,1447,1447
openb-pod-1448,3152,5600,1,1000,,BestEffort,Failed,10579100,10579387,10579101,0,1448,1448
openb-pod-1449,3152,5600,1,1000,,BestEffort,Failed,10579946,10580234,10579946,0,1449,1449
openb-pod-1450,3152,5600,1,1000,,BestEffort,Failed,10580436,10580710,10580436,0,1450,1450
openb-pod-1451,12000,24576,1,1000,,LS,Running,10582475,10593816,10582476,0,1451,1451
openb-pod-1452,3152,5600,1,1000,,BestEffort,Failed,10584862,10585156,10584862,0,1452,1452
openb-pod-1453,4000,24576,1,1000,,LS,Succeeded,10585655,10590227,10585655,0,1453,1453
openb-pod-1454,32000,49152,0,0,,BestEffort,Running,10586479,10586656,10586485,0,1454,1454
openb-pod-1455,3152,5600,1,1000,,BestEffort,Failed,10587516,10587805,10587516,0,1455,1455
openb-pod-1456,3152,5600,1,1000,,BestEffort,Failed,10594554,10594809,10594554,0,1456,1456
openb-pod-1457,12000,16384,1,1000,,LS,Running,10594953,10631103,10594953,0,1457,1457
openb-pod-1458,3152,5600,1,1000,,BestEffort,Failed,10596141,10596384,10596141,0,1458,1458
openb-pod-1459,8000,16384,1,1000,,LS,Running,10596156,10602485,10596156,0,1459,1459
openb-pod-1460,4000,31250,1,1000,,LS,Running,10597038,10597978,10597039,0,1460,1460
openb-pod-1461,3152,5600,1,1000,,BestEffort,Failed,10598857,10599089,10598857,0,1461,1461
openb-pod-1462,3152,5600,1,1000,,BestEffort,Failed,10600199,10600405,10600200,0,1462,1462
openb-pod-1463,12000,16384,1,1000,,LS,Running,10600473,10653184,10600473,0,1463,1463
openb-pod-1464,16500,51200,0,0,,LS,Running,10602255,10602367,10602257,0,1464,1464
openb-pod-1465,12000,32768,1,1000,,LS,Running,10602456,10603655,10602456,0,1465,1465
openb-pod-1466,3152,5600,1,1000,,BestEffort,Failed,10602557,10602737,10602558,0,1466,1466
openb-pod-1467,7000,30000,1,1000,,Burstable,Running,10602939,10657390,10602939,0,1467,1467
openb-pod-1468,11400,48128,1,1000,,LS,Running,10603141,10603618,10603143,0,1468,1468
openb-pod-1469,16500,51200,0,0,,LS,Running,10603497,10604274,10603533,0,1469,1469
openb-pod-1470,18708,64512,1,1000,,LS,Running,10603535,10604316,10603568,0,1470,1470
openb-pod-1471,18708,64512,1,1000,,LS,Pending,10603992,10604187,,0,1471,1471
openb-pod-1472,11908,47104,1,470,,LS,Running,10604208,10604372,10604244,0,1472,1472
openb-pod-1473,11908,47104,1,470,,LS,Pending,10604255,10604402,,0,1473,1473
openb-pod-1474,3152,5600,1,810,,BestEffort,Failed,10604532,10604685,10604532,0,1474,1474
openb-pod-1475,11400,48128,1,1000,,LS,Running,10604707,10605185,10604746,0,1475,1475
openb-pod-1476,9810,41560,1,1000,,LS,Running,10605236,10605403,10605269,0,1476,1476
openb-pod-1477,12000,24576,1,1000,,LS,Running,10605761,10607796,10605762,0,1477,1477
openb-pod-1478,11400,48128,1,1000,,LS,Running,10606214,10607092,10606249,0,1478,1478
openb-pod-1479,11400,48128,1,1000,,LS,Running,10606251,10609160,10606284,0,1479,1479
openb-pod-1480,11400,48128,1,1000,,LS,Running,10606253,10606940,10606255,0,1480,1480
openb-pod-1481,11400,48128,1,1000,,LS,Running,10606258,10607751,10606261,0,1481,1481
openb-pod-1482,11908,47104,1,1000,,BestEffort,Pending,10606364,10606409,,0,1482,1482
openb-pod-1483,8000,16384,1,1000,,LS,Running,10606419,10609372,10606421,0,1483,1483
openb-pod-1484,3152,5600,1,1000,,BestEffort,Failed,10606788,10606987,10606789,0,1484,1484
openb-pod-1485,4152,10600,1,550,,BestEffort,Failed,10607376,10607443,10607376,0,1485,1485
openb-pod-1486,3152,5600,1,810,,BestEffort,Failed,10607398,10607557,10607398,0,1486,1486
openb-pod-1487,3152,5600,1,810,,BestEffort,Pending,10607551,10607655,,0,1487,1487
openb-pod-1488,3152,5600,1,810,,BestEffort,Failed,10607576,10607722,10607576,0,1488,1488
openb-pod-1489,11908,47104,1,1000,,BestEffort,Running,10607608,10607712,10607610,0,1489,1489
openb-pod-1490,11908,47104,1,650,,LS,Running,10607623,10608431,10607659,0,1490,1490
openb-pod-1491,3152,5600,1,810,,BestEffort,Failed,10607663,10607754,10607696,0,1491,1491
openb-pod-1492,8000,30517,1,230,,BestEffort,Pending,10607686,10607856,,0,1492,1492
openb-pod-1493,3152,5600,1,810,,BestEffort,Failed,10607957,10608017,10607958,0,1493,1493
openb-pod-1494,3152,5600,1,810,,BestEffort,Failed,10608029,10608087,10608029,0,1494,1494
openb-pod-1495,12500,57344,0,0,,LS,Running,10608060,10608870,10608062,0,1495,1495
openb-pod-1496,18708,64512,1,1000,,LS,Running,10608064,10608994,10608066,0,1496,1496
openb-pod-1497,12500,57344,0,0,,LS,Running,10608152,10609276,10608154,0,1497,1497
openb-pod-1498,32000,49152,0,0,,BestEffort,Running,10608654,10608809,10608656,0,1498,1498
openb-pod-1499,32000,49152,0,0,,BestEffort,Running,10608655,10608809,10608662,0,1499,1499
openb-pod-1500,4000,22888,1,320,,BestEffort,Running,10608731,10632030,10608731,0,1500,1500
openb-pod-1501,11908,47104,1,650,,LS,Running,10608824,10609070,10608827,0,1501,1501
openb-pod-1502,11908,47104,1,1000,,BestEffort,Pending,10608904,10608992,,0,1502,1502
openb-pod-1503,11908,47104,1,650,,LS,Running,10608911,10609154,10608980,0,1503,1503
openb-pod-1504,3152,5600,1,810,,BestEffort,Failed,10608922,10609038,10608923,0,1504,1504
openb-pod-1505,12500,57344,0,0,,LS,Running,10609035,10609523,10609070,0,1505,1505
openb-pod-1506,11908,47104,1,470,,LS,Pending,10609638,10609693,,0,1506,1506
openb-pod-1507,11908,47104,1,1000,,BestEffort,Running,10609680,10611812,10609784,0,1507,1507
openb-pod-1508,32000,49152,0,0,,BestEffort,Running,10609831,10609988,10609835,0,1508,1508
openb-pod-1509,32000,49152,0,0,,BestEffort,Running,10609831,10609988,10609834,0,1509,1509
openb-pod-1510,32000,49152,0,0,,BestEffort,Running,10609833,10609988,10609836,0,1510,1510
openb-pod-1511,16500,51200,0,0,,LS,Running,10610123,10611443,10610125,0,1511,1511
openb-pod-1512,3152,5600,1,810,,BestEffort,Failed,10610472,10610623,10610541,0,1512,1512
openb-pod-1513,3152,5600,1,810,,BestEffort,Failed,10610584,10610743,10610584,0,1513,1513
openb-pod-1514,3152,5600,1,810,,BestEffort,Failed,10610643,10610931,10610643,0,1514,1514
openb-pod-1515,18708,64512,1,1000,,LS,Running,10610689,10612731,10610725,0,1515,1515
openb-pod-1516,18708,64512,1,1000,,LS,Running,10610690,10612434,10610830,0,1516,1516
openb-pod-1517,15400,51200,0,0,,LS,Running,10610791,10612532,10610825,0,1517,1517
openb-pod-1518,11400,48128,1,1000,,LS,Running,10610840,10612264,10610843,0,1518,1518
openb-pod-1519,1000,2048,1,320,,BestEffort,Running,10610930,10610988,10610930,0,1519,1519
openb-pod-1520,4000,22888,1,320,,BestEffort,Running,10611007,10616635,10611022,0,1520,1520
openb-pod-1521,3152,5600,1,810,,BestEffort,Failed,10611220,10611369,10611221,0,1521,1521
openb-pod-1522,3152,5600,1,590,,BestEffort,Failed,10611619,10611700,10611620,0,1522,1522
openb-pod-1524,4000,30517,1,230,,BestEffort,Running,10613212,10613810,10613212,0,1524,1523
openb-pod-1525,11908,47104,1,470,,LS,Running,10613388,10613563,10613391,0,1525,1524
openb-pod-1526,18708,64512,1,1000,,LS,Running,10613616,10613869,10613618,0,1526,1525
openb-pod-1527,4000,22888,1,230,,BestEffort,Running,10613645,10613809,10613647,0,1527,1526
openb-pod-1528,18708,64512,1,1000,,LS,Pending,10613648,10613803,,0,1528,1527
openb-pod-1529,3152,5600,1,1000,,BestEffort,Failed,10613853,10613978,10613854,0,1529,1528
openb-pod-1530,15700,58368,1,1000,,LS,Running,10614075,10618099,10614077,0,1530,1529
openb-pod-1531,11400,48128,1,1000,,LS,Running,10614151,10614409,10614362,0,1531,1530
openb-pod-1532,3152,5600,1,810,,BestEffort,Failed,10614293,10643160,10614294,0,1532,1531
openb-pod-1533,3152,5600,1,1000,,BestEffort,Failed,10615260,10615424,10615260,0,1533,1532
openb-pod-1534,3152,5600,1,810,,BestEffort,Failed,10615424,10615571,10615424,0,1534,1533
openb-pod-1535,3152,5600,1,810,,BestEffort,Failed,10615584,10615734,10615584,0,1535,1534
openb-pod-1536,3152,5600,1,1000,,BestEffort,Failed,10616233,10616444,10616233,0,1536,1535
openb-pod-1537,2000,8192,1,370,,LS,Running,10616771,10621745,10616773,0,1537,1536
openb-pod-1538,4000,30517,1,230,,BestEffort,Running,10617324,10617674,10617428,0,1538,1537
openb-pod-1539,18708,64512,1,1000,,LS,Running,10617651,10618114,10617654,0,1539,1538
openb-pod-1540,4000,30517,1,230,,BestEffort,Running,10617680,10617875,10617818,0,1540,1539
openb-pod-1541,4000,30517,1,230,,BestEffort,Pending,10617694,10617765,,0,1541,1540
openb-pod-1542,4000,30517,1,230,,BestEffort,Running,10617694,10617896,10617695,0,1542,1541
openb-pod-1543,4000,22888,1,220,,BestEffort,Running,10617708,10622262,10617708,0,1543,1542
openb-pod-1544,4000,30517,1,230,,BestEffort,Running,10618001,10618776,10618068,0,1544,1543
openb-pod-1545,3152,5600,1,1000,,BestEffort,Failed,10618278,10618400,10618278,0,1545,1544
openb-pod-1546,3152,5600,1,810,,BestEffort,Failed,10619240,10619387,10619240,0,1546,1545
openb-pod-1547,16000,32768,1,1000,,LS,Running,10619379,10620761,10619381,0,1547,1546
openb-pod-1548,11908,47104,1,650,,LS,Running,10619480,10620795,10619514,0,1548,1547
openb-pod-1549,4152,10600,1,550,,BestEffort,Failed,10619521,10619552,10619521,0,1549,1548
openb-pod-1550,4000,31250,1,1000,,LS,Running,10619523,10622640,10619523,0,1550,1549
openb-pod-1551,11908,47104,1,470,,LS,Running,10619649,10619949,10619893,0,1551,1550
openb-pod-1552,4152,10600,1,550,,BestEffort,Failed,10619925,10619966,10619926,0,1552,1551
openb-pod-1553,3152,5600,1,1000,,BestEffort,Failed,10620055,10620255,10620055,0,1553,1552
openb-pod-1554,15700,58368,1,1000,,LS,Running,10620914,10623258,10620916,0,1554,1553
openb-pod-1555,12000,15360,1,1000,,LS,Running,10620936,10622017,10620940,0,1555,1554
openb-pod-1556,12000,24576,1,1000,,Guaranteed,Running,10620997,12902960,10620997,0,1556,1555
openb-pod-1557,3152,5600,1,810,,BestEffort,Failed,10621013,10621077,10621013,0,1557,1556
openb-pod-1558,15400,51200,0,0,,LS,Running,10621070,10623411,10621073,0,1558,1557
openb-pod-1559,15400,51200,0,0,,LS,Running,10621072,10624626,10621075,0,1559,1558
openb-pod-1560,3152,5600,1,1000,,BestEffort,Failed,10621075,10621228,10621076,0,1560,1559
openb-pod-1561,4000,22888,1,320,,BestEffort,Running,10621079,10621165,10621079,0,1561,1560
openb-pod-1562,15400,51200,0,0,,LS,Running,10621163,10622350,10621165,0,1562,1561
openb-pod-1563,6000,6144,1,460,,LS,Running,10621473,10622013,10621473,0,1563,1562
openb-pod-1564,3152,5600,1,810,,BestEffort,Failed,10621534,10621591,10621534,0,1564,1563
openb-pod-1565,16000,32768,1,1000,,LS,Running,10621540,10623761,10621542,0,1565,1564
openb-pod-1566,15400,51200,0,0,,LS,Running,10621911,10621987,10621944,0,1566,1565
openb-pod-1567,3152,5600,1,810,,BestEffort,Failed,10622088,10622234,10622088,0,1567,1566
openb-pod-1568,3152,5600,1,810,,BestEffort,Failed,10622215,10622769,10622215,0,1568,1567
openb-pod-1569,9810,41560,1,1000,,LS,Running,10622339,10633940,10622829,0,1569,1568
openb-pod-1570,15400,51200,0,0,,LS,Running,10622381,10622571,10622414,0,1570,1569
openb-pod-1571,4000,30517,1,230,,BestEffort,Pending,10622434,10622436,,0,1571,1570
openb-pod-1572,3152,5600,1,810,,BestEffort,Failed,10622536,10622604,10622537,0,1572,1571
openb-pod-1573,4000,22888,1,320,,BestEffort,Running,10622843,10622894,10622843,0,1573,1572
openb-pod-1574,3152,5600,1,810,,BestEffort,Failed,10622994,10623067,10622994,0,1574,1573
openb-pod-1575,3152,5600,1,810,,BestEffort,Failed,10623089,10623234,10623089,0,1575,1574
openb-pod-1576,8000,30517,1,320,,BestEffort,Running,10623164,10624215,10623164,0,1576,1575
openb-pod-1577,16000,32768,1,1000,,LS,Running,10623875,10625564,10623879,0,1577,1576
openb-pod-1578,3152,5600,1,810,,BestEffort,Failed,10623916,10623985,10623917,0,1578,1577
openb-pod-1579,3152,5600,1,1000,,BestEffort,Failed,10623951,10624150,10623951,0,1579,1578
openb-pod-1580,3152,5600,1,810,,BestEffort,Failed,10623981,10624084,10623981,0,1580,1579
openb-pod-1581,3152,5600,1,810,,BestEffort,Failed,10623984,10624043,10623984,0,1581,1580
openb-pod-1582,15700,58368,1,1000,,LS,Running,10624068,10627533,10624070,0,1582,1581
openb-pod-1583,3152,5600,1,810,,BestEffort,Failed,10624182,10624283,10624182,0,1583,1582
openb-pod-1584,3152,5600,1,810,,BestEffort,Failed,10624232,10624301,10624232,0,1584,1583
openb-pod-1585,3152,5600,1,810,,BestEffort,Failed,10624269,10624410,10624269,0,1585,1584
openb-pod-1586,3152,5600,1,1000,,BestEffort,Failed,10624621,10624787,10624622,0,1586,1585
openb-pod-1587,3152,5600,1,810,,BestEffort,Failed,10624837,10624988,10624837,0,1587,1586
openb-pod-1588,3152,5600,1,810,,BestEffort,Failed,10625058,10625155,10625091,0,1588,1587
openb-pod-1589,4152,10600,1,370,,BestEffort,Failed,10625248,10626776,10625248,0,1589,1588
openb-pod-1590,12500,57344,0,0,,LS,Pending,10625255,10625292,,0,1590,1589
openb-pod-1591,3152,5600,1,810,,BestEffort,Failed,10625532,10625612,10625532,0,1591,1590
openb-pod-1592,3152,5600,1,1000,,BestEffort,Failed,10625567,10625802,10625567,0,1592,1591
openb-pod-1593,11908,47104,1,1000,,BestEffort,Running,10625608,10632480,10625611,0,1593,1592
openb-pod-1594,3152,5600,1,1000,,BestEffort,Failed,10625887,10626071,10625921,0,1594,1593
openb-pod-1595,3152,5600,1,1000,,BestEffort,Failed,10625979,10626219,10625979,0,1595,1594
openb-pod-1596,3152,5600,1,810,,BestEffort,Failed,10626014,10626081,10626015,0,1596,1595
openb-pod-1597,4000,22888,1,320,,BestEffort,Running,10626024,10626115,10626024,0,1597,1596
openb-pod-1598,3152,5600,1,810,,BestEffort,Failed,10626288,10626453,10626288,0,1598,1597
openb-pod-1599,3152,5600,1,810,,BestEffort,Failed,10626406,10626559,10626407,0,1599,1598
openb-pod-1600,11400,48128,1,1000,,LS,Running,10626422,10628284,10626456,0,1600,1599
openb-pod-1601,3152,5600,1,810,,BestEffort,Pending,10626523,10626533,,0,1601,1600
openb-pod-1602,8000,30517,1,320,,BestEffort,Running,10626535,10626743,10626641,0,1602,1601
openb-pod-1603,9810,41560,1,1000,,LS,Running,10626709,10633474,10626956,0,1603,1602
openb-pod-1604,3152,5600,1,810,,BestEffort,Failed,10626716,10626786,10626716,0,1604,1603
openb-pod-1605,8000,16384,1,1000,,LS,Running,10626940,10628562,10626942,0,1605,1604
openb-pod-1606,3152,5600,1,810,,BestEffort,Pending,10626996,10626997,,0,1606,1605
openb-pod-1607,3152,5600,1,810,,BestEffort,Failed,10626997,10627082,10626998,0,1607,1606
openb-pod-1608,3152,5600,1,810,,BestEffort,Failed,10627009,10627076,10627009,0,1608,1607
openb-pod-1609,3152,5600,1,810,,BestEffort,Failed,10627217,10627348,10627217,0,1609,1608
openb-pod-1610,16000,65536,1,1000,,LS,Running,10627477,10639978,10627479,0,1610,1609
openb-pod-1611,3152,5600,1,1000,,BestEffort,Failed,10627637,10627820,10627639,0,1611,1610
openb-pod-1612,12000,47104,1,1000,,Burstable,Failed,10627657,10627773,10627658,0,1612,1611
openb-pod-1613,3152,5600,1,1000,,BestEffort,Failed,10627857,10628043,10627892,0,1613,1612
openb-pod-1614,3152,5600,1,810,,BestEffort,Failed,10628078,10628232,10628147,0,1614,1613
openb-pod-1615,3152,5600,1,810,,BestEffort,Failed,10628141,10628213,10628141,0,1615,1614
openb-pod-1616,3152,5600,1,810,,BestEffort,Failed,10628171,10628243,10628171,0,1616,1615
openb-pod-1617,8000,30517,1,470,,BestEffort,Running,10628219,10629760,10629707,0,1617,1616
openb-pod-1618,3152,5600,1,1000,,BestEffort,Failed,10628333,10628555,10628334,0,1618,1617
openb-pod-1619,3152,5600,1,1000,,BestEffort,Failed,10628449,10628668,10628450,0,1619,1618
openb-pod-1620,16000,32768,1,1000,,LS,Succeeded,10628579,10632190,10628579,0,1620,1619
openb-pod-1621,2000,8192,1,370,,LS,Pending,10628635,10628694,,0,1621,1620
openb-pod-1622,3152,5600,1,810,,BestEffort,Failed,10628816,10628915,10628816,0,1622,1621
openb-pod-1623,12000,24576,1,1000,,Burstable,Failed,10629037,10629454,10629039,0,1623,1622
openb-pod-1624,11400,48128,1,1000,,LS,Running,10629105,10630362,10629109,0,1624,1623
openb-pod-1625,4000,24576,1,1000,,LS,Succeeded,10629108,10633114,10629108,0,1625,1624
openb-pod-1626,3152,5600,1,810,,BestEffort,Failed,10629109,10629353,10629177,0,1626,1625
openb-pod-1627,3152,5600,1,1000,,BestEffort,Failed,10629464,10629637,10629464,0,1627,1626
openb-pod-1628,8000,30517,1,320,,BestEffort,Running,10629645,10629716,10629645,0,1628,1627
openb-pod-1629,3152,5600,1,810,,BestEffort,Failed,10629692,10629836,10629693,0,1629,1628
openb-pod-1630,3152,5600,1,1000,,BestEffort,Failed,10630406,10630455,10630406,0,1630,1629
openb-pod-1631,15400,51200,0,0,,LS,Running,10630982,10631024,10630984,0,1631,1630
openb-pod-1632,4152,10600,1,370,,BestEffort,Failed,10631099,10631909,10631099,0,1632,1631
openb-pod-1633,4152,10600,1,370,,BestEffort,Failed,10631353,10632163,10631353,0,1633,1632
openb-pod-1634,32000,49152,0,0,,BestEffort,Running,10632259,10632410,10632266,0,1634,1633
openb-pod-1635,11400,57344,0,0,,LS,Running,10632371,10637543,10632374,0,1635,1634
openb-pod-1636,4152,10600,1,370,,BestEffort,Failed,10632550,10633335,10632550,0,1636,1635
openb-pod-1637,11400,48128,1,1000,,LS,Running,10633142,10634347,10633179,0,1637,1636
openb-pod-1638,12500,57344,0,0,,LS,Running,10633184,10633277,10633218,0,1638,1637
openb-pod-1639,120000,737280,8,1000,,Burstable,Failed,10633237,10633354,10633237,0,1639,1638
openb-pod-1640,18708,64512,1,1000,,LS,Running,10633547,10635710,10633549,0,1640,1639
openb-pod-1641,32000,49152,0,0,,BestEffort,Running,10633621,10633772,10633624,0,1641,1640
openb-pod-1642,32000,49152,0,0,,BestEffort,Running,10633622,10633773,10633628,0,1642,1641
openb-pod-1643,11400,48128,1,1000,,LS,Running,10634435,10647655,10634438,0,1643,1642
openb-pod-1644,16000,32768,1,1000,,LS,Running,10634499,10636361,10634501,0,1644,1643
openb-pod-1645,4000,15258,1,220,,BestEffort,Running,10634588,10640074,10634618,0,1645,1644
openb-pod-1646,3152,5600,1,1000,,BestEffort,Failed,10634702,10634894,10634702,0,1646,1645
openb-pod-1647,12000,24576,1,1000,,LS,Failed,10635133,10635420,10635133,0,1647,1646
openb-pod-1648,3152,5600,1,590,,BestEffort,Failed,10635301,10635390,10635301,0,1648,1647
openb-pod-1649,4000,22888,1,220,,BestEffort,Running,10635708,10645936,10635708,0,1649,1648
openb-pod-1650,3152,5600,1,810,,BestEffort,Failed,10636450,10636525,10636451,0,1650,1649
openb-pod-1651,3152,5600,1,810,,BestEffort,Failed,10636604,10636750,10636604,0,1651,1650
openb-pod-1652,3152,5600,1,590,,BestEffort,Failed,10636619,10636699,10636619,0,1652,1651
openb-pod-1653,8000,30517,1,320,,BestEffort,Running,10636821,10641069,10636821,0,1653,1652
openb-pod-1654,8000,30517,1,320,,BestEffort,Running,10636834,10637261,10636974,0,1654,1653
openb-pod-1655,3152,5600,1,590,,BestEffort,Failed,10637322,10637420,10637354,0,1655,1654
openb-pod-1656,11400,48128,1,1000,,LS,Running,10637407,10637705,10637440,0,1656,1655
openb-pod-1657,3152,5600,1,810,,BestEffort,Failed,10637671,10637737,10637671,0,1657,1656
openb-pod-1658,3152,5600,1,810,,BestEffort,Failed,10637870,10637960,10637870,0,1658,1657
openb-pod-1659,3152,5600,1,810,,BestEffort,Failed,10637935,10640833,10637935,0,1659,1658
openb-pod-1660,3152,5600,1,810,,BestEffort,Failed,10638056,10638213,10638056,0,1660,1659
openb-pod-1661,11908,47104,1,470,,LS,Running,10638109,10638163,10638112,0,1661,1660
openb-pod-1662,8000,30517,1,470,,BestEffort,Running,10638114,10638607,10638184,0,1662,1661
openb-pod-1663,4000,30517,1,230,,BestEffort,Running,10638115,10638604,10638219,0,1663,1662
openb-pod-1664,3152,5600,1,810,,BestEffort,Failed,10638273,10638416,10638273,0,1664,1663
openb-pod-1665,3152,5600,1,810,,BestEffort,Failed,10638595,10638667,10638596,0,1665,1664
openb-pod-1666,11908,47104,1,470,,LS,Running,10638652,10638809,10638755,0,1666,1665
openb-pod-1667,3152,5600,1,590,,BestEffort,Failed,10638729,10638800,10638729,0,1667,1666
openb-pod-1668,8000,30517,1,230,,BestEffort,Running,10638744,10638961,10638744,0,1668,1667
openb-pod-1669,11908,47104,1,470,,LS,Running,10638906,10642199,10638909,0,1669,1668
openb-pod-1670,3152,5600,1,810,,BestEffort,Failed,10639074,10639163,10639074,0,1670,1669
openb-pod-1671,3152,5600,1,810,,BestEffort,Failed,10639297,10639363,10639297,0,1671,1670
openb-pod-1672,3152,5600,1,810,,BestEffort,Failed,10639399,10639463,10639400,0,1672,1671
openb-pod-1673,3152,5600,1,1000,,BestEffort,Failed,10639496,10639757,10639530,0,1673,1672
openb-pod-1674,4152,10600,1,370,,BestEffort,Failed,10639679,10640485,10639679,0,1674,1673
openb-pod-1675,3152,5600,1,810,,BestEffort,Failed,10639890,10640052,10639890,0,1675,1674
openb-pod-1676,3152,5600,1,810,,BestEffort,Failed,10639932,10640085,10639933,0,1676,1675
openb-pod-1677,8000,30517,1,320,,BestEffort,Running,10639998,10640793,10639999,0,1677,1676
openb-pod-1678,12000,24576,1,1000,,LS,Failed,10640082,10640203,10640082,0,1678,1677
openb-pod-1679,3152,5600,1,810,,BestEffort,Failed,10640985,10641045,10640985,0,1679,1678
openb-pod-1680,8000,30517,1,220,,BestEffort,Running,10641008,10666708,10641008,0,1680,1679
openb-pod-1681,11908,47104,1,470,,LS,Running,10641174,10641341,10641246,0,1681,1680
openb-pod-1682,11908,47104,1,470,,LS,Running,10641229,10641330,10641266,0,1682,1681
openb-pod-1683,3152,5600,1,810,,BestEffort,Failed,10641293,10641372,10641293,0,1683,1682
openb-pod-1684,8000,30517,1,470,,BestEffort,Pending,10641409,10642393,,0,1684,1683
openb-pod-1685,3152,5600,1,810,,BestEffort,Failed,10641464,10641548,10641464,0,1685,1684
openb-pod-1686,3152,5600,1,810,,BestEffort,Failed,10641548,10641612,10641548,0,1686,1685
openb-pod-1687,3152,5600,1,1000,,BestEffort,Failed,10641879,10642003,10641879,0,1687,1686
openb-pod-1688,3152,5600,1,810,,BestEffort,Failed,10641958,10642049,10641959,0,1688,1687
openb-pod-1689,4000,22888,1,230,,BestEffort,Pending,10641981,10642003,,0,1689,1688
openb-pod-1690,3152,5600,1,810,,BestEffort,Failed,10642072,10642224,10642072,0,1690,1689
openb-pod-1691,8000,30517,1,320,,BestEffort,Running,10642124,10643441,10642126,0,1691,1690
openb-pod-1692,3152,5600,1,810,,BestEffort,Failed,10642305,10642388,10642306,0,1692,1691
openb-pod-1693,8000,30517,1,230,,BestEffort,Running,10642400,10642595,10642400,0,1693,1692
openb-pod-1694,3152,5600,1,810,,BestEffort,Failed,10642530,10642629,10642530,0,1694,1693
openb-pod-1695,16500,51200,0,0,,LS,Running,10642628,10644807,10642631,0,1695,1694
openb-pod-1696,3152,5600,1,810,,BestEffort,Failed,10642768,10642778,10642768,0,1696,1695
openb-pod-1697,3152,5600,1,810,,BestEffort,Failed,10642876,10642924,10642876,0,1697,1696
openb-pod-1698,3152,5600,1,810,,BestEffort,Failed,10642988,10643062,10642988,0,1698,1697
openb-pod-1699,8000,30517,1,320,,BestEffort,Running,10643160,10643444,10643160,0,1699,1698
openb-pod-1700,3152,5600,1,1000,,BestEffort,Failed,10643184,10643428,10643216,0,1700,1699
openb-pod-1701,4152,10600,1,370,,BestEffort,Failed,10643268,10644055,10643269,0,1701,1700
openb-pod-1702,4000,30517,1,230,,BestEffort,Running,10643384,10643528,10643384,0,1702,1701
openb-pod-1703,3152,5600,1,810,,BestEffort,Failed,10643423,10643565,10643491,0,1703,1702
openb-pod-1704,4000,30517,1,230,,BestEffort,Running,10643478,10643666,10643616,0,1704,1703
openb-pod-1705,4000,30517,1,230,,BestEffort,Running,10643478,10643666,10643616,0,1705,1704
openb-pod-1706,4000,30517,1,230,,BestEffort,Running,10643599,10643666,10643600,0,1706,1705
openb-pod-1707,3152,5600,1,810,,BestEffort,Failed,10643661,10643749,10643662,0,1707,1706
openb-pod-1708,4000,30517,1,230,,BestEffort,Pending,10643664,10643985,,0,1708,1707
openb-pod-1709,4000,30517,1,230,,BestEffort,Pending,10643985,10643991,,0,1709,1708
openb-pod-1710,3152,5600,1,810,,BestEffort,Failed,10644001,10644057,10644001,0,1710,1709
openb-pod-1711,8000,30517,1,320,,BestEffort,Running,10644275,10644740,10644275,0,1711,1710
openb-pod-1712,18708,64512,1,1000,,LS,Running,10644279,10651861,10644282,0,1712,1711
openb-pod-1713,12500,57344,0,0,,LS,Running,10644349,10644970,10644351,0,1713,1712
openb-pod-1714,12500,57344,0,0,,LS,Running,10644350,10644959,10644354,0,1714,1713
openb-pod-1715,12500,57344,0,0,,LS,Running,10644355,10644932,10644358,0,1715,1714
openb-pod-1716,3152,5600,1,810,,BestEffort,Failed,10644680,10644850,10644680,0,1716,1715
openb-pod-1717,12500,57344,0,0,,LS,Running,10644683,10644901,10644718,0,1717,1716
openb-pod-1718,18708,64512,1,1000,,LS,Pending,10644799,10644898,,0,1718,1717
openb-pod-1719,8000,30517,1,320,,BestEffort,Running,10645428,10645642,10645567,0,1719,1718
openb-pod-1720,3152,5600,1,810,,BestEffort,Failed,10645640,10645818,10645672,0,1720,1719
openb-pod-1721,18708,64512,1,1000,,LS,Pending,10645801,10645898,,0,1721,1720
openb-pod-1722,15700,58368,1,1000,,LS,Running,10646016,10648276,10646019,0,1722,1721
openb-pod-1723,3152,5600,1,810,,BestEffort,Failed,10646050,10646127,10646050,0,1723,1722
openb-pod-1724,3152,5600,1,810,,BestEffort,Failed,10646071,10646327,10646174,0,1724,1723
openb-pod-1725,3152,5600,1,810,,BestEffort,Failed,10646471,10646621,10646471,0,1725,1724
openb-pod-1726,3152,5600,1,1000,,BestEffort,Failed,10646508,10646699,10646508,0,1726,1725
openb-pod-1727,3152,5600,1,810,,BestEffort,Failed,10646512,10646660,10646512,0,1727,1726
openb-pod-1728,8000,16384,1,1000,,LS,Running,10646562,10649559,10646564,0,1728,1727
openb-pod-1729,8000,30517,1,470,,BestEffort,Running,10646569,10646779,10646742,0,1729,1728
openb-pod-1730,8000,30517,1,320,,BestEffort,Running,10646759,10672875,10646760,0,1730,1729
openb-pod-1731,8000,30517,0,0,,BestEffort,Running,10646777,10648977,10646777,0,1731,1730
openb-pod-1732,4000,30517,1,230,,BestEffort,Running,10647070,10650050,10648633,0,1732,1731
openb-pod-1733,3152,5600,1,1000,,BestEffort,Failed,10647574,10647710,10647574,0,1733,1732
openb-pod-1734,16500,51200,0,0,,LS,Running,10647629,10657070,10647631,0,1734,1733
openb-pod-1735,4000,15258,1,320,,BestEffort,Running,10647871,10652259,10647880,0,1735,1734
openb-pod-1736,4000,30517,1,230,,BestEffort,Pending,10648020,10648517,,0,1736,1735
openb-pod-1737,3152,5600,1,1000,,BestEffort,Failed,10648174,10648403,10648174,0,1737,1736
openb-pod-1738,3152,5600,1,810,,BestEffort,Failed,10648541,10648622,10648541,0,1738,1737
openb-pod-1739,8000,30517,0,0,,BestEffort,Running,10648627,10648978,10648627,0,1739,1738
openb-pod-1740,3152,5600,1,810,,BestEffort,Failed,10648766,10648829,10648766,0,1740,1739
openb-pod-1741,3152,5600,1,1000,,BestEffort,Failed,10648822,10648954,10648822,0,1741,1740
openb-pod-1742,15700,58368,1,1000,,LS,Running,10648890,10651125,10648924,0,1742,1741
openb-pod-1743,15700,58368,1,1000,,LS,Pending,10648911,10648938,,0,1743,1742
openb-pod-1744,8000,32768,1,1000,,LS,Running,10648940,10659558,10651174,0,1744,1743
openb-pod-1745,4000,30517,1,230,,BestEffort,Running,10649133,10651992,10651859,0,1745,1744
openb-pod-1746,11400,48128,1,1000,,LS,Running,10649150,10650942,10649154,0,1746,1745
openb-pod-1747,3152,5600,1,1000,,BestEffort,Failed,10649991,10650202,10649991,0,1747,1746
openb-pod-1748,8000,16384,1,1000,,LS,Running,10650038,10654298,10650040,0,1748,1747
openb-pod-1749,3152,5600,1,1000,,BestEffort,Failed,10650241,10650461,10650242,0,1749,1748
openb-pod-1750,15700,58368,1,1000,,LS,Pending,10651055,10651154,,0,1750,1749
openb-pod-1751,9810,41560,1,1000,,LS,Running,10651499,10653417,10651535,0,1751,1750
openb-pod-1752,3152,5600,1,1000,,BestEffort,Failed,10651698,10651902,10651698,0,1752,1751
openb-pod-1753,3152,5600,1,810,,BestEffort,Failed,10651826,10651977,10651826,0,1753,1752
openb-pod-1754,4000,30517,1,230,,BestEffort,Running,10652054,10652296,10652264,0,1754,1753
openb-pod-1755,3152,5600,1,810,,BestEffort,Failed,10652600,10652666,10652600,0,1755,1754
openb-pod-1756,3152,5600,1,810,,BestEffort,Failed,10652637,10652720,10652637,0,1756,1755
openb-pod-1757,3152,5600,1,810,,BestEffort,Failed,10652875,10652950,10652875,0,1757,1756
openb-pod-1758,3152,5600,1,810,,BestEffort,Failed,10652941,10653089,10652941,0,1758,1757
openb-pod-1759,3152,5600,1,810,,BestEffort,Running,10653290,10675587,10653290,0,1759,1758
openb-pod-1760,12000,16384,1,1000,,LS,Running,10653875,10655914,10653875,0,1760,1759
openb-pod-1761,3152,5600,1,810,,BestEffort,Failed,10654717,10654782,10654718,0,1761,1760
openb-pod-1762,15700,58368,1,1000,,LS,Running,10655122,10655377,10655155,0,1762,1761
openb-pod-1763,32000,49152,0,0,,BestEffort,Running,10656080,10656229,10656082,0,1763,1762
openb-pod-1764,3152,5600,1,1000,,BestEffort,Failed,10656273,10656487,10656273,0,1764,1763
openb-pod-1765,12000,16384,1,1000,,LS,Running,10656453,10656993,10656454,0,1765,1764
openb-pod-1766,4152,10600,1,270,,BestEffort,Failed,10656697,10706214,10656698,0,1766,1765
openb-pod-1767,32000,49152,0,0,,BestEffort,Running,10656856,10657005,10656858,0,1767,1766
openb-pod-1768,32000,49152,0,0,,BestEffort,Running,10657497,10657647,10657502,0,1768,1767
openb-pod-1769,8000,30517,1,320,,BestEffort,Running,10657876,10685285,10657877,0,1769,1768
openb-pod-1770,8000,30517,1,320,,BestEffort,Running,10657877,10685288,10657879,0,1770,1769
openb-pod-1771,8000,30517,1,320,,BestEffort,Running,10657877,10660609,10657879,0,1771,1770
openb-pod-1772,15700,58368,1,1000,,LS,Pending,10657987,10658075,,0,1772,1771
openb-pod-1773,11908,47104,1,470,,LS,Running,10658378,10658796,10658446,0,1773,1772
openb-pod-1774,3152,5600,1,590,,BestEffort,Failed,10658479,10672462,10658479,0,1774,1773
openb-pod-1775,3152,5600,1,1000,,BestEffort,Failed,10659595,10659802,10659595,0,1775,1774
openb-pod-1776,12000,24576,1,1000,,LS,Running,10661315,10663415,10661315,0,1776,1775
openb-pod-1777,6000,22888,1,160,,BestEffort,Running,10661745,10688058,10661745,0,1777,1776
openb-pod-1778,3152,5600,1,810,,BestEffort,Failed,10662507,10662673,10662508,0,1778,1777
openb-pod-1779,3152,5600,1,1000,,BestEffort,Failed,10663658,10663863,10663658,0,1779,1778
openb-pod-1780,15700,58368,1,1000,,LS,Running,10663820,10666572,10663822,0,1780,1779
openb-pod-1781,3152,5600,1,1000,,BestEffort,Failed,10665002,10665251,10665003,0,1781,1780
openb-pod-1782,3152,5600,1,810,,BestEffort,Failed,10666012,10666160,10666012,0,1782,1781
openb-pod-1783,3152,5600,1,1000,,BestEffort,Failed,10666224,10666438,10666224,0,1783,1782
openb-pod-1784,3152,5600,1,810,,BestEffort,Failed,10667061,10667210,10667061,0,1784,1783
openb-pod-1785,12000,24576,1,1000,,LS,Running,10667135,10672174,10667136,0,1785,1784
openb-pod-1786,12000,24576,1,1000,,LS,Running,10667435,10672115,10667435,0,1786,1785
openb-pod-1787,12000,24576,1,1000,,LS,Running,10667495,10672115,10667495,0,1787,1786
openb-pod-1788,3152,5600,1,1000,,BestEffort,Failed,10667961,10668160,10667961,0,1788,1787
openb-pod-1789,4152,10600,1,550,,BestEffort,Failed,10668061,10668122,10668061,0,1789,1788
openb-pod-1790,3152,5600,1,1000,,BestEffort,Failed,10668813,10669018,10668813,0,1790,1789
openb-pod-1791,3152,5600,1,810,,BestEffort,Failed,10668962,10669109,10668962,0,1791,1790
openb-pod-1792,4152,10600,1,550,,BestEffort,Failed,10669358,10669412,10669358,0,1792,1791
openb-pod-1793,15700,58368,1,1000,,LS,Running,10670719,10673527,10670754,0,1793,1792
openb-pod-1794,16000,32768,1,1000,,LS,Succeeded,10671173,10674786,10671173,0,1794,1793
openb-pod-1795,3152,5600,1,810,,BestEffort,Failed,10671956,10672112,10671956,0,1795,1794
openb-pod-1796,8000,16384,1,1000,,LS,Running,10672357,10673196,10672359,0,1796,1795
openb-pod-1797,3152,5600,1,1000,,BestEffort,Failed,10673046,10673251,10673046,0,1797,1796
openb-pod-1798,15700,58368,1,1000,,LS,Running,10674417,10676533,10674450,0,1798,1797
openb-pod-1799,3152,5600,1,1000,,BestEffort,Failed,10674683,10674889,10674683,0,1799,1798
openb-pod-1800,4152,10600,1,550,,BestEffort,Failed,10675622,10675653,10675622,0,1800,1799
openb-pod-1801,15700,58368,1,1000,,LS,Running,10676175,10679271,10676210,0,1801,1800
openb-pod-1802,15700,58368,1,1000,,LS,Running,10676483,10679898,10676485,0,1802,1801
openb-pod-1803,3152,5600,1,1000,,BestEffort,Failed,10677565,10677841,10677565,0,1803,1802
openb-pod-1804,3152,5600,1,1000,,BestEffort,Failed,10679143,10679338,10679144,0,1804,1803
openb-pod-1805,3152,5600,1,810,,BestEffort,Failed,10679382,10679537,10679382,0,1805,1804
openb-pod-1806,15700,58368,1,1000,,LS,Running,10679807,10681963,10679841,0,1806,1805
openb-pod-1807,12000,24576,1,1000,,LS,Running,10680336,10691615,10680336,0,1807,1806
openb-pod-1808,3152,5600,1,1000,,BestEffort,Failed,10680346,10680562,10680346,0,1808,1807
openb-pod-1809,32000,49152,0,0,,BestEffort,Running,10680596,10680750,10680601,0,1809,1808
openb-pod-1810,32000,49152,0,0,,BestEffort,Running,10680596,10680780,10680601,0,1810,1809
openb-pod-1811,32000,49152,0,0,,BestEffort,Running,10680601,10680780,10680604,0,1811,1810
openb-pod-1812,32000,49152,0,0,,BestEffort,Running,10681180,10681329,10681188,0,1812,1811
openb-pod-1813,32000,49152,0,0,,BestEffort,Running,10681180,10681328,10681184,0,1813,1812
openb-pod-1814,4000,15258,1,320,,BestEffort,Running,10683715,10690155,10683716,0,1814,1813
openb-pod-1815,8000,30517,0,0,,BestEffort,Running,10683745,10705213,10683746,0,1815,1814
openb-pod-1816,8000,30517,0,0,,BestEffort,Running,10683747,10705266,10683747,0,1816,1815
openb-pod-1817,3152,5600,1,810,,BestEffort,Failed,10684047,10684191,10684047,0,1817,1816
openb-pod-1818,3152,5600,1,1000,,BestEffort,Failed,10684998,10685197,10684999,0,1818,1817
openb-pod-1819,3152,5600,1,1000,,BestEffort,Failed,10687169,10687391,10687169,0,1819,1818
openb-pod-1820,3152,5600,1,810,,BestEffort,Failed,10687855,10688024,10687856,0,1820,1819
openb-pod-1821,12000,16384,1,1000,,LS,Running,10687893,10689333,10687893,0,1821,1820
openb-pod-1822,3152,5600,1,810,,BestEffort,Failed,10688894,10689042,10688894,0,1822,1821
openb-pod-1823,16500,51200,0,0,,LS,Running,10689220,10694522,10689222,0,1823,1822
openb-pod-1824,11908,47104,1,470,,LS,Running,10689757,10690069,10689829,0,1824,1823
openb-pod-1825,3152,5600,1,810,,BestEffort,Failed,10689883,10690010,10689883,0,1825,1824
openb-pod-1826,11908,47104,1,470,,LS,Pending,10689941,10690071,,0,1826,1825
openb-pod-1827,11908,47104,1,470,,LS,Pending,10689950,10690073,,0,1827,1826
openb-pod-1828,3152,5600,1,810,,BestEffort,Failed,10689955,10690010,10689956,0,1828,1827
openb-pod-1829,8000,30517,1,470,,BestEffort,Running,10689994,10692866,10690132,0,1829,1828
openb-pod-1830,4000,22888,1,320,,BestEffort,Running,10690004,10690113,10690004,0,1830,1829
openb-pod-1831,3152,5600,1,810,,BestEffort,Failed,10690011,10690215,10690078,0,1831,1830
openb-pod-1832,3152,5600,1,810,,BestEffort,Failed,10690314,10690442,10690314,0,1832,1831
openb-pod-1833,3152,5600,1,810,,BestEffort,Failed,10690695,10690825,10690695,0,1833,1832
openb-pod-1834,3152,5600,1,590,,BestEffort,Failed,10691001,10691126,10691002,0,1834,1833
openb-pod-1835,3152,5600,1,810,,BestEffort,Failed,10691064,10691188,10691064,0,1835,1834
openb-pod-1836,3152,5600,1,590,,BestEffort,Failed,10691284,10691400,10691284,0,1836,1835
openb-pod-1837,16500,51200,0,0,,LS,Running,10691513,10691996,10691516,0,1837,1836
openb-pod-1838,16500,51200,0,0,,LS,Running,10691553,10692051,10691555,0,1838,1837
openb-pod-1839,16500,51200,0,0,,LS,Running,10691557,10691996,10691563,0,1839,1838
openb-pod-1840,16500,51200,0,0,,LS,Running,10691565,10691779,10691567,0,1840,1839
openb-pod-1841,3152,5600,1,590,,BestEffort,Failed,10692130,10692242,10692130,0,1841,1840
openb-pod-1842,88000,327680,8,1000,,Burstable,Failed,10692277,10695844,10692278,0,1842,1841
openb-pod-1843,3152,5600,1,810,,BestEffort,Failed,10692393,10692626,10692393,0,1843,1842
openb-pod-1844,11400,48128,1,1000,,LS,Running,10692471,10694352,10692576,0,1844,1843
openb-pod-1845,8000,30517,1,470,,BestEffort,Running,10693137,10694151,10693239,0,1845,1844
openb-pod-1846,15400,51200,0,0,,LS,Running,10693277,10693591,10693280,0,1846,1845
openb-pod-1847,3152,5600,1,1000,,BestEffort,Failed,10693630,10693873,10693630,0,1847,1846
openb-pod-1848,3152,5600,1,810,,BestEffort,Failed,10693799,10693975,10693799,0,1848,1847
openb-pod-1849,12000,24576,1,1000,,LS,Succeeded,10693843,10724074,10693843,0,1849,1848
openb-pod-1850,4000,22888,1,350,,BestEffort,Running,10694113,10694857,10694183,0,1850,1849
openb-pod-1851,3152,5600,1,810,,BestEffort,Failed,10694362,10694532,10694362,0,1851,1850
openb-pod-1852,3152,5600,1,810,,BestEffort,Failed,10694679,10694724,10694679,0,1852,1851
openb-pod-1853,3152,5600,1,810,,BestEffort,Failed,10694806,10694925,10694806,0,1853,1852
openb-pod-1854,3152,5600,1,810,,BestEffort,Failed,10694906,10695000,10694907,0,1854,1853
openb-pod-1855,3152,5600,1,810,,BestEffort,Failed,10695204,10695294,10695204,0,1855,1854
openb-pod-1856,3152,5600,1,810,,BestEffort,Failed,10695272,10695389,10695272,0,1856,1855
openb-pod-1857,15700,58368,1,1000,,LS,Running,10695393,10697563,10695396,0,1857,1856
openb-pod-1858,15400,51200,0,0,,LS,Running,10695455,10696344,10695457,0,1858,1857
openb-pod-1859,3152,5600,1,810,,BestEffort,Failed,10695522,10695667,10695523,0,1859,1858
openb-pod-1860,11908,47104,1,1000,,BestEffort,Running,10695666,10697821,10695668,0,1860,1859
openb-pod-1861,3152,5600,1,810,,BestEffort,Failed,10695717,10695937,10695717,0,1861,1860
openb-pod-1862,3152,5600,1,810,,BestEffort,Failed,10695739,10695867,10695739,0,1862,1861
openb-pod-1863,11908,47104,1,1000,,BestEffort,Running,10695900,10695999,10695971,0,1863,1862
openb-pod-1864,4000,15258,1,230,,BestEffort,Pending,10695903,10695989,,0,1864,1863
openb-pod-1865,4000,22888,1,320,,BestEffort,Running,10695939,10696126,10696009,0,1865,1864
openb-pod-1866,8000,30517,1,320,,BestEffort,Running,10696159,10696538,10696160,0,1866,1865
openb-pod-1867,3152,5600,1,810,,BestEffort,Failed,10696189,10696935,10696190,0,1867,1866
openb-pod-1868,3152,5600,1,1000,,BestEffort,Failed,10696372,10696541,10696372,0,1868,1867
openb-pod-1869,15400,51200,0,0,,LS,Running,10696595,10696905,10696597,0,1869,1868
openb-pod-1870,3152,5600,1,1000,,BestEffort,Failed,10696678,10696769,10696678,0,1870,1869
openb-pod-1871,3152,5600,1,810,,BestEffort,Failed,10696883,10697071,10696884,0,1871,1870
openb-pod-1872,3152,5600,1,810,,BestEffort,Failed,10696996,10697083,10696996,0,1872,1871
openb-pod-1873,8000,30517,1,320,,BestEffort,Running,10697207,10697445,10697274,0,1873,1872
openb-pod-1874,3152,5600,1,810,,BestEffort,Pending,10697309,10697318,,0,1874,1873
openb-pod-1875,3152,5600,1,810,,BestEffort,Failed,10697448,10704540,10697448,0,1875,1874
openb-pod-1876,8000,16384,1,1000,,Burstable,Succeeded,10697495,10701636,10697496,0,1876,1875
openb-pod-1877,4152,10600,1,370,,BestEffort,Failed,10697537,10698343,10697538,0,1877,1876
openb-pod-1878,16000,65536,1,1000,,LS,Running,10697677,10698762,10697681,0,1878,1877
openb-pod-1879,8000,30517,0,0,,BestEffort,Running,10697699,10699712,10697699,0,1879,1878
openb-pod-1880,16500,51200,0,0,,LS,Running,10699813,10700357,10699815,0,1880,1879
openb-pod-1881,11400,48128,1,1000,,LS,Pending,10700072,10700145,,0,1881,1880
openb-pod-1882,3152,5600,1,1000,,BestEffort,Failed,10701015,10701185,10701016,0,1882,1881
openb-pod-1883,4152,10600,1,550,,BestEffort,Failed,10701611,10701641,10701611,0,1883,1882
openb-pod-1884,15400,51200,0,0,,LS,Running,10701674,10703015,10701708,0,1884,1883
openb-pod-1885,15700,58368,1,1000,,LS,Running,10701674,10704195,10701708,0,1885,1884
openb-pod-1886,3152,5600,1,1000,,BestEffort,Failed,10701870,10701982,10701870,0,1886,1885
openb-pod-1887,11400,48128,1,1000,,LS,Running,10702087,10704510,10702123,0,1887,1886
openb-pod-1888,12000,15360,1,1000,,LS,Running,10702237,10729595,10702237,0,1888,1887
openb-pod-1889,15700,58368,1,1000,,LS,Running,10702950,10705116,10702983,0,1889,1888
openb-pod-1890,15700,58368,1,1000,,LS,Running,10703308,10705509,10703343,0,1890,1889
openb-pod-1891,32000,49152,0,0,,BestEffort,Running,10703545,10703694,10703552,0,1891,1890
openb-pod-1892,12000,24576,1,1000,,Burstable,Failed,10703619,10703673,10703619,0,1892,1891
openb-pod-1893,11400,48128,1,1000,,LS,Running,10703820,10704233,10703822,0,1893,1892
openb-pod-1894,12500,57344,0,0,,LS,Running,10703900,10704552,10703933,0,1894,1893
openb-pod-1895,12500,57344,0,0,,LS,Running,10704081,10704313,10704113,0,1895,1894
openb-pod-1896,32000,49152,0,0,,BestEffort,Running,10704127,10704308,10704130,0,1896,1895
openb-pod-1897,32000,49152,0,0,,BestEffort,Running,10704128,10704309,10704130,0,1897,1896
openb-pod-1898,11400,48128,1,1000,,LS,Pending,10704160,10704235,,0,1898,1897
openb-pod-1899,12500,57344,0,0,,LS,Running,10704162,10704389,10704198,0,1899,1898
openb-pod-1900,11400,48128,1,1000,,LS,Running,10704395,10704525,10704398,0,1900,1899
openb-pod-1901,11400,48128,1,1000,,LS,Running,10704404,10704521,10704406,0,1901,1900
openb-pod-1902,32000,49152,0,0,,BestEffort,Running,10704703,10704884,10704705,0,1902,1901
openb-pod-1903,3152,5600,1,810,,BestEffort,Failed,10704811,10714060,10704811,0,1903,1902
openb-pod-1904,3152,5600,1,810,,BestEffort,Failed,10704947,10705092,10704947,0,1904,1903
openb-pod-1905,3152,5600,1,810,,BestEffort,Failed,10705037,10705202,10705037,0,1905,1904
openb-pod-1906,11400,48128,1,1000,,LS,Running,10705216,10705576,10705249,0,1906,1905
openb-pod-1907,11400,48128,1,1000,,LS,Running,10705282,10705376,10705319,0,1907,1906
openb-pod-1908,3152,5600,1,810,,BestEffort,Failed,10705342,10710037,10705342,0,1908,1907
openb-pod-1909,18708,64512,1,1000,,LS,Running,10705525,10705690,10705528,0,1909,1908
openb-pod-1910,18708,64512,1,1000,,LS,Running,10705525,10705689,10705528,0,1910,1909
openb-pod-1911,4152,10600,1,550,,BestEffort,Failed,10706343,10706401,10706343,0,1911,1910
openb-pod-1912,4152,10600,1,550,,BestEffort,Failed,10706467,10706497,10706468,0,1912,1911
openb-pod-1913,15700,58368,1,1000,,LS,Running,10707394,10709495,10707396,0,1913,1912
openb-pod-1914,8200,33792,1,1000,,LS,Failed,10708156,10709615,10708156,0,1914,1913
openb-pod-1915,3152,5600,1,1000,,BestEffort,Failed,10708284,10708513,10708284,0,1915,1914
openb-pod-1916,12000,24576,1,1000,,Burstable,Succeeded,10708418,10712074,10708418,0,1916,1915
openb-pod-1917,11400,57344,0,0,,LS,Running,10708551,10710002,10708553,0,1917,1916
openb-pod-1918,12000,15360,1,1000,,LS,Running,10708596,10710515,10708596,0,1918,1917
openb-pod-1919,3152,5600,1,1000,,BestEffort,Failed,10708879,10709080,10708879,0,1919,1918
openb-pod-1920,4000,15258,1,320,,BestEffort,Pending,10709485,10709625,,0,1920,1919
openb-pod-1921,11300,37888,1,1000,,LS,Running,10710068,10711986,10710068,0,1921,1920
openb-pod-1922,11400,48128,1,1000,,LS,Running,10710115,10711983,10710119,0,1922,1921
openb-pod-1923,8000,16384,1,1000,,LS,Running,10710154,10713755,10710154,0,1923,1922
openb-pod-1924,3152,5600,1,810,,BestEffort,Failed,10710174,10714060,10710174,0,1924,1923
openb-pod-1925,3152,5600,1,590,,BestEffort,Failed,10710260,10710277,10710260,0,1925,1924
openb-pod-1926,3152,5600,1,1000,,BestEffort,Failed,10710382,10710559,10710382,0,1926,1925
openb-pod-1927,3152,5600,1,810,,BestEffort,Failed,10711110,10711260,10711110,0,1927,1926
openb-pod-1928,4000,15258,1,160,,BestEffort,Running,10711209,10712227,10711211,0,1928,1927
openb-pod-1929,4000,15258,1,160,,BestEffort,Running,10711222,10712528,10711226,0,1929,1928
openb-pod-1930,4000,15258,1,160,,BestEffort,Running,10711224,10712527,10711226,0,1930,1929
openb-pod-1931,8000,30517,1,470,,BestEffort,Running,10711265,10711700,10711333,0,1931,1930
openb-pod-1932,11400,57344,0,0,,LS,Running,10711456,10713026,10711492,0,1932,1931
openb-pod-1933,11400,57344,0,0,,LS,Running,10711517,10712856,10711552,0,1933,1932
openb-pod-1934,11400,57344,0,0,,LS,Running,10711520,10712408,10711522,0,1934,1933
openb-pod-1935,8000,16384,1,1000,,LS,Running,10711540,10712566,10711543,0,1935,1934
openb-pod-1936,18708,64512,1,1000,,LS,Running,10711742,10712586,10711812,0,1936,1935
openb-pod-1937,11400,57344,0,0,,LS,Running,10711854,10712283,10711857,0,1937,1936
openb-pod-1938,11400,57344,0,0,,LS,Pending,10711888,10711956,,0,1938,1937
openb-pod-1939,18708,64512,1,1000,,LS,Running,10712000,10712080,10712002,0,1939,1938
openb-pod-1940,11400,57344,0,0,,LS,Running,10712044,10713664,10712046,0,1940,1939
openb-pod-1941,4152,10600,1,550,,BestEffort,Failed,10712251,10712305,10712252,0,1941,1940
openb-pod-1942,3152,5600,1,1000,,BestEffort,Failed,10712254,10712471,10712254,0,1942,1941
openb-pod-1943,3152,5600,1,1000,,BestEffort,Failed,10712494,10712702,10712494,0,1943,1942
openb-pod-1944,11400,57344,0,0,,LS,Running,10712579,10713680,10712612,0,1944,1943
openb-pod-1945,4152,10600,1,550,,BestEffort,Failed,10712677,10712707,10712677,0,1945,1944
openb-pod-1946,11400,48128,1,1000,,LS,Running,10713332,10713933,10713334,0,1946,1945
openb-pod-1947,11400,48128,1,1000,,LS,Running,10713333,10713952,10713368,0,1947,1946
openb-pod-1948,16000,32768,1,1000,,LS,Running,10713339,10715587,10713341,0,1948,1947
openb-pod-1949,4152,10600,1,810,,BestEffort,Failed,10713399,10713463,10713400,0,1949,1948
openb-pod-1950,11400,48128,1,1000,,LS,Running,10714998,10715090,10715033,0,1950,1949
openb-pod-1951,4000,31250,1,1000,,LS,Running,10715344,10726480,10715345,0,1951,1950
openb-pod-1952,16000,32768,1,1000,,LS,Running,10715679,10716763,10715681,0,1952,1951
openb-pod-1953,11908,47104,1,470,,LS,Pending,10715881,10715976,,0,1953,1952
openb-pod-1954,11300,37888,1,1000,,LS,Running,10716310,10717392,10716446,0,1954,1953
openb-pod-1955,11908,47104,1,1000,,BestEffort,Running,10716405,10716484,10716442,0,1955,1954
openb-pod-1956,12500,57344,0,0,,LS,Running,10716963,10717199,10717000,0,1956,1955
openb-pod-1957,11908,47104,1,1000,,BestEffort,Running,10717093,10717907,10717096,0,1957,1956
openb-pod-1958,12000,15360,1,1000,,LS,Running,10717116,10726896,10717116,0,1958,1957
openb-pod-1959,12000,15360,1,1000,,LS,Running,10717116,10726896,10717116,0,1959,1958
openb-pod-1960,12500,57344,0,0,,LS,Running,10717191,10717756,10717223,0,1960,1959
openb-pod-1961,12500,57344,0,0,,LS,Running,10717233,10717629,10717235,0,1961,1960
openb-pod-1962,18708,64512,1,1000,,LS,Running,10717273,10718429,10717308,0,1962,1961
openb-pod-1963,12500,57344,0,0,,LS,Running,10717382,10717600,10717384,0,1963,1962
openb-pod-1964,3152,5600,1,1000,,BestEffort,Failed,10717431,10717618,10717432,0,1964,1963
openb-pod-1965,8000,30517,1,470,,BestEffort,Running,10717569,10718164,10717810,0,1965,1964
openb-pod-1966,8000,15625,0,0,,LS,Running,10717746,10717925,10717748,0,1966,1965
openb-pod-1967,4000,24576,1,1000,,LS,Succeeded,10717860,10721933,10717861,0,1967,1966
openb-pod-1968,12000,24576,1,1000,,LS,Succeeded,10717919,10717967,10717919,0,1968,1967
openb-pod-1969,16500,51200,0,0,,LS,Running,10717964,10718136,10717966,0,1969,1968
openb-pod-1970,16500,51200,0,0,,LS,Running,10718017,10718214,10718019,0,1970,1969
openb-pod-1971,9810,41560,1,1000,,LS,Running,10718145,10720290,10718179,0,1971,1970
openb-pod-1972,9810,41560,1,1000,,LS,Running,10718152,10718336,10718189,0,1972,1971
openb-pod-1973,9810,41560,1,1000,,LS,Running,10718200,10718395,10718202,0,1973,1972
openb-pod-1974,4152,10600,1,550,,BestEffort,Failed,10718594,10718624,10718594,0,1974,1973
openb-pod-1975,8000,30517,1,470,,BestEffort,Pending,10718876,10719095,,0,1975,1974
openb-pod-1976,15400,51200,0,0,,LS,Running,10718885,10719864,10718887,0,1976,1975
openb-pod-1977,16000,65536,1,1000,,LS,Running,10719282,10735368,10719319,0,1977,1976
openb-pod-1978,4152,10600,1,370,,BestEffort,Failed,10719658,10720466,10719658,0,1978,1977
openb-pod-1979,8000,30517,1,470,,BestEffort,Running,10719693,10719827,10719694,0,1979,1978
openb-pod-1980,11400,48128,1,1000,,LS,Running,10720534,10720562,10720536,0,1980,1979
openb-pod-1981,4152,10600,1,550,,BestEffort,Failed,10720951,10721004,10720951,0,1981,1980
openb-pod-1982,4000,24576,1,1000,,LS,Succeeded,10721537,10725739,10721537,0,1982,1981
openb-pod-1983,8000,30517,1,470,,BestEffort,Pending,10721721,10721744,,0,1983,1982
openb-pod-1984,15700,58368,1,1000,,LS,Pending,10721796,10721997,,0,1984,1983
openb-pod-1985,15700,58368,1,1000,,LS,Running,10722360,10724736,10722362,0,1985,1984
openb-pod-1986,4152,10600,1,550,,BestEffort,Failed,10722753,10722780,10722753,0,1986,1985
openb-pod-1987,12000,24576,1,1000,,LS,Failed,10722758,10727439,10723003,0,1987,1986
openb-pod-1988,12500,57344,0,0,,LS,Running,10723624,10725759,10723660,0,1988,1987
openb-pod-1989,12500,57344,0,0,,LS,Running,10723647,10725796,10723649,0,1989,1988
openb-pod-1990,12500,57344,0,0,,LS,Running,10723647,10725796,10723649,0,1990,1989
openb-pod-1991,12500,57344,0,0,,LS,Running,10723648,10725796,10723686,0,1991,1990
openb-pod-1992,12500,57344,0,0,,LS,Running,10723650,10725840,10723654,0,1992,1991
openb-pod-1993,12000,16000,1,1000,,LS,Running,10723894,10724734,10723963,0,1993,1992
openb-pod-1994,8000,30517,1,470,,BestEffort,Running,10724620,10728291,10726177,0,1994,1993
openb-pod-1995,12000,16384,1,1000,,LS,Running,10724733,10725272,10724799,0,1995,1994
openb-pod-1996,4152,10600,1,370,,BestEffort,Failed,10725317,10726121,10725317,0,1996,1995
openb-pod-1997,3152,5600,1,1000,,BestEffort,Pending,10725698,10725703,,0,1997,1996
openb-pod-1998,15400,51200,0,0,,LS,Running,10725785,10727435,10725821,0,1998,1997
openb-pod-1999,4000,30517,1,320,,BestEffort,Running,10725805,10726861,10725805,0,1999,1998
openb-pod-2000,4152,10600,1,550,,BestEffort,Failed,10725805,10725891,10725805,0,2000,1999
openb-pod-2001,15400,51200,0,0,,LS,Running,10725873,10726332,10725906,0,2001,2000
openb-pod-2002,3152,5600,1,1000,,BestEffort,Failed,10726767,10726919,10726767,0,2002,2001
openb-pod-2003,3152,5600,1,1000,,BestEffort,Failed,10727104,10727316,10727105,0,2003,2002
openb-pod-2004,6000,6144,1,460,,LS,Running,10727253,10728303,10727254,0,2004,2003
openb-pod-2005,11908,47104,1,650,,LS,Running,10727401,10731970,10727404,0,2005,2004
openb-pod-2006,3152,5600,1,1000,,BestEffort,Failed,10727819,10727978,10727819,0,2006,2005
openb-pod-2007,32000,49152,0,0,,BestEffort,Running,10727897,10728075,10727899,0,2007,2006
openb-pod-2008,3152,5600,1,1000,,BestEffort,Failed,10728140,10728288,10728140,0,2008,2007
openb-pod-2009,11400,48128,1,1000,,LS,Running,10728374,10733219,10728409,0,2009,2008
openb-pod-2010,11908,47104,1,470,,LS,Running,10728607,10732259,10728679,0,2010,2009
openb-pod-2011,18708,64512,1,1000,,LS,Running,10728617,10729079,10729039,0,2011,2010
openb-pod-2012,16000,31250,0,0,,LS,Running,10728855,10729780,10728857,0,2012,2011
openb-pod-2013,12000,24576,1,1000,,LS,Succeeded,10729535,10729639,10729537,0,2013,2012
openb-pod-2014,11908,47104,1,470,,LS,Running,10729655,10731342,10730003,0,2014,2013
openb-pod-2015,4152,10600,1,550,,BestEffort,Failed,10729842,10729872,10729843,0,2015,2014
openb-pod-2016,4152,10600,1,550,,BestEffort,Failed,10730003,10730031,10730003,0,2016,2015
openb-pod-2017,12500,57344,0,0,,LS,Running,10730848,10732395,10730884,0,2017,2016
openb-pod-2018,8200,33792,1,1000,,LS,Failed,10731531,10732803,10731531,0,2018,2017
openb-pod-2019,11400,48128,1,1000,,LS,Running,10731648,10733682,10731684,0,2019,2018
openb-pod-2020,11400,48128,1,1000,,LS,Running,10731652,10743967,10731654,0,2020,2019
openb-pod-2021,3152,5600,1,1000,,BestEffort,Failed,10732382,10732511,10732382,0,2021,2020
openb-pod-2022,4152,10600,1,370,,BestEffort,Failed,10732385,10733184,10732385,0,2022,2021
openb-pod-2023,16500,51200,0,0,,LS,Running,10732386,10733829,10732420,0,2023,2022
openb-pod-2024,8000,30517,1,470,,BestEffort,Running,10732440,10732728,10732614,0,2024,2023
openb-pod-2025,11908,47104,1,1000,,BestEffort,Pending,10732934,10733054,,0,2025,2024
openb-pod-2026,16500,51200,0,0,,LS,Running,10732936,10733037,10732938,0,2026,2025
openb-pod-2027,11400,48128,1,1000,,LS,Running,10732939,10735728,10732942,0,2027,2026
openb-pod-2028,18708,64512,1,1000,,LS,Running,10732982,10734449,10732988,0,2028,2027
openb-pod-2029,6000,18432,1,460,,LS,Running,10733057,10734035,10733058,0,2029,2028
openb-pod-2030,3152,5600,1,1000,,BestEffort,Pending,10733102,10733173,,0,2030,2029
openb-pod-2031,15400,51200,0,0,,LS,Running,10733472,10733692,10733474,0,2031,2030
openb-pod-2032,15400,51200,0,0,,LS,Running,10733527,10733797,10733566,0,2032,2031
openb-pod-2033,3152,5600,1,1000,,BestEffort,Failed,10733576,10733786,10733576,0,2033,2032
openb-pod-2034,3152,5600,1,1000,,BestEffort,Failed,10735278,10735426,10735278,0,2034,2033
openb-pod-2035,4000,15258,1,230,,BestEffort,Running,10735391,10735511,10735391,0,2035,2034
openb-pod-2036,4152,10600,1,370,,BestEffort,Failed,10735448,10736235,10735448,0,2036,2035
openb-pod-2037,4152,10600,1,370,,BestEffort,Failed,10736347,10737133,10736347,0,2037,2036
openb-pod-2038,8000,30517,1,470,,BestEffort,Pending,10736456,10737036,,0,2038,2037
openb-pod-2039,3152,5600,1,1000,,BestEffort,Failed,10736760,10736901,10736760,0,2039,2038
openb-pod-2040,4152,10600,1,370,,BestEffort,Failed,10737192,10738261,10737192,0,2040,2039
openb-pod-2041,11400,48128,1,1000,,LS,Pending,10737197,10737236,,0,2041,2040
openb-pod-2042,11400,48128,1,1000,,LS,Running,10737323,10738604,10737325,0,2042,2041
openb-pod-2043,8200,33792,1,1000,,LS,Failed,10737567,10741068,10737569,0,2043,2042
openb-pod-2044,8000,16384,1,1000,,LS,Running,10737990,10739555,10737992,0,2044,2043
openb-pod-2045,4152,10600,1,370,,BestEffort,Failed,10738073,10739240,10738074,0,2045,2044
openb-pod-2046,15700,58368,1,1000,,LS,Running,10738644,10739249,10738647,0,2046,2045
openb-pod-2047,8200,33792,1,1000,,LS,Failed,10740286,10741358,10740286,0,2047,2046
openb-pod-2048,8000,30517,0,0,,BestEffort,Running,10740992,10744595,10740994,0,2048,2047
openb-pod-2049,8000,30517,0,0,,BestEffort,Running,10741000,10744539,10741002,0,2049,2048
openb-pod-2050,8000,16384,1,1000,,LS,Running,10741957,10747191,10742521,0,2050,2049
openb-pod-2051,64200,263168,8,1000,,LS,Failed,10742647,10743094,10742647,0,2051,2050
openb-pod-2052,3152,5600,1,1000,,BestEffort,Failed,10743014,10743239,10743015,0,2052,2051
openb-pod-2053,8000,30517,1,320,,BestEffort,Running,10744103,10744345,10744103,0,2053,2052
openb-pod-2054,11400,48128,1,1000,,LS,Running,10744560,10752260,10744562,0,2054,2053
openb-pod-2055,11400,48128,1,1000,,LS,Pending,10744897,10744944,,0,2055,2054
openb-pod-2056,12000,16384,1,1000,,LS,Running,10745373,10745913,10745374,0,2056,2055
openb-pod-2057,4152,10600,1,370,,BestEffort,Failed,10746285,10748876,10746285,0,2057,2056
openb-pod-2058,8000,30517,0,0,,BestEffort,Running,10746959,10802412,10746960,0,2058,2057
openb-pod-2059,3152,5600,1,1000,,BestEffort,Failed,10747329,10747800,10747329,0,2059,2058
openb-pod-2060,6000,22888,1,110,,BestEffort,Running,10748277,10767308,10748281,0,2060,2059
openb-pod-2061,11400,48128,1,1000,,LS,Running,10748513,10751072,10748515,0,2061,2060
openb-pod-2062,11400,48128,1,1000,,LS,Running,10751096,10775993,10751130,0,2062,2061
openb-pod-2063,32000,49152,0,0,,BestEffort,Running,10751225,10751408,10751229,0,2063,2062
openb-pod-2064,32000,49152,0,0,,BestEffort,Running,10751225,10751407,10751229,0,2064,2063
openb-pod-2065,32000,49152,0,0,,BestEffort,Running,10751226,10751377,10751230,0,2065,2064
openb-pod-2066,32000,49152,0,0,,BestEffort,Running,10751226,10751378,10751230,0,2066,2065
openb-pod-2067,11400,48128,1,1000,,LS,Running,10752723,10757243,10752725,0,2067,2066
openb-pod-2068,4000,15258,1,650,,BestEffort,Running,10753718,10754844,10753718,0,2068,2067
openb-pod-2069,8000,30517,1,650,,BestEffort,Running,10753791,10755599,10753822,0,2069,2068
openb-pod-2070,12000,24576,1,1000,,LS,Running,10754077,10761994,10754077,0,2070,2069
openb-pod-2071,8000,30517,1,320,,BestEffort,Running,10754324,10772961,10754324,0,2071,2070
openb-pod-2072,11400,48128,1,1000,,LS,Running,10755248,10775856,10755250,0,2072,2071
openb-pod-2073,11400,48128,1,1000,,LS,Pending,10755461,10755486,,0,2073,2072
openb-pod-2074,8200,33792,1,1000,,LS,Failed,10756592,10757888,10756593,0,2074,2073
openb-pod-2075,11400,48128,1,1000,,LS,Running,10756895,10757044,10756898,0,2075,2074
openb-pod-2076,4000,22888,1,110,,BestEffort,Running,10758411,10767471,10758412,0,2076,2075
openb-pod-2077,4000,22888,1,320,,BestEffort,Running,10758951,10774188,10758953,0,2077,2076
openb-pod-2078,4000,15258,1,160,,BestEffort,Running,10760324,10772828,10760325,0,2078,2077
openb-pod-2079,3152,5600,1,1000,,BestEffort,Failed,10761382,10762229,10761383,0,2079,2078
openb-pod-2080,64200,263168,8,1000,,LS,Failed,10762239,10762666,10762241,0,2080,2079
openb-pod-2081,11400,48128,1,1000,,LS,Running,10762275,10789386,10762278,0,2081,2080
openb-pod-2082,12000,16384,1,1000,,LS,Running,10763677,10764213,10763677,0,2082,2081
openb-pod-2083,6000,12288,1,460,,LS,Running,10764452,10765022,10764453,0,2083,2082
openb-pod-2084,11400,48128,1,1000,,LS,Running,10764473,10777459,10764512,0,2084,2083
openb-pod-2085,16000,32768,1,1000,,LS,Running,10767397,10768778,10767400,0,2085,2084
openb-pod-2086,16000,32768,1,1000,,LS,Running,10768954,10770216,10768966,0,2086,2085
openb-pod-2087,8000,30517,0,0,,BestEffort,Running,10769663,10792073,10769663,0,2087,2086
openb-pod-2088,8000,30517,0,0,,BestEffort,Running,10769672,10792125,10769672,0,2088,2087
openb-pod-2089,8000,30517,0,0,,BestEffort,Running,10769676,10792132,10769676,0,2089,2088
openb-pod-2090,8000,30517,0,0,,BestEffort,Running,10769679,10792069,10769683,0,2090,2089
openb-pod-2091,3152,5600,1,1000,,BestEffort,Failed,10771104,10771910,10771105,0,2091,2090
openb-pod-2092,12000,32768,1,1000,,LS,Running,10771657,10772854,10771657,0,2092,2091
openb-pod-2093,4000,24576,1,1000,,LS,Succeeded,10772752,10776929,10772753,0,2093,2092
openb-pod-2094,4000,24576,1,1000,,LS,Succeeded,10772842,10777491,10772842,0,2094,2093
openb-pod-2095,3152,5600,1,1000,,BestEffort,Failed,10773004,10773218,10773005,0,2095,2094
openb-pod-2096,15400,51200,0,0,,LS,Running,10773256,10782220,10773258,0,2096,2095
openb-pod-2097,4000,30517,1,230,,BestEffort,Pending,10774009,10774122,,0,2097,2096
openb-pod-2098,4000,30517,1,230,,BestEffort,Running,10774041,10774675,10774563,0,2098,2097
openb-pod-2099,8000,30517,0,0,,BestEffort,Running,10774043,10792065,10774043,0,2099,2098
openb-pod-2100,11908,47104,1,470,,LS,Running,10774081,10777218,10774152,0,2100,2099
openb-pod-2101,11908,47104,1,470,,LS,Pending,10774081,10774224,,0,2101,2100
openb-pod-2102,8000,30517,0,0,,BestEffort,Running,10774131,10792128,10774131,0,2102,2101
openb-pod-2103,8000,30517,0,0,,BestEffort,Running,10774134,10775529,10774134,0,2103,2102
openb-pod-2104,11908,47104,1,470,,LS,Pending,10774361,10774546,,0,2104,2103
openb-pod-2105,4000,30517,1,230,,BestEffort,Pending,10774641,10774760,,0,2105,2104
openb-pod-2106,32000,49152,0,0,,BestEffort,Running,10774745,10774954,10774748,0,2106,2105
openb-pod-2107,32000,49152,0,0,,BestEffort,Running,10775432,10775614,10775437,0,2107,2106
openb-pod-2108,4000,30517,1,230,,BestEffort,Running,10775528,10775728,10775669,0,2108,2107
openb-pod-2109,8000,30517,0,0,,BestEffort,Running,10775596,10778195,10775596,0,2109,2108
openb-pod-2110,11400,48128,1,1000,,LS,Running,10775806,10781041,10775810,0,2110,2109
openb-pod-2111,12000,15360,1,1000,,LS,Running,10776158,10792535,10776158,0,2111,2110
openb-pod-2112,64200,263168,8,1000,,LS,Failed,10776230,10776727,10776230,0,2112,2111
openb-pod-2113,12500,57344,0,0,,LS,Running,10776531,10776918,10776568,0,2113,2112
openb-pod-2114,12500,57344,0,0,,LS,Pending,10776853,10776920,,0,2114,2113
openb-pod-2115,11400,48128,1,1000,,LS,Running,10776951,10783518,10776953,0,2115,2114
openb-pod-2116,4000,30517,1,230,,BestEffort,Pending,10777110,10777415,,0,2116,2115
openb-pod-2117,12500,57344,0,0,,LS,Running,10777147,10777672,10777183,0,2117,2116
openb-pod-2118,11400,48128,1,1000,,LS,Running,10777152,10777363,10777154,0,2118,2117
openb-pod-2119,7000,30000,1,1000,,Burstable,Running,10777323,10916866,10777323,0,2119,2118
openb-pod-2120,12500,57344,0,0,,LS,Running,10777509,10777671,10777547,0,2120,2119
openb-pod-2121,12500,57344,0,0,,LS,Running,10777556,10777672,10777558,0,2121,2120
openb-pod-2122,8000,30517,1,470,,BestEffort,Running,10777725,10777817,10777795,0,2122,2121
openb-pod-2123,4000,30517,1,230,,BestEffort,Pending,10777726,10777818,,0,2123,2122
openb-pod-2124,12500,57344,0,0,,LS,Running,10777825,10778121,10777828,0,2124,2123
openb-pod-2125,12500,57344,0,0,,LS,Running,10777972,10778047,10777975,0,2125,2124
openb-pod-2126,6000,6144,1,460,,LS,Running,10778134,10778673,10778201,0,2126,2125
openb-pod-2127,6000,6144,1,460,,LS,Running,10778134,10778703,10778134,0,2127,2126
openb-pod-2128,11400,48128,1,1000,,LS,Running,10779047,10779321,10779119,0,2128,2127
openb-pod-2129,4152,10600,1,550,,BestEffort,Failed,10779107,10779163,10779108,0,2129,2128
openb-pod-2130,4000,30517,1,230,,BestEffort,Running,10779198,10779526,10779335,0,2130,2129
openb-pod-2131,4000,22888,1,220,,BestEffort,Running,10779512,10782231,10779512,0,2131,2130
openb-pod-2132,4000,30517,1,220,,BestEffort,Running,10780285,10787622,10780285,0,2132,2131
openb-pod-2133,11400,48128,1,1000,,LS,Running,10780570,10780674,10780604,0,2133,2132
openb-pod-2134,4152,10600,1,550,,BestEffort,Pending,10780864,10780895,,0,2134,2133
openb-pod-2135,4152,10600,1,550,,BestEffort,Failed,10780942,10780970,10780942,0,2135,2134
openb-pod-2136,11908,47104,1,1000,,BestEffort,Pending,10781128,10781315,,0,2136,2135
openb-pod-2137,9810,41560,1,1000,,LS,Running,10781460,10782137,10781564,0,2137,2136
openb-pod-2138,12500,57344,0,0,,LS,Running,10781899,10783009,10781902,0,2138,2137
openb-pod-2139,4000,30517,1,230,,BestEffort,Running,10782000,10782605,10782381,0,2139,2138
openb-pod-2140,4152,10600,1,370,,BestEffort,Failed,10782128,10782914,10782128,0,2140,2139
openb-pod-2141,4000,30517,1,230,,BestEffort,Running,10782482,10782602,10782552,0,2141,2140
openb-pod-2142,4000,30517,1,230,,BestEffort,Running,10782603,10783670,10783532,0,2142,2141
openb-pod-2143,4000,30517,1,230,,BestEffort,Running,10782608,10783722,10783237,0,2143,2142
openb-pod-2144,8000,30517,1,220,,BestEffort,Running,10782720,10784746,10782720,0,2144,2143
openb-pod-2145,15400,51200,0,0,,LS,Running,10782989,10783867,10783026,0,2145,2144
openb-pod-2146,16000,32768,1,1000,,LS,Running,10783359,10796580,10783990,0,2146,2145
openb-pod-2147,15400,51200,0,0,,LS,Running,10783498,10783867,10783504,0,2147,2146
openb-pod-2148,12500,57344,0,0,,LS,Running,10783858,10787420,10783861,0,2148,2147
openb-pod-2149,6000,12288,1,460,,LS,Running,10783954,10786954,10784023,0,2149,2148
openb-pod-2150,88000,327680,8,1000,,Burstable,Failed,10784738,10784853,10784739,0,2150,2149
openb-pod-2151,11400,48128,1,1000,,LS,Running,10785108,10785984,10785110,0,2151,2150
openb-pod-2152,11908,47104,1,1000,,BestEffort,Running,10785731,10787463,10785765,0,2152,2151
openb-pod-2153,4152,10600,1,550,,BestEffort,Failed,10786024,10786080,10786024,0,2153,2152
openb-pod-2154,11400,48128,1,1000,,LS,Running,10786726,10789945,10786763,0,2154,2153
openb-pod-2155,3152,5600,1,1000,,BestEffort,Failed,10786775,10786927,10786775,0,2155,2154
openb-pod-2156,4000,22888,1,320,,BestEffort,Running,10786929,10787005,10786929,0,2156,2155
openb-pod-2157,4152,10600,1,370,,BestEffort,Failed,10786999,10788173,10786999,0,2157,2156
openb-pod-2158,1000,6144,1,1000,,LS,Running,10787140,10792986,10787143,0,2158,2157
openb-pod-2159,4152,10600,1,370,,BestEffort,Failed,10787314,10788482,10787314,0,2159,2158
openb-pod-2160,4152,10600,1,550,,BestEffort,Failed,10787488,10787519,10787488,0,2160,2159
openb-pod-2161,4152,10600,1,550,,BestEffort,Failed,10787560,10787613,10787560,0,2161,2160
openb-pod-2162,8000,16000,1,460,,LS,Running,10787579,10789116,10787580,0,2162,2161
openb-pod-2163,4152,10600,1,550,,BestEffort,Failed,10788145,10788202,10788145,0,2163,2162
openb-pod-2164,4000,30517,1,230,,BestEffort,Pending,10788585,10788957,,0,2164,2163
openb-pod-2165,12500,57344,0,0,,LS,Running,10789246,10790053,10789251,0,2165,2164
openb-pod-2166,12500,57344,0,0,,LS,Running,10789248,10789761,10789285,0,2166,2165
openb-pod-2167,12500,57344,0,0,,LS,Running,10789250,10792623,10789252,0,2167,2166
openb-pod-2168,12500,57344,0,0,,LS,Running,10789332,10790265,10789336,0,2168,2167
openb-pod-2169,12500,57344,0,0,,LS,Running,10789370,10789448,10789373,0,2169,2168
openb-pod-2170,18708,64512,1,1000,,LS,Running,10789747,10790365,10789750,0,2170,2169
openb-pod-2171,4000,15258,1,320,,BestEffort,Running,10790226,10790856,10790226,0,2171,2170
openb-pod-2172,12500,57344,0,0,,LS,Running,10790555,10790969,10790590,0,2172,2171
openb-pod-2173,8000,16384,1,1000,,LS,Running,10790562,10791995,10790564,0,2173,2172
openb-pod-2174,4152,10600,1,370,,BestEffort,Failed,10792031,10792815,10792031,0,2174,2173
openb-pod-2175,18708,64512,1,1000,,LS,Running,10792329,10793384,10792332,0,2175,2174
openb-pod-2176,12500,57344,0,0,,LS,Running,10792690,10792797,10792725,0,2176,2175
openb-pod-2177,3152,5600,1,1000,,BestEffort,Failed,10792798,10792839,10792798,0,2177,2176
openb-pod-2178,12500,57344,0,0,,LS,Running,10792875,10793920,10792877,0,2178,2177
openb-pod-2179,16000,32768,1,1000,,LS,Succeeded,10792988,10796642,10793023,0,2179,2178
openb-pod-2180,3152,5600,1,1000,,BestEffort,Failed,10793544,10793707,10793544,0,2180,2179
openb-pod-2181,12500,57344,0,0,,LS,Running,10793680,10795186,10793682,0,2181,2180
openb-pod-2182,32200,132096,4,1000,,LS,Failed,10793686,10800396,10793686,0,2182,2181
openb-pod-2183,3152,5600,1,1000,,BestEffort,Failed,10793722,10793932,10793722,0,2183,2182
openb-pod-2184,3152,5600,1,1000,,BestEffort,Failed,10793732,10793881,10793733,0,2184,2183
openb-pod-2185,9810,41560,1,1000,,LS,Running,10793828,10796606,10793902,0,2185,2184
openb-pod-2186,12500,57344,0,0,,LS,Running,10793901,10794604,10793937,0,2186,2185
openb-pod-2187,6000,6144,1,460,,LS,Running,10794273,10795084,10794273,0,2187,2186
openb-pod-2188,12500,57344,0,0,,LS,Running,10794461,10795644,10794465,0,2188,2187
openb-pod-2189,4152,10600,1,370,,BestEffort,Failed,10795840,10796633,10795840,0,2189,2188
openb-pod-2190,4000,30517,1,230,,BestEffort,Pending,10795896,10796909,,0,2190,2189
openb-pod-2191,4000,15258,1,320,,BestEffort,Running,10796146,10796810,10796148,0,2191,2190
openb-pod-2192,12500,57344,0,0,,LS,Running,10796819,10801367,10796854,0,2192,2191
openb-pod-2193,4000,15258,1,320,,BestEffort,Running,10796958,10811888,10796959,0,2193,2192
openb-pod-2194,8000,16384,1,1000,,LS,Running,10797519,10825655,10797868,0,2194,2193
openb-pod-2195,8000,30517,0,0,,BestEffort,Running,10797794,10797963,10797794,0,2195,2194
openb-pod-2196,32000,49152,0,0,,BestEffort,Running,10797856,10798008,10797859,0,2196,2195
openb-pod-2197,32000,49152,0,0,,BestEffort,Running,10797856,10798007,10797861,0,2197,2196
openb-pod-2198,32000,49152,0,0,,BestEffort,Running,10797856,10798007,10797860,0,2198,2197
openb-pod-2199,32000,49152,0,0,,BestEffort,Running,10797857,10798008,10797866,0,2199,2198
openb-pod-2200,12500,57344,0,0,,LS,Running,10798052,10798403,10798056,0,2200,2199
openb-pod-2201,4152,10600,1,370,,BestEffort,Failed,10798845,10800011,10798845,0,2201,2200
openb-pod-2202,18708,64512,1,1000,,LS,Running,10799395,10799992,10799397,0,2202,2201
openb-pod-2203,4000,30517,1,220,,BestEffort,Running,10799683,10800461,10799717,0,2203,2202
openb-pod-2204,3152,5600,1,1000,,BestEffort,Pending,10799686,10799877,,0,2204,2203
openb-pod-2205,11400,48128,1,1000,,LS,Running,10799694,10800027,10799697,0,2205,2204
openb-pod-2206,3152,5600,1,1000,,BestEffort,Failed,10799829,10800027,10799829,0,2206,2205
openb-pod-2207,1000,2048,1,650,,BestEffort,Running,10799883,10799993,10799884,0,2207,2206
openb-pod-2208,8000,16384,1,1000,,LS,Running,10800154,10825835,10800156,0,2208,2207
openb-pod-2209,4152,10600,1,370,,BestEffort,Failed,10800812,10801620,10800812,0,2209,2208
openb-pod-2210,4152,10600,1,370,,BestEffort,Failed,10801277,10802066,10801277,0,2210,2209
openb-pod-2211,12500,57344,0,0,,LS,Running,10801335,10802419,10801337,0,2211,2210
openb-pod-2212,11908,47104,1,470,,LS,Running,10801404,10804031,10801406,0,2212,2211
openb-pod-2213,12000,24576,1,1000,,Burstable,Succeeded,10801449,10801498,10801450,0,2213,2212
openb-pod-2214,8000,30517,1,470,,BestEffort,Pending,10801461,10802033,,0,2214,2213
openb-pod-2215,12500,57344,0,0,,LS,Running,10801780,10801878,10801784,0,2215,2214
openb-pod-2216,11400,48128,1,1000,,LS,Running,10801862,10802238,10801867,0,2216,2215
openb-pod-2217,15400,51200,0,0,,LS,Running,10802404,10803837,10802409,0,2217,2216
openb-pod-2218,15400,51200,0,0,,LS,Running,10802458,10802883,10802460,0,2218,2217
openb-pod-2219,11400,48128,1,1000,,LS,Running,10803002,10805530,10803004,0,2219,2218
openb-pod-2220,15400,51200,0,0,,LS,Running,10803121,10803723,10803156,0,2220,2219
openb-pod-2221,15400,51200,0,0,,LS,Running,10803482,10804982,10803517,0,2221,2220
openb-pod-2222,11908,47104,1,470,,LS,Pending,10803559,10803680,,0,2222,2221
openb-pod-2223,12500,57344,0,0,,LS,Running,10804093,10804803,10804095,0,2223,2222
openb-pod-2224,4000,15258,1,220,,BestEffort,Running,10804113,10817349,10804115,0,2224,2223
openb-pod-2225,12500,57344,0,0,,LS,Running,10804189,10805023,10804193,0,2225,2224
openb-pod-2226,12500,57344,0,0,,LS,Running,10804255,10804803,10804257,0,2226,2225
openb-pod-2227,12500,57344,0,0,,LS,Running,10804257,10804951,10804259,0,2227,2226
openb-pod-2228,32000,32768,0,0,,LS,Failed,10804259,10807880,10804261,0,2228,2227
openb-pod-2229,3152,5600,1,1000,,BestEffort,Failed,10804263,10804471,10804263,0,2229,2228
openb-pod-2230,12500,57344,0,0,,LS,Running,10804591,10804968,10804594,0,2230,2229
openb-pod-2231,3152,5600,1,1000,,BestEffort,Failed,10805049,10805235,10805049,0,2231,2230
openb-pod-2232,4152,10600,1,550,,BestEffort,Failed,10805052,10805797,10805052,0,2232,2231
openb-pod-2233,8000,32768,1,1000,,LS,Running,10805077,10806401,10805079,0,2233,2232
openb-pod-2234,18708,64512,1,1000,,LS,Running,10805309,10805663,10805343,0,2234,2233
openb-pod-2235,12500,57344,0,0,,LS,Running,10805350,10806960,10805354,0,2235,2234
openb-pod-2236,12500,57344,0,0,,LS,Running,10805404,10807249,10805406,0,2236,2235
openb-pod-2237,4152,10600,1,550,,BestEffort,Failed,10806552,10806624,10806553,0,2237,2236
openb-pod-2238,15400,51200,0,0,,LS,Running,10806834,10806967,10806870,0,2238,2237
openb-pod-2239,15400,51200,0,0,,LS,Running,10806836,10806962,10806873,0,2239,2238
openb-pod-2240,15400,51200,0,0,,LS,Running,10806836,10806961,10806873,0,2240,2239
openb-pod-2241,4152,10600,1,270,,BestEffort,Running,10806856,10806918,10806856,0,2241,2240
openb-pod-2242,3152,5600,1,1000,,BestEffort,Failed,10807151,10807507,10807152,0,2242,2241
openb-pod-2243,12000,16384,1,1000,,LS,Running,10807233,10807953,10807235,0,2243,2242
openb-pod-2244,12500,57344,0,0,,LS,Running,10807358,10809556,10807360,0,2244,2243
openb-pod-2245,12500,57344,0,0,,LS,Running,10807359,10815199,10807363,0,2245,2244
openb-pod-2246,15400,51200,0,0,,LS,Running,10807447,10810169,10807484,0,2246,2245
openb-pod-2247,15400,51200,0,0,,LS,Running,10807496,10809602,10807499,0,2247,2246
openb-pod-2248,15400,51200,0,0,,LS,Running,10807499,10809556,10807503,0,2248,2247
openb-pod-2249,3152,5600,1,1000,,BestEffort,Failed,10807524,10807721,10807524,0,2249,2248
openb-pod-2250,64200,263168,8,1000,,LS,Failed,10807808,10808333,10807808,0,2250,2249
openb-pod-2251,3152,5600,1,1000,,BestEffort,Failed,10808475,10808614,10808475,0,2251,2250
openb-pod-2252,12500,57344,0,0,,LS,Running,10809040,10809428,10809042,0,2252,2251
openb-pod-2253,12500,57344,0,0,,LS,Running,10809050,10809379,10809053,0,2253,2252
openb-pod-2254,12500,57344,0,0,,LS,Running,10809054,10809333,10809058,0,2254,2253
openb-pod-2255,15700,58368,1,1000,,LS,Pending,10810705,10810785,,0,2255,2254
openb-pod-2256,4000,30517,1,230,,BestEffort,Running,10810861,10812774,10812633,0,2256,2255
openb-pod-2257,8000,30517,1,470,,BestEffort,Running,10811262,10811577,10811367,0,2257,2256
openb-pod-2258,4000,30517,1,230,,BestEffort,Running,10812574,10812704,10812608,0,2258,2257
openb-pod-2259,4000,15258,1,220,,BestEffort,Running,10812635,10812938,10812635,0,2259,2258
openb-pod-2260,15700,58368,1,1000,,LS,Running,10812956,10814854,10812992,0,2260,2259
openb-pod-2261,12000,15360,1,1000,,LS,Running,10813535,10814105,10813539,0,2261,2260
openb-pod-2262,11908,47104,1,470,,LS,Running,10813787,10815200,10813789,0,2262,2261
openb-pod-2263,32200,132096,4,1000,,LS,Failed,10814729,10815277,10814729,0,2263,2262
openb-pod-2264,8200,33792,1,1000,,LS,Failed,10816788,10817909,10816789,0,2264,2263
openb-pod-2265,64200,263168,8,1000,,LS,Failed,10816842,10817285,10816842,0,2265,2264
openb-pod-2266,4152,10600,1,370,,BestEffort,Failed,10817016,10817899,10817017,0,2266,2265
openb-pod-2267,11400,48128,1,1000,,LS,Running,10817078,10880775,10817115,0,2267,2266
openb-pod-2268,4000,24576,1,1000,,LS,Succeeded,10817103,10821044,10817103,0,2268,2267
openb-pod-2269,4000,30517,1,230,,BestEffort,Pending,10817123,10817445,,0,2269,2268
openb-pod-2270,4152,10600,1,550,,BestEffort,Failed,10817361,10817388,10817362,0,2270,2269
openb-pod-2271,11908,47104,1,470,,LS,Running,10817365,10817534,10817368,0,2271,2270
openb-pod-2272,4000,30517,1,230,,BestEffort,Pending,10817371,10817880,,0,2272,2271
openb-pod-2273,8000,30517,1,470,,BestEffort,Running,10817877,10819494,10818225,0,2273,2272
openb-pod-2274,11908,47104,1,470,,LS,Running,10818091,10818680,10818124,0,2274,2273
openb-pod-2275,4152,10600,1,550,,BestEffort,Failed,10819538,10819590,10819538,0,2275,2274
openb-pod-2276,3152,5600,1,1000,,BestEffort,Failed,10820259,10820484,10820259,0,2276,2275
openb-pod-2277,3152,5600,1,1000,,BestEffort,Failed,10820437,10820568,10820437,0,2277,2276
openb-pod-2278,11400,48128,1,1000,,LS,Running,10821001,10836185,10821035,0,2278,2277
openb-pod-2279,11400,48128,1,1000,,LS,Running,10821001,10845850,10821004,0,2279,2278
openb-pod-2280,32000,49152,0,0,,BestEffort,Running,10821883,10822031,10821886,0,2280,2279
openb-pod-2281,32000,49152,0,0,,BestEffort,Running,10821883,10822032,10821886,0,2281,2280
openb-pod-2282,3152,5600,1,1000,,BestEffort,Failed,10822221,10822421,10822221,0,2282,2281
openb-pod-2283,3152,5600,1,1000,,BestEffort,Failed,10822334,10822502,10822334,0,2283,2282
openb-pod-2284,32000,49152,0,0,,BestEffort,Running,10823176,10823326,10823179,0,2284,2283
openb-pod-2285,32000,49152,0,0,,BestEffort,Running,10823176,10823355,10823184,0,2285,2284
openb-pod-2286,3152,5600,1,1000,,BestEffort,Failed,10825077,10825240,10825077,0,2286,2285
openb-pod-2287,4152,10600,1,370,,BestEffort,Failed,10826296,10827086,10826296,0,2287,2286
openb-pod-2288,64200,263168,8,1000,,LS,Failed,10827109,10827662,10827109,0,2288,2287
openb-pod-2289,8000,30517,1,470,,BestEffort,Pending,10827349,10827524,,0,2289,2288
openb-pod-2290,18708,64512,1,1000,,LS,Running,10829494,10830028,10829498,0,2290,2289
openb-pod-2291,18708,64512,1,1000,,LS,Running,10829496,10829984,10829499,0,2291,2290
openb-pod-2292,3152,5600,1,1000,,BestEffort,Failed,10831405,10831615,10831405,0,2292,2291
openb-pod-2293,3152,5600,1,1000,,BestEffort,Failed,10833550,10833776,10833550,0,2293,2292
openb-pod-2294,11400,48128,1,1000,,LS,Running,10836082,10844187,10836085,0,2294,2293
openb-pod-2295,3152,5600,1,1000,,BestEffort,Failed,10836319,10836562,10836319,0,2295,2294
openb-pod-2296,4000,15258,1,50,,BestEffort,Running,10838210,10842274,10838210,0,2296,2295
openb-pod-2297,4000,15258,1,110,,BestEffort,Running,10838504,10842274,10838504,0,2297,2296
openb-pod-2298,3152,5600,1,1000,,BestEffort,Failed,10838907,10839158,10838907,0,2298,2297
openb-pod-2299,6000,8192,1,460,,LS,Running,10839460,10841259,10839463,0,2299,2298
openb-pod-2300,12000,24576,1,1000,,LS,Running,10840179,10845461,10840180,0,2300,2299
openb-pod-2301,3152,5600,1,1000,,BestEffort,Failed,10840512,10840792,10840512,0,2301,2300
openb-pod-2302,4000,30517,1,220,,BestEffort,Running,10840723,10849263,10840726,0,2302,2301
openb-pod-2303,4000,15258,1,470,,BestEffort,Running,10841132,10842093,10841132,0,2303,2302
openb-pod-2304,4000,24576,1,1000,,LS,Succeeded,10841196,10845474,10841196,0,2304,2303
openb-pod-2305,12000,24576,1,1000,,LS,Failed,10842049,10842094,10842081,0,2305,2304
openb-pod-2306,12000,18432,1,460,,LS,Running,10844679,10856619,10844680,0,2306,2305
openb-pod-2307,3152,5600,1,1000,,BestEffort,Failed,10845134,10845392,10845134,0,2307,2306
openb-pod-2308,11400,48128,1,1000,,LS,Running,10845326,10857450,10845361,0,2308,2307
openb-pod-2309,32000,49152,0,0,,BestEffort,Running,10845353,10845504,10845358,0,2309,2308
openb-pod-2310,3152,5600,1,1000,,BestEffort,Failed,10845899,10846146,10845899,0,2310,2309
openb-pod-2311,3152,5600,1,1000,,BestEffort,Failed,10845973,10846240,10845973,0,2311,2310
openb-pod-2312,32000,49152,0,0,,BestEffort,Running,10846033,10846183,10846037,0,2312,2311
openb-pod-2313,12000,16384,1,1000,,LS,Running,10846473,10848213,10846474,0,2313,2312
openb-pod-2314,32000,49152,0,0,,BestEffort,Running,10846607,10846756,10846612,0,2314,2313
openb-pod-2315,3152,5600,1,1000,,BestEffort,Failed,10847060,10847263,10847060,0,2315,2314
openb-pod-2316,64200,263168,8,1000,,LS,Failed,10851558,10852057,10851558,0,2316,2315
openb-pod-2317,64200,263168,8,1000,,LS,Failed,10852028,10852550,10852029,0,2317,2316
openb-pod-2318,3152,5600,1,1000,,BestEffort,Failed,10852100,10852341,10852101,0,2318,2317
openb-pod-2319,3152,5600,1,1000,,BestEffort,Failed,10854558,10854764,10854559,0,2319,2318
openb-pod-2320,6000,22888,1,50,,BestEffort,Running,10855702,10856649,10855706,0,2320,2319
openb-pod-2321,16200,66560,2,1000,,LS,Pending,10855765,10855820,,0,2321,2320
openb-pod-2322,16200,66560,2,1000,,LS,Failed,10855802,10868856,10855802,0,2322,2321
openb-pod-2323,8000,30517,0,0,,BestEffort,Running,10856034,10884557,10856034,0,2323,2322
openb-pod-2324,11400,48128,1,1000,,LS,Running,10856436,10859096,10856469,0,2324,2323
openb-pod-2325,8000,30517,1,220,,BestEffort,Running,10856564,10857347,10856564,0,2325,2324
openb-pod-2326,4000,15258,1,320,,BestEffort,Running,10857547,10862107,10857548,0,2326,2325
openb-pod-2327,3152,5600,1,1000,,BestEffort,Failed,10859037,10859213,10859037,0,2327,2326
openb-pod-2328,4000,24576,1,1000,,LS,Succeeded,10859127,10863122,10859127,0,2328,2327
openb-pod-2329,3152,5600,1,1000,,BestEffort,Failed,10859959,10860152,10859959,0,2329,2328
openb-pod-2330,12000,16384,1,1000,,LS,Running,10861473,10862193,10861474,0,2330,2329
openb-pod-2331,11400,48128,1,1000,,LS,Running,10861572,10861657,10861607,0,2331,2330
openb-pod-2332,11400,48128,1,1000,,LS,Pending,10861802,10861853,,0,2332,2331
openb-pod-2333,11400,48128,1,1000,,LS,Running,10862700,10862797,10862704,0,2333,2332
openb-pod-2334,12000,24576,1,1000,,LS,Running,10863158,12902960,10863158,0,2334,2333
openb-pod-2335,3152,5600,1,1000,,BestEffort,Failed,10863334,10863613,10863334,0,2335,2334
openb-pod-2336,8000,30517,1,320,,BestEffort,Running,10863407,10865382,10863408,0,2336,2335
openb-pod-2337,3152,5600,1,1000,,BestEffort,Failed,10863601,10863809,10863601,0,2337,2336
openb-pod-2338,64200,263168,8,1000,,LS,Failed,10863665,10864271,10863698,0,2338,2337
openb-pod-2339,11400,48128,1,1000,,LS,Running,10864155,10864894,10864157,0,2339,2338
openb-pod-2340,3152,5600,1,1000,,BestEffort,Failed,10865100,10865292,10865101,0,2340,2339
openb-pod-2341,12000,24576,0,0,,LS,Succeeded,10865134,10865736,10865134,0,2341,2340
openb-pod-2342,11400,48128,1,1000,,LS,Running,10865488,10869820,10865490,0,2342,2341
openb-pod-2343,11400,48128,1,1000,,LS,Running,10865602,10872410,10865607,0,2343,2342
openb-pod-2344,4000,15258,1,320,,BestEffort,Running,10865701,10865890,10865769,0,2344,2343
openb-pod-2345,11400,48128,1,1000,,LS,Pending,10866035,10866074,,0,2345,2344
openb-pod-2346,8000,30517,1,470,,BestEffort,Running,10866234,10867871,10866235,0,2346,2345
openb-pod-2347,4000,31250,1,1000,,LS,Running,10866848,10871944,10866848,0,2347,2346
openb-pod-2348,11400,48128,1,1000,,LS,Running,10866881,10870154,10866884,0,2348,2347
openb-pod-2349,11400,48128,1,1000,,LS,Running,10866939,10883603,10866941,0,2349,2348
openb-pod-2350,11400,48128,1,1000,,LS,Running,10867195,10869574,10867197,0,2350,2349
openb-pod-2351,11400,48128,1,1000,,LS,Running,10867336,10869646,10867339,0,2351,2350
openb-pod-2352,3152,5600,1,1000,,BestEffort,Failed,10867709,10867910,10867709,0,2352,2351
openb-pod-2353,11908,47104,1,470,,LS,Running,10867736,10867889,10867841,0,2353,2352
openb-pod-2354,11908,47104,1,470,,LS,Running,10868104,10869702,10868141,0,2354,2353
openb-pod-2355,8000,30517,1,470,,BestEffort,Running,10868106,10868587,10868489,0,2355,2354
openb-pod-2356,12000,23552,1,1000,,LS,Running,10868260,10869400,10868260,0,2356,2355
openb-pod-2357,11908,47104,1,470,,LS,Running,10868293,10869611,10868366,0,2357,2356
openb-pod-2358,11400,48128,1,1000,,LS,Running,10868882,10869051,10868916,0,2358,2357
openb-pod-2359,32000,49152,0,0,,BestEffort,Running,10869074,10869229,10869076,0,2359,2358
openb-pod-2360,12000,24576,1,1000,,Burstable,Failed,10869398,10875966,10869398,0,2360,2359
openb-pod-2361,11400,48128,1,1000,,LS,Running,10869509,10883603,10869512,0,2361,2360
openb-pod-2362,32000,49152,0,0,,BestEffort,Running,10869964,10870116,10869967,0,2362,2361
openb-pod-2363,11400,48128,1,1000,,LS,Running,10870018,10870077,10870021,0,2363,2362
openb-pod-2364,11400,48128,1,1000,,LS,Running,10870103,10877367,10870207,0,2364,2363
openb-pod-2365,12000,24576,1,1000,,LS,Running,10870472,10871042,10870505,0,2365,2364
openb-pod-2366,11908,47104,1,470,,LS,Running,10870567,10871933,10870570,0,2366,2365
openb-pod-2367,32000,49152,0,0,,BestEffort,Running,10870575,10870754,10870580,0,2367,2366
openb-pod-2368,11908,47104,1,470,,LS,Pending,10871875,10871931,,0,2368,2367
openb-pod-2369,3152,5600,1,1000,,BestEffort,Failed,10872069,10872119,10872069,0,2369,2368
openb-pod-2370,3152,5600,1,1000,,BestEffort,Failed,10873060,10873190,10873060,0,2370,2369
openb-pod-2371,4000,15258,1,220,,BestEffort,Running,10874255,10883087,10874256,0,2371,2370
openb-pod-2372,4152,10600,1,550,,BestEffort,Failed,10876404,10876432,10876404,0,2372,2371
openb-pod-2373,11400,48128,1,1000,,LS,Running,10876605,10877215,10876607,0,2373,2372
openb-pod-2374,18708,64512,1,1000,,LS,Running,10876727,10878422,10876729,0,2374,2373
openb-pod-2375,18708,64512,1,1000,,LS,Running,10876727,10878318,10876799,0,2375,2374
openb-pod-2376,64200,263168,8,1000,,LS,Failed,10877065,10877215,10877065,0,2376,2375
openb-pod-2377,11400,48128,1,1000,,LS,Running,10877867,10878652,10877869,0,2377,2376
openb-pod-2378,16000,65536,1,1000,,LS,Running,10878218,10879957,10878221,0,2378,2377
openb-pod-2379,4152,10600,1,370,,BestEffort,Failed,10878281,10879074,10878281,0,2379,2378
openb-pod-2380,16000,32768,1,1000,,LS,Running,10878398,10879992,10878404,0,2380,2379
openb-pod-2381,11908,47104,1,470,,LS,Running,10878412,10878897,10878414,0,2381,2380
openb-pod-2382,6000,12288,1,460,,LS,Running,10878513,10879053,10878513,0,2382,2381
openb-pod-2383,8000,30517,1,470,,BestEffort,Pending,10878586,10879817,,0,2383,2382
openb-pod-2384,64200,263168,8,1000,,LS,Failed,10879607,10879762,10879607,0,2384,2383
openb-pod-2385,64200,263168,8,1000,,LS,Failed,10879969,10880228,10879969,0,2385,2384
openb-pod-2386,1000,2048,1,320,,BestEffort,Running,10880395,10880687,10880395,0,2386,2385
openb-pod-2387,11400,48128,1,1000,,LS,Running,10880711,10880795,10880746,0,2387,2386
openb-pod-2388,11400,48128,1,1000,,LS,Running,10880720,10884309,10880722,0,2388,2387
openb-pod-2389,15400,51200,0,0,,LS,Running,10881133,10882055,10881136,0,2389,2388
openb-pod-2390,3152,5600,1,1000,,BestEffort,Failed,10881468,10881693,10881469,0,2390,2389
openb-pod-2391,4000,24576,1,1000,,LS,Succeeded,10881955,10886083,10881955,0,2391,2390
openb-pod-2392,8710,41560,1,1000,,BestEffort,Running,10882270,10882563,10882446,0,2392,2391
openb-pod-2393,4000,30517,1,320,,BestEffort,Pending,10882336,10882463,,0,2393,2392
openb-pod-2394,15400,51200,0,0,,LS,Running,10883108,10883524,10883110,0,2394,2393
openb-pod-2395,15400,51200,0,0,,LS,Running,10883153,10883228,10883155,0,2395,2394
openb-pod-2396,9810,41560,1,1000,,LS,Running,10883841,10888427,10883844,0,2396,2395
openb-pod-2397,12500,57344,0,0,,LS,Running,10883842,10884276,10883881,0,2397,2396
openb-pod-2398,12500,57344,0,0,,LS,Running,10884040,10884579,10884073,0,2398,2397
openb-pod-2399,6000,6144,1,460,,LS,Running,10885653,10888353,10885653,0,2399,2398
openb-pod-2400,8200,33792,1,1000,,LS,Pending,10886016,10886021,,0,2400,2399
openb-pod-2401,12500,57344,0,0,,LS,Running,10886109,10886905,10886144,0,2401,2400
openb-pod-2402,15400,51200,0,0,,LS,Running,10886314,10886721,10886348,0,2402,2401
openb-pod-2403,15400,51200,0,0,,LS,Running,10886379,10886522,10886414,0,2403,2402
openb-pod-2404,15400,51200,0,0,,LS,Running,10886381,10886522,10886414,0,2404,2403
openb-pod-2405,15400,51200,0,0,,LS,Running,10886384,10886521,10886419,0,2405,2404
openb-pod-2406,15400,51200,0,0,,LS,Running,10887923,10888278,10887960,0,2406,2405
openb-pod-2407,15400,51200,0,0,,LS,Running,10887978,10888403,10888014,0,2407,2406
openb-pod-2408,15400,51200,0,0,,LS,Pending,10888085,10888128,,0,2408,2407
openb-pod-2409,11908,47104,1,470,,LS,Running,10888814,10892905,10888884,0,2409,2408
openb-pod-2410,11400,48128,1,1000,,LS,Running,10888922,10889138,10888959,0,2410,2409
openb-pod-2411,11400,48128,1,1000,,LS,Running,10889170,10893033,10889204,0,2411,2410
openb-pod-2412,15700,58368,1,1000,,LS,Running,10889393,10889586,10889395,0,2412,2411
openb-pod-2413,4000,24576,1,1000,,LS,Succeeded,10889462,10893439,10889462,0,2413,2412
openb-pod-2414,8000,30517,0,0,,BestEffort,Running,10889885,10894827,10889886,0,2414,2413
openb-pod-2415,11300,37888,1,1000,,LS,Running,10890108,10890357,10890108,0,2415,2414
openb-pod-2416,6000,18432,1,460,,LS,Running,10890160,10915599,10890160,0,2416,2415
openb-pod-2417,11300,37888,1,1000,,LS,Running,10890613,10891246,10890613,0,2417,2416
openb-pod-2418,1000,2048,1,320,,BestEffort,Running,10891442,10899207,10891442,0,2418,2417
openb-pod-2419,11400,48128,1,1000,,LS,Running,10891859,10892981,10891861,0,2419,2418
openb-pod-2420,64200,263168,8,1000,,LS,Failed,10892329,10892616,10892399,0,2420,2419
openb-pod-2421,11908,47104,1,470,,LS,Running,10892398,10893156,10892400,0,2421,2420
openb-pod-2422,4000,30517,1,230,,BestEffort,Running,10893151,10895406,10893157,0,2422,2421
openb-pod-2423,11400,48128,1,1000,,LS,Running,10893263,10897716,10893265,0,2423,2422
openb-pod-2424,6000,16384,1,1000,,LS,Running,10893458,10896457,10893459,0,2424,2423
openb-pod-2425,32000,49152,0,0,,BestEffort,Running,10894153,10894307,10894156,0,2425,2424
openb-pod-2426,32000,49152,0,0,,BestEffort,Running,10894155,10894306,10894160,0,2426,2425
openb-pod-2427,11400,48128,1,1000,,LS,Running,10894436,10894472,10894438,0,2427,2426
openb-pod-2428,11400,48128,1,1000,,LS,Running,10896325,10897384,10896362,0,2428,2427
openb-pod-2429,12500,57344,0,0,,LS,Running,10896562,10897091,10896564,0,2429,2428
openb-pod-2430,12500,57344,0,0,,LS,Running,10896576,10897116,10896578,0,2430,2429
openb-pod-2431,12500,57344,0,0,,LS,Running,10896664,10897303,10896698,0,2431,2430
openb-pod-2432,12500,57344,0,0,,LS,Running,10896712,10897062,10896747,0,2432,2431
openb-pod-2433,11400,48128,1,1000,,LS,Running,10897663,10897703,10897665,0,2433,2432
openb-pod-2434,4000,22888,1,230,,BestEffort,Running,10897703,10898115,10897706,0,2434,2433
openb-pod-2435,11908,47104,1,1000,,BestEffort,Pending,10899087,10899243,,0,2435,2434
openb-pod-2436,11300,37888,1,1000,,LS,Running,10900116,10900894,10900117,0,2436,2435
openb-pod-2437,11908,47104,1,1000,,BestEffort,Pending,10900119,10900174,,0,2437,2436
openb-pod-2438,4000,24576,1,1000,,LS,Succeeded,10900679,10904687,10900679,0,2438,2437
openb-pod-2439,18708,64512,1,1000,,LS,Running,10900995,10901081,10901029,0,2439,2438
openb-pod-2440,8000,30517,1,470,,BestEffort,Running,10901323,10901473,10901424,0,2440,2439
openb-pod-2441,64200,263168,8,1000,,LS,Succeeded,10902080,11077271,10902182,0,2441,2440
openb-pod-2442,12000,24576,1,1000,,LS,Failed,10902158,10903714,10902158,0,2442,2441
openb-pod-2443,32200,132096,4,1000,,LS,Failed,10903509,10908587,10904918,0,2443,2442
openb-pod-2444,1000,2048,1,320,,BestEffort,Running,10903578,10904395,10903579,0,2444,2443
openb-pod-2445,8000,30517,1,470,,BestEffort,Pending,10903598,10903848,,0,2445,2444
openb-pod-2446,11400,48128,1,1000,,LS,Running,10903819,10905075,10903855,0,2446,2445
openb-pod-2447,11900,77824,1,1000,,LS,Running,10904706,10905636,10904811,0,2447,2446
openb-pod-2448,11900,77824,1,1000,,LS,Running,10906376,10909229,10906796,0,2448,2447
openb-pod-2449,4000,15258,1,50,,BestEffort,Running,10907668,10950678,10907676,0,2449,2448
openb-pod-2450,11400,48128,1,1000,,LS,Running,10908355,10912203,10908357,0,2450,2449
openb-pod-2451,11900,77824,1,1000,,LS,Running,10908430,10909099,10908677,0,2451,2450
openb-pod-2452,15700,58368,1,1000,,LS,Running,10910025,10912143,10910027,0,2452,2451
openb-pod-2453,15700,58368,1,1000,,LS,Pending,10910069,10910121,,0,2453,2452
openb-pod-2454,11900,77824,1,1000,,LS,Running,10910117,10911377,10910188,0,2454,2453
openb-pod-2455,11400,48128,1,1000,,LS,Running,10911416,10912271,10911418,0,2455,2454
openb-pod-2456,4152,10600,1,370,,BestEffort,Failed,10912355,10912424,10912355,0,2456,2455
openb-pod-2457,11400,48128,1,1000,,LS,Running,10912401,10912623,10912403,0,2457,2456
openb-pod-2458,12000,16384,1,1000,,LS,Running,10913075,10913734,10913075,0,2458,2457
openb-pod-2459,11400,48128,1,1000,,LS,Pending,10913236,10913321,,0,2459,2458
openb-pod-2460,4152,10600,1,810,,BestEffort,Failed,10913269,10913311,10913269,0,2460,2459
openb-pod-2461,4152,10600,1,810,,BestEffort,Pending,10913329,10913330,,0,2461,2460
openb-pod-2462,4000,30517,1,320,,BestEffort,Running,10913375,10914899,10913443,0,2462,2461
openb-pod-2463,11400,48128,1,1000,,LS,Running,10914142,10919707,10914144,0,2463,2462
openb-pod-2464,4000,15258,1,160,,BestEffort,Running,10914308,10950618,10914343,0,2464,2463
openb-pod-2465,11400,48128,1,1000,,LS,Running,10914403,10915555,10914439,0,2465,2464
openb-pod-2466,11900,77824,1,1000,,LS,Running,10914426,10914910,10914429,0,2466,2465
openb-pod-2467,11400,48128,1,1000,,LS,Running,10914450,10915681,10914452,0,2467,2466
openb-pod-2468,11400,48128,1,1000,,LS,Running,10914451,10922738,10914454,0,2468,2467
openb-pod-2469,11400,48128,1,1000,,LS,Running,10914453,10919688,10914734,0,2469,2468
openb-pod-2470,4152,10600,1,370,,BestEffort,Failed,10914513,10914862,10914513,0,2470,2469
openb-pod-2471,1000,2048,1,320,,BestEffort,Running,10914526,10914839,10914526,0,2471,2470
openb-pod-2472,11400,48128,1,1000,,LS,Running,10914611,10915852,10914613,0,2472,2471
openb-pod-2473,4000,15258,1,160,,BestEffort,Running,10914905,10915532,10914933,0,2473,2472
openb-pod-2474,4152,10600,1,370,,BestEffort,Failed,10915055,10917516,10915056,0,2474,2473
openb-pod-2475,8000,32768,1,1000,,LS,Running,10915122,10927369,10915781,0,2475,2474
openb-pod-2476,32000,49152,0,0,,BestEffort,Running,10916574,10916726,10916580,0,2476,2475
openb-pod-2477,32000,49152,0,0,,BestEffort,Running,10917730,10917883,10917732,0,2477,2476
openb-pod-2478,32000,49152,0,0,,BestEffort,Running,10917730,10917882,10917732,0,2478,2477
openb-pod-2479,15700,58368,1,1000,,LS,Running,10918348,10920602,10918351,0,2479,2478
openb-pod-2480,11900,77824,1,1000,,LS,Running,10918740,10923230,10918775,0,2480,2479
openb-pod-2481,11400,48128,1,1000,,LS,Pending,10919804,10919891,,0,2481,2480
openb-pod-2482,8000,16384,1,1000,,LS,Running,10921964,10930365,10921966,0,2482,2481
openb-pod-2483,4000,15258,1,320,,BestEffort,Running,10922289,10924629,10922289,0,2483,2482
openb-pod-2484,6000,22888,1,160,,BestEffort,Running,10923202,10923914,10923202,0,2484,2483
openb-pod-2485,4000,24576,1,1000,,LS,Succeeded,10923986,10928141,10924020,0,2485,2484
openb-pod-2486,4000,15258,1,160,,BestEffort,Pending,10924395,10924437,,0,2486,2485
openb-pod-2487,4000,15258,1,160,,BestEffort,Running,10924437,10924629,10924437,0,2487,2486
openb-pod-2488,4000,15258,1,160,,BestEffort,Running,10924437,10924565,10924437,0,2488,2487
openb-pod-2489,15700,58368,1,1000,,LS,Running,10924562,10926753,10924598,0,2489,2488
openb-pod-2490,15700,58368,1,1000,,LS,Running,10924690,10927152,10924692,0,2490,2489
openb-pod-2491,6000,12288,1,460,,LS,Running,10925673,10926512,10925673,0,2491,2490
openb-pod-2492,6000,22888,1,160,,BestEffort,Pending,10926848,10926869,,0,2492,2491
openb-pod-2493,8000,16000,1,460,,LS,Running,10928799,10930839,10928800,0,2493,2492
openb-pod-2494,15700,58368,1,1000,,LS,Running,10928848,10931242,10928883,0,2494,2493
openb-pod-2495,11900,77824,1,1000,,LS,Running,10929279,10932182,10929313,0,2495,2494
openb-pod-2496,12000,15360,1,1000,,LS,Running,10929454,10931254,10931131,0,2496,2495
openb-pod-2497,8000,16384,1,1000,,LS,Running,10931322,10932766,10931325,0,2497,2496
openb-pod-2498,11900,77824,1,1000,,LS,Running,10931569,10933700,10931571,0,2498,2497
openb-pod-2499,15700,58368,1,1000,,LS,Running,10934159,10936329,10934161,0,2499,2498
openb-pod-2500,4000,22888,1,320,,BestEffort,Running,10934210,10944375,10934210,0,2500,2499
openb-pod-2501,6000,8192,1,460,,LS,Running,10935160,11128656,10935160,0,2501,2500
openb-pod-2502,15700,58368,1,1000,,LS,Running,10935342,10937301,10935374,0,2502,2501
openb-pod-2503,15700,58368,1,1000,,LS,Running,10936358,10938484,10936395,0,2503,2502
openb-pod-2504,11900,77824,1,1000,,LS,Running,10936906,10939937,10936940,0,2504,2503
openb-pod-2505,15700,58368,1,1000,,LS,Running,10939044,10941182,10939081,0,2505,2504
openb-pod-2506,11900,77824,1,1000,,LS,Running,10939089,10941952,10939126,0,2506,2505
openb-pod-2507,6000,22888,1,110,,BestEffort,Running,10939462,10945039,10939462,0,2507,2506
openb-pod-2508,15700,58368,1,1000,,LS,Pending,10939944,10940035,,0,2508,2507
openb-pod-2509,15700,58368,1,1000,,LS,Running,10940694,10942868,10940696,0,2509,2508
openb-pod-2510,16000,31250,0,0,,LS,Running,10941267,10941392,10941271,0,2510,2509
openb-pod-2511,8000,30517,0,0,,BestEffort,Running,10942439,10968966,10942439,0,2511,2510
openb-pod-2512,8000,30517,0,0,,BestEffort,Running,10942464,10968965,10942464,0,2512,2511
openb-pod-2513,8000,30517,0,0,,BestEffort,Running,10942465,10968958,10942465,0,2513,2512
openb-pod-2514,4152,10600,1,810,,BestEffort,Failed,10943180,10945448,10943180,0,2514,2513
openb-pod-2515,4000,22888,1,320,,BestEffort,Running,10943317,10943400,10943317,0,2515,2514
openb-pod-2516,6000,6144,1,460,,LS,Running,10943973,10945683,10943973,0,2516,2515
openb-pod-2517,15700,58368,1,1000,,LS,Running,10944662,10946884,10944698,0,2517,2516
openb-pod-2518,11900,77824,1,1000,,LS,Running,10944799,10947379,10944868,0,2518,2517
openb-pod-2519,4000,22888,1,320,,BestEffort,Running,10944920,10948883,10944921,0,2519,2518
openb-pod-2520,4000,15258,1,220,,BestEffort,Pending,10945448,10945455,,0,2520,2519
openb-pod-2521,8000,15625,0,0,,LS,Running,10945540,10945716,10945542,0,2521,2520
openb-pod-2522,4000,15258,1,320,,BestEffort,Running,10945550,10945705,10945586,0,2522,2521
openb-pod-2523,4000,15258,1,320,,BestEffort,Pending,10945956,10946040,,0,2523,2522
openb-pod-2524,4000,15258,1,320,,BestEffort,Pending,10946041,10946206,,0,2524,2523
openb-pod-2525,4000,15258,1,320,,BestEffort,Running,10946239,10946983,10946581,0,2525,2524
openb-pod-2526,15400,51200,0,0,,LS,Running,10946423,10950397,10946425,0,2526,2525
openb-pod-2527,4000,15258,1,320,,BestEffort,Pending,10946454,10946901,,0,2527,2526
openb-pod-2528,4000,22888,1,320,,BestEffort,Running,10947916,10948943,10947986,0,2528,2527
openb-pod-2529,11900,77824,1,1000,,LS,Running,10948395,10952605,10948534,0,2529,2528
openb-pod-2530,11400,48128,1,1000,,LS,Running,10948396,10951656,10948604,0,2530,2529
openb-pod-2531,4000,15258,1,160,,BestEffort,Running,10948996,10950327,10949132,0,2531,2530
openb-pod-2532,4000,15258,1,160,,BestEffort,Running,10949260,10949442,10949286,0,2532,2531
openb-pod-2533,4000,22888,1,320,,BestEffort,Running,10949384,10949731,10949416,0,2533,2532
openb-pod-2534,11400,48128,1,1000,,LS,Pending,10949430,10949669,,0,2534,2533
openb-pod-2535,15700,58368,1,1000,,LS,Running,10949530,10949750,10949670,0,2535,2534
openb-pod-2536,4000,22888,1,320,,BestEffort,Running,10949730,10950128,10950007,0,2536,2535
openb-pod-2537,4000,22888,1,320,,BestEffort,Running,10949790,10950231,10949790,0,2537,2536
openb-pod-2538,4000,15258,1,320,,BestEffort,Pending,10949980,10950296,,0,2538,2537
openb-pod-2539,4000,22888,1,230,,BestEffort,Pending,10950228,10950296,,0,2539,2538
openb-pod-2540,4000,15258,1,230,,BestEffort,Pending,10950556,10950566,,0,2540,2539
openb-pod-2541,6000,12288,1,460,,LS,Running,10950572,10951443,10950573,0,2541,2540
openb-pod-2542,15400,51200,0,0,,LS,Running,10950677,10950850,10950711,0,2542,2541
openb-pod-2543,4000,15258,1,220,,BestEffort,Running,10950697,10959610,10950697,0,2543,2542
openb-pod-2544,4000,15258,1,320,,BestEffort,Running,10950885,10951597,10951057,0,2544,2543
openb-pod-2545,11908,47104,1,1000,,BestEffort,Pending,10950942,10951079,,0,2545,2544
openb-pod-2546,4000,22888,1,230,,BestEffort,Pending,10950950,10951322,,0,2546,2545
openb-pod-2547,1000,2048,1,320,,BestEffort,Running,10951083,10951173,10951083,0,2547,2546
openb-pod-2548,4000,15258,1,320,,BestEffort,Pending,10951222,10951745,,0,2548,2547
openb-pod-2549,8000,30517,1,320,,BestEffort,Running,10951431,10953057,10951749,0,2549,2548
openb-pod-2550,11908,47104,1,1000,,BestEffort,Running,10951482,10952877,10951515,0,2550,2549
openb-pod-2551,8000,30517,1,320,,BestEffort,Running,10951537,10952715,10952093,0,2551,2550
openb-pod-2552,12500,57344,0,0,,LS,Running,10952090,10953240,10952092,0,2552,2551
openb-pod-2553,11300,37888,1,1000,,LS,Running,10952154,10955209,10952154,0,2553,2552
openb-pod-2554,4000,22888,1,320,,BestEffort,Running,10952219,10952271,10952219,0,2554,2553
openb-pod-2555,11400,48128,1,1000,,LS,Running,10952795,10964056,10952797,0,2555,2554
openb-pod-2556,12000,16384,1,1000,,LS,Running,10952854,10953423,10952854,0,2556,2555
openb-pod-2557,4000,22888,1,320,,BestEffort,Pending,10953052,10953059,,0,2557,2556
openb-pod-2558,4000,22888,1,320,,BestEffort,Running,10953547,10954664,10953789,0,2558,2557
openb-pod-2559,4000,22888,1,320,,BestEffort,Running,10953723,10954161,10953964,0,2559,2558
openb-pod-2560,8000,30517,1,230,,BestEffort,Pending,10953967,10953972,,0,2560,2559
openb-pod-2561,4000,15258,1,320,,BestEffort,Running,10954165,10955857,10954339,0,2561,2560
openb-pod-2562,12000,16384,1,1000,,LS,Running,10954475,10955044,10954475,0,2562,2561
openb-pod-2563,8000,30517,1,230,,BestEffort,Running,10955027,10955119,10955059,0,2563,2562
openb-pod-2564,4000,15258,1,320,,BestEffort,Running,10955797,10956061,10955899,0,2564,2563
openb-pod-2565,4000,22888,1,320,,BestEffort,Running,10955799,10956118,10955939,0,2565,2564
openb-pod-2566,8000,30517,1,320,,BestEffort,Running,10955991,10956225,10956129,0,2566,2565
openb-pod-2567,4000,15258,1,320,,BestEffort,Running,10956061,10956262,10956199,0,2567,2566
openb-pod-2568,4000,22888,1,320,,BestEffort,Running,10956115,10957052,10956115,0,2568,2567
openb-pod-2569,6000,23552,1,460,,LS,Running,10956160,10958798,10956160,0,2569,2568
openb-pod-2570,4152,10600,1,370,,BestEffort,Failed,10956515,10957233,10956550,0,2570,2569
openb-pod-2571,4000,32768,1,1000,,LS,Running,10957062,10959214,10957168,0,2571,2570
openb-pod-2572,11908,47104,1,1000,,BestEffort,Pending,10957182,10957343,,0,2572,2571
openb-pod-2573,6000,6144,1,460,,LS,Running,10958253,10958973,10958253,0,2573,2572
openb-pod-2574,6000,12288,1,460,,LS,Running,10958253,10958973,10958253,0,2574,2573
openb-pod-2575,64200,263168,8,1000,,LS,Failed,10959807,10959944,10959808,0,2575,2574
openb-pod-2576,15400,51200,0,0,,LS,Running,10960838,10962412,10960841,0,2576,2575
openb-pod-2577,8000,30517,1,470,,BestEffort,Running,10961058,10962532,10961921,0,2577,2576
openb-pod-2578,11400,48128,1,1000,,LS,Running,10961240,10965246,10961243,0,2578,2577
openb-pod-2579,11400,48128,1,1000,,LS,Running,10961297,10966788,10961299,0,2579,2578
openb-pod-2580,64200,263168,8,1000,,LS,Failed,10961735,10962506,10961767,0,2580,2579
openb-pod-2581,11400,48128,1,1000,,LS,Pending,10962408,10962444,,0,2581,2580
openb-pod-2582,15700,58368,1,1000,,LS,Running,10963022,10963098,10963054,0,2582,2581
openb-pod-2583,11400,48128,1,1000,,LS,Running,10963049,10964327,10963052,0,2583,2582
openb-pod-2584,15400,51200,0,0,,LS,Running,10963193,10963268,10963195,0,2584,2583
openb-pod-2585,12500,57344,0,0,,LS,Running,10963412,10964161,10963414,0,2585,2584
openb-pod-2586,12500,57344,0,0,,LS,Running,10963416,10964198,10963450,0,2586,2585
openb-pod-2587,32000,49152,0,0,,BestEffort,Running,10963495,10963676,10963497,0,2587,2586
openb-pod-2588,12500,57344,0,0,,LS,Running,10963811,10963950,10963815,0,2588,2587
openb-pod-2589,11400,48128,1,1000,,LS,Running,10963977,10964762,10963979,0,2589,2588
openb-pod-2590,4000,15258,1,160,,BestEffort,Running,10964069,10966300,10964080,0,2590,2589
openb-pod-2591,11900,77824,1,1000,,LS,Pending,10964291,10964326,,0,2591,2590
openb-pod-2592,11400,48128,1,1000,,LS,Running,10964788,10966152,10964825,0,2592,2591
openb-pod-2593,32000,49152,0,0,,BestEffort,Running,10965221,10965367,10965224,0,2593,2592
openb-pod-2594,32000,49152,0,0,,BestEffort,Running,10965222,10965395,10965224,0,2594,2593
openb-pod-2595,32000,49152,0,0,,BestEffort,Running,10965222,10965367,10965227,0,2595,2594
openb-pod-2596,18708,64512,1,1000,,LS,Running,10965607,10966151,10965610,0,2596,2595
openb-pod-2597,12500,57344,0,0,,LS,Running,10966202,10966828,10966237,0,2597,2596
openb-pod-2598,4000,30517,1,320,,BestEffort,Running,10966490,10970370,10966497,0,2598,2597
openb-pod-2599,8000,30517,1,320,,BestEffort,Running,10967395,10968267,10967395,0,2599,2598
openb-pod-2600,15700,58368,1,1000,,LS,Running,10967435,10969450,10967611,0,2600,2599
openb-pod-2601,15700,58368,1,1000,,LS,Running,10967881,10967955,10967883,0,2601,2600
openb-pod-2602,4000,30517,1,320,,BestEffort,Running,10967972,10969342,10967983,0,2602,2601
openb-pod-2603,4152,10600,1,810,,BestEffort,Failed,10968201,10979664,10968201,0,2603,2602
openb-pod-2604,8000,30517,1,470,,BestEffort,Running,10969033,10971224,10971179,0,2604,2603
openb-pod-2605,11908,47104,1,650,,LS,Pending,10969086,10969162,,0,2605,2604
openb-pod-2606,8000,32768,1,1000,,LS,Running,10969481,10970650,10969483,0,2606,2605
openb-pod-2607,18708,64512,1,1000,,LS,Running,10970001,10972895,10970037,0,2607,2606
openb-pod-2608,11400,57344,0,0,,LS,Running,10970041,10974118,10970043,0,2608,2607
openb-pod-2609,15400,51200,0,0,,LS,Running,10970088,10976116,10970090,0,2609,2608
openb-pod-2610,11400,48128,1,1000,,LS,Running,10970193,10971660,10970195,0,2610,2609
openb-pod-2611,4000,30517,1,320,,BestEffort,Running,10970875,10971209,10970879,0,2611,2610
openb-pod-2612,4000,30517,1,320,,BestEffort,Running,10971505,10973260,10971511,0,2612,2611
openb-pod-2613,11908,47104,1,470,,LS,Running,10971645,10971768,10971713,0,2613,2612
openb-pod-2614,12500,57344,0,0,,LS,Running,10971827,10972394,10971829,0,2614,2613
openb-pod-2615,11900,77824,1,1000,,LS,Pending,10972441,10972495,,0,2615,2614
openb-pod-2616,11400,48128,1,1000,,LS,Running,10973396,10990568,10973429,0,2616,2615
openb-pod-2617,4000,31250,1,1000,,LS,Running,10973649,11006095,10973649,0,2617,2616
openb-pod-2618,11908,47104,1,650,,LS,Running,10974358,10976621,10974394,0,2618,2617
openb-pod-2619,12000,24576,1,1000,,LS,Failed,10974443,11122366,10974758,0,2619,2618
openb-pod-2620,11908,47104,1,1000,,BestEffort,Pending,10975406,10975539,,0,2620,2619
openb-pod-2621,11400,48128,1,1000,,LS,Pending,10975408,10975471,,0,2621,2620
openb-pod-2622,4000,30517,1,320,,BestEffort,Running,10975420,11018701,10975450,0,2622,2621
openb-pod-2623,11908,47104,1,1000,,BestEffort,Pending,10975456,10975539,,0,2623,2622
openb-pod-2624,12500,57344,0,0,,LS,Running,10975921,10976356,10975923,0,2624,2623
openb-pod-2625,12500,57344,0,0,,LS,Running,10975928,10976355,10975965,0,2625,2624
openb-pod-2626,1000,6144,1,1000,,LS,Running,10976300,10978098,10976336,0,2626,2625
openb-pod-2627,4152,10600,1,810,,BestEffort,Failed,10976616,10986744,10976616,0,2627,2626
openb-pod-2628,11400,48128,1,1000,,LS,Running,10976617,10976702,10976650,0,2628,2627
openb-pod-2629,11300,37888,1,1000,,LS,Running,10976699,10979104,10976733,0,2629,2628
openb-pod-2630,6000,6144,1,460,,LS,Running,10977275,10977843,10977276,0,2630,2629
openb-pod-2631,6000,6144,1,460,,LS,Running,10977275,10977843,10977276,0,2631,2630
openb-pod-2632,4000,15258,1,160,,BestEffort,Running,10977615,10979094,10977626,0,2632,2631
openb-pod-2633,4000,15258,1,160,,BestEffort,Running,10977627,10980717,10978016,0,2633,2632
openb-pod-2634,4152,10600,1,370,,BestEffort,Failed,10977969,10978557,10977969,0,2634,2633
openb-pod-2635,11900,77824,1,1000,,LS,Running,10978413,10983787,10978416,0,2635,2634
openb-pod-2636,11908,47104,1,470,,LS,Running,10979122,10984819,10979856,0,2636,2635
openb-pod-2637,12500,57344,0,0,,LS,Running,10979941,10983573,10979976,0,2637,2636
openb-pod-2638,12500,57344,0,0,,LS,Running,10980122,10984296,10980156,0,2638,2637
openb-pod-2639,4000,24576,1,1000,,LS,Succeeded,10980988,10985136,10980988,0,2639,2638
openb-pod-2640,4000,30517,1,320,,BestEffort,Running,10981182,10985698,10981192,0,2640,2639
openb-pod-2641,4000,30517,1,320,,BestEffort,Running,10981193,10988630,10981937,0,2641,2640
openb-pod-2642,11908,47104,1,650,,LS,Pending,10981233,10981284,,0,2642,2641
openb-pod-2643,15700,58368,1,1000,,LS,Running,10983359,10986548,10983393,0,2643,2642
openb-pod-2644,12500,57344,0,0,,LS,Running,10983653,10984295,10983689,0,2644,2643
openb-pod-2645,12500,57344,0,0,,LS,Running,10983660,10984493,10983662,0,2645,2644
openb-pod-2646,11908,47104,1,470,,LS,Running,10983827,10986003,10983968,0,2646,2645
openb-pod-2647,16500,51200,0,0,,LS,Pending,10984279,10984342,,0,2647,2646
openb-pod-2648,16500,51200,0,0,,LS,Pending,10984281,10984344,,0,2648,2647
openb-pod-2649,16500,51200,0,0,,LS,Running,10984287,10984398,10984323,0,2649,2648
openb-pod-2650,12500,57344,0,0,,LS,Running,10984910,10985839,10984944,0,2650,2649
openb-pod-2651,4000,24576,1,1000,,LS,Succeeded,10985397,10989514,10985397,0,2651,2650
openb-pod-2652,15400,51200,0,0,,LS,Running,10985470,10990240,10985506,0,2652,2651
openb-pod-2653,18708,64512,1,1000,,LS,Running,10986737,10988858,10986775,0,2653,2652
openb-pod-2654,12500,57344,0,0,,LS,Running,10986953,10988386,10986955,0,2654,2653
openb-pod-2655,12500,57344,0,0,,LS,Pending,10987406,10987460,,0,2655,2654
openb-pod-2656,32000,49152,0,0,,BestEffort,Running,10987417,10987578,10987422,0,2656,2655
openb-pod-2657,11900,77824,1,1000,,LS,Running,10987836,10990513,10988256,0,2657,2656
openb-pod-2658,32000,49152,0,0,,BestEffort,Running,10988062,10988217,10988066,0,2658,2657
openb-pod-2659,15700,58368,1,1000,,LS,Pending,10988128,10988164,,0,2659,2658
openb-pod-2660,32000,49152,0,0,,BestEffort,Running,10988645,10988795,10988648,0,2660,2659
openb-pod-2661,1000,6144,1,1000,,LS,Running,10989834,10994496,10989836,0,2661,2660
openb-pod-2662,15400,51200,0,0,,LS,Running,10990959,11000138,10990961,0,2662,2661
openb-pod-2663,8200,33792,1,1000,,LS,Failed,10991217,10992448,10991217,0,2663,2662
openb-pod-2664,11400,48128,1,1000,,LS,Pending,10991756,10991798,,0,2664,2663
openb-pod-2665,11400,48128,1,1000,,LS,Running,10991757,10991798,10991759,0,2665,2664
openb-pod-2666,11400,48128,1,1000,,LS,Running,10991934,10992488,10991939,0,2666,2665
openb-pod-2667,8000,30517,1,470,,BestEffort,Pending,10992810,10992814,,0,2667,2666
openb-pod-2668,11400,48128,1,1000,,LS,Running,10993760,10994565,10993762,0,2668,2667
openb-pod-2669,11400,48128,1,1000,,LS,Running,10994345,10995943,10994348,0,2669,2668
openb-pod-2670,15700,58368,1,1000,,LS,Pending,10994371,10994407,,0,2670,2669
openb-pod-2671,8000,30517,1,470,,BestEffort,Running,10994480,10997657,10997562,0,2671,2670
openb-pod-2672,11400,48128,1,1000,,LS,Pending,10995731,10995761,,0,2672,2671
openb-pod-2673,11400,48128,1,1000,,LS,Pending,10996531,10996562,,0,2673,2672
openb-pod-2674,15700,58368,1,1000,,LS,Running,10996793,10998647,10996829,0,2674,2673
openb-pod-2675,11400,48128,1,1000,,LS,Running,10996961,11000842,10996963,0,2675,2674
openb-pod-2676,11400,48128,1,1000,,LS,Running,10997465,10999905,10997468,0,2676,2675
openb-pod-2677,12000,16384,1,1000,,LS,Running,10997673,11010453,10997673,0,2677,2676
openb-pod-2678,11400,48128,1,1000,,LS,Pending,10997832,10997866,,0,2678,2677
openb-pod-2679,4000,30517,1,320,,BestEffort,Running,10998413,11007801,10998422,0,2679,2678
openb-pod-2680,11400,48128,1,1000,,LS,Pending,10998662,10998746,,0,2680,2679
openb-pod-2681,8000,16384,0,0,,Guaranteed,Running,10999205,11091367,10999205,0,2681,2680
openb-pod-2682,8000,30517,0,0,,BestEffort,Running,11000032,11003798,11000032,0,2682,2681
openb-pod-2683,8000,30517,0,0,,BestEffort,Running,11000033,11003858,11000033,0,2683,2682
openb-pod-2684,8000,30517,0,0,,BestEffort,Running,11000039,11003796,11000039,0,2684,2683
openb-pod-2685,11400,48128,1,1000,,LS,Running,11001092,11001170,11001096,0,2685,2684
openb-pod-2686,11400,48128,1,1000,,LS,Running,11001304,11001348,11001306,0,2686,2685
openb-pod-2687,11400,48128,1,1000,,LS,Running,11003239,11003320,11003272,0,2687,2686
openb-pod-2688,11400,48128,1,1000,,LS,Pending,11003572,11003628,,0,2688,2687
openb-pod-2689,11400,48128,1,1000,,LS,Pending,11003909,11003942,,0,2689,2688
openb-pod-2690,11400,48128,1,1000,,LS,Pending,11004042,11004103,,0,2690,2689
openb-pod-2691,11400,48128,1,1000,,LS,Pending,11004669,11004704,,0,2691,2690
openb-pod-2692,12000,16384,1,1000,,LS,Running,11005079,11009620,11005079,0,2692,2691
openb-pod-2693,11400,48128,1,1000,,LS,Pending,11007403,11007442,,0,2693,2692
openb-pod-2694,11400,48128,1,1000,,LS,Pending,11007403,11007442,,0,2694,2693
openb-pod-2695,11400,48128,1,1000,,LS,Pending,11007884,11007954,,0,2695,2694
openb-pod-2696,11400,48128,1,1000,,LS,Running,11008886,11008921,11008888,0,2696,2695
openb-pod-2697,4000,15258,1,320,,BestEffort,Running,11009015,11024019,11009015,0,2697,2696
openb-pod-2698,15700,58368,1,1000,,LS,Running,11009034,11011095,11009068,0,2698,2697
openb-pod-2699,11400,48128,1,1000,,LS,Pending,11009184,11009224,,0,2699,2698
openb-pod-2700,32000,49152,0,0,,BestEffort,Running,11010826,11010979,11010829,0,2700,2699
openb-pod-2701,32000,49152,0,0,,BestEffort,Running,11010827,11010979,11010829,0,2701,2700
openb-pod-2702,32000,49152,0,0,,BestEffort,Running,11010829,11010979,11010831,0,2702,2701
openb-pod-2703,15700,58368,1,1000,,LS,Running,11012503,11013832,11012506,0,2703,2702
openb-pod-2704,11400,48128,1,1000,,LS,Running,11013256,11013928,11013290,0,2704,2703
openb-pod-2705,4152,10600,1,810,,BestEffort,Failed,11013292,11014297,11013292,0,2705,2704
openb-pod-2706,11400,48128,1,1000,,LS,Running,11013407,11013753,11013476,0,2706,2705
openb-pod-2707,4152,10600,1,370,,BestEffort,Failed,11013445,11013794,11013512,0,2707,2706
openb-pod-2708,4000,22888,1,320,,BestEffort,Running,11017626,11030204,11017626,0,2708,2707
openb-pod-2709,16000,65536,1,1000,,LS,Running,11019703,11026557,11019705,0,2709,2708
openb-pod-2710,6000,12288,1,460,,LS,Running,11020594,11021163,11020596,0,2710,2709
openb-pod-2711,32000,32768,0,0,,LS,Succeeded,11020972,11024629,11020972,0,2711,2710
openb-pod-2712,8000,32768,1,1000,,LS,Running,11021742,11103158,11021744,0,2712,2711
openb-pod-2713,6000,12288,1,460,,LS,Running,11022513,11023112,11022513,0,2713,2712
openb-pod-2714,6000,12288,1,460,,LS,Running,11022514,11023112,11022514,0,2714,2713
openb-pod-2715,11900,77824,1,1000,,LS,Running,11022991,11026254,11023027,0,2715,2714
openb-pod-2716,12000,12288,1,1000,,LS,Running,11024333,11027497,11024335,0,2716,2715
openb-pod-2717,8000,16384,1,1000,,LS,Running,11026059,11028759,11026059,0,2717,2716
openb-pod-2718,4000,22888,1,220,,BestEffort,Running,11028470,11038095,11028470,0,2718,2717
openb-pod-2719,8000,30517,0,0,,BestEffort,Running,11028837,11057777,11028837,0,2719,2718
openb-pod-2720,12000,16384,1,1000,,LS,Running,11029713,11031813,11029713,0,2720,2719
openb-pod-2721,4000,15258,1,320,,BestEffort,Running,11029792,11036222,11029795,0,2721,2720
openb-pod-2722,4152,10600,1,810,,BestEffort,Failed,11031391,11034481,11031391,0,2722,2721
openb-pod-2723,4000,24576,1,1000,,LS,Succeeded,11032007,11036276,11032007,0,2723,2722
openb-pod-2724,4000,30517,1,320,,BestEffort,Running,11033891,11034136,11033896,0,2724,2723
openb-pod-2725,4000,30517,1,320,,BestEffort,Running,11033925,11034133,11033935,0,2725,2724
openb-pod-2726,32000,49152,0,0,,BestEffort,Running,11034173,11034352,11034176,0,2726,2725
openb-pod-2727,4000,30517,1,320,,BestEffort,Running,11034329,11140691,11034347,0,2727,2726
openb-pod-2728,11400,48128,1,1000,,LS,Running,11034416,11034584,11034420,0,2728,2727
openb-pod-2729,15700,58368,1,1000,,LS,Running,11034445,11034584,11034517,0,2729,2728
openb-pod-2730,4152,10600,1,810,,BestEffort,Pending,11034477,11034489,,0,2730,2729
openb-pod-2731,15700,58368,1,1000,,LS,Running,11034701,11038658,11034736,0,2731,2730
openb-pod-2732,6000,22888,1,160,,BestEffort,Running,11034704,11034917,11034704,0,2732,2731
openb-pod-2733,15700,58368,1,1000,,LS,Running,11034735,11035456,11034770,0,2733,2732
openb-pod-2734,32000,49152,0,0,,BestEffort,Running,11034748,11034902,11034751,0,2734,2733
openb-pod-2735,32000,49152,0,0,,BestEffort,Running,11034748,11034902,11034751,0,2735,2734
openb-pod-2736,11400,48128,1,1000,,LS,Pending,11034776,11034968,,0,2736,2735
openb-pod-2737,11908,47104,1,470,,LS,Running,11034954,11035419,11034991,0,2737,2736
openb-pod-2738,8000,30517,1,470,,BestEffort,Running,11035001,11035624,11035102,0,2738,2737
openb-pod-2739,11400,48128,1,1000,,LS,Running,11035112,11038688,11035146,0,2739,2738
openb-pod-2740,4000,15258,1,320,,BestEffort,Running,11035244,11035519,11035313,0,2740,2739
openb-pod-2741,11400,48128,1,1000,,LS,Running,11035446,11038589,11035449,0,2741,2740
openb-pod-2742,11900,77824,1,1000,,LS,Running,11036090,11040061,11036167,0,2742,2741
openb-pod-2743,6000,6144,1,460,,LS,Running,11036433,11037513,11036433,0,2743,2742
openb-pod-2744,8000,30517,1,470,,BestEffort,Pending,11036524,11036525,,0,2744,2743
openb-pod-2745,8000,30517,1,320,,BestEffort,Running,11036591,11036910,11036658,0,2745,2744
openb-pod-2746,8000,30517,1,470,,BestEffort,Pending,11036764,11037365,,0,2746,2745
openb-pod-2747,11900,77824,1,1000,,LS,Running,11036816,11040772,11036818,0,2747,2746
openb-pod-2748,8200,33792,1,1000,,LS,Failed,11037805,11038658,11037805,0,2748,2747
openb-pod-2749,12000,16384,1,1000,,LS,Running,11037933,11038473,11037933,0,2749,2748
openb-pod-2750,4000,15258,1,320,,BestEffort,Running,11038086,11038420,11038189,0,2750,2749
openb-pod-2751,18708,64512,1,1000,,LS,Pending,11038465,11038498,,0,2751,2750
openb-pod-2752,4000,22888,1,480,,BestEffort,Running,11038562,11046250,11038565,0,2752,2751
openb-pod-2753,15700,58368,1,1000,,LS,Pending,11038649,11038725,,0,2753,2752
openb-pod-2754,12000,24576,1,1000,,Burstable,Succeeded,11039555,11043215,11039556,0,2754,2753
openb-pod-2755,11900,77824,1,1000,,LS,Running,11040178,11043452,11040185,0,2755,2754
openb-pod-2756,15700,58368,1,1000,,LS,Running,11040364,11042590,11040398,0,2756,2755
openb-pod-2757,11900,77824,1,1000,,LS,Running,11041596,11045105,11041908,0,2757,2756
openb-pod-2758,8000,30517,1,470,,BestEffort,Running,11041737,11042326,11042226,0,2758,2757
openb-pod-2759,4000,31250,1,1000,,LS,Running,11041746,11049294,11041746,0,2759,2758
openb-pod-2760,18708,64512,1,1000,,LS,Running,11042251,11042762,11042284,0,2760,2759
openb-pod-2761,12500,57344,0,0,,LS,Running,11043221,11043506,11043223,0,2761,2760
openb-pod-2762,12500,57344,0,0,,LS,Running,11043271,11043398,11043305,0,2762,2761
openb-pod-2763,6000,16384,1,460,,LS,Running,11043760,11044957,11043760,0,2763,2762
openb-pod-2764,11908,47104,1,650,,LS,Pending,11043865,11043978,,0,2764,2763
openb-pod-2765,4152,10600,1,810,,BestEffort,Running,11044069,11124061,11044069,0,2765,2764
openb-pod-2766,11908,47104,1,470,,LS,Running,11044262,11044447,11044364,0,2766,2765
openb-pod-2767,11908,47104,1,470,,LS,Running,11044263,11052101,11044299,0,2767,2766
openb-pod-2768,11908,47104,1,470,,LS,Running,11044754,11052511,11044790,0,2768,2767
openb-pod-2769,15700,58368,1,1000,,LS,Pending,11045352,11045389,,0,2769,2768
openb-pod-2770,15700,58368,1,1000,,LS,Running,11047180,11049676,11047216,0,2770,2769
openb-pod-2771,11400,48128,1,1000,,LS,Running,11047555,11051744,11047561,0,2771,2770
openb-pod-2772,11400,48128,1,1000,,LS,Running,11047627,11052283,11047629,0,2772,2771
openb-pod-2773,11400,48128,1,1000,,LS,Running,11047629,11051785,11047631,0,2773,2772
openb-pod-2774,4152,10600,1,810,,BestEffort,Running,11048362,11124025,11048362,0,2774,2773
openb-pod-2775,8000,30517,1,220,,BestEffort,Running,11048514,11051364,11050598,0,2775,2774
openb-pod-2776,11400,48128,1,1000,,LS,Running,11049135,11049397,11049276,0,2776,2775
openb-pod-2777,11400,48128,1,1000,,LS,Running,11049543,11049945,11049576,0,2777,2776
openb-pod-2778,11400,48128,1,1000,,LS,Running,11049607,11049713,11049642,0,2778,2777
openb-pod-2779,4152,10600,1,810,,BestEffort,Running,11049709,11124362,11049709,0,2779,2778
openb-pod-2780,4152,10600,1,810,,BestEffort,Failed,11050420,11050738,11050420,0,2780,2779
openb-pod-2781,11900,77824,1,1000,,LS,Running,11050941,11053608,11050944,0,2781,2780
openb-pod-2782,11400,48128,1,1000,,LS,Running,11051098,11052358,11051134,0,2782,2781
openb-pod-2783,8000,32768,1,1000,,LS,Running,11051566,11057565,11051673,0,2783,2782
openb-pod-2784,15700,58368,1,1000,,LS,Running,11052205,11054271,11052208,0,2784,2783
openb-pod-2785,11400,48128,1,1000,,LS,Running,11052393,11054301,11052395,0,2785,2784
openb-pod-2786,15700,58368,1,1000,,LS,Pending,11052653,11052728,,0,2786,2785
openb-pod-2787,8000,30517,1,470,,BestEffort,Pending,11053643,11055910,,0,2787,2786
openb-pod-2788,12000,24576,1,1000,,Burstable,Failed,11054015,11068886,11054015,0,2788,2787
openb-pod-2789,18708,64512,1,1000,,LS,Pending,11054093,11054234,,0,2789,2788
openb-pod-2790,11400,48128,1,1000,,LS,Pending,11054128,11054165,,0,2790,2789
openb-pod-2791,11400,48128,1,1000,,LS,Running,11056803,11058044,11056839,0,2791,2790
openb-pod-2792,11400,48128,1,1000,,LS,Running,11057127,11058043,11057129,0,2792,2791
openb-pod-2793,11400,48128,1,1000,,LS,Running,11057635,11057777,11057674,0,2793,2792
openb-pod-2794,15700,58368,1,1000,,LS,Running,11057904,11060018,11057939,0,2794,2793
openb-pod-2795,15700,58368,1,1000,,LS,Pending,11058034,11058077,,0,2795,2794
openb-pod-2796,15700,58368,1,1000,,LS,Running,11058332,11060409,11058369,0,2796,2795
openb-pod-2797,32000,49152,0,0,,BestEffort,Running,11058612,11058768,11058615,0,2797,2796
openb-pod-2798,15700,58368,1,1000,,LS,Pending,11058727,11058841,,0,2798,2797
openb-pod-2799,11400,48128,1,1000,,LS,Pending,11059269,11059397,,0,2799,2798
openb-pod-2800,11400,48128,1,1000,,LS,Running,11059271,11059564,11059273,0,2800,2799
openb-pod-2801,11400,48128,1,1000,,LS,Running,11059272,11059564,11059274,0,2801,2800
openb-pod-2802,15700,58368,1,1000,,LS,Running,11060165,11062269,11060168,0,2802,2801
openb-pod-2803,8000,16384,1,1000,,LS,Running,11060653,11064162,11060685,0,2803,2802
openb-pod-2804,11400,48128,1,1000,,LS,Running,11060788,11060930,11060790,0,2804,2803
openb-pod-2805,11400,48128,1,1000,,LS,Running,11060819,11060892,11060821,0,2805,2804
openb-pod-2806,15700,58368,1,1000,,LS,Running,11062124,11064114,11062128,0,2806,2805
openb-pod-2807,12000,24576,1,1000,,LS,Running,11062897,11066315,11062897,0,2807,2806
openb-pod-2808,4000,24576,1,1000,,LS,Succeeded,11062993,11067159,11062993,0,2808,2807
openb-pod-2809,11400,48128,1,1000,,LS,Running,11063597,11063719,11063599,0,2809,2808
openb-pod-2810,11400,48128,1,1000,,LS,Running,11064076,11064150,11064078,0,2810,2809
openb-pod-2811,11400,48128,1,1000,,LS,Running,11064077,11064295,11064111,0,2811,2810
openb-pod-2812,12000,16384,1,1000,,LS,Running,11064333,11064903,11064399,0,2812,2811
openb-pod-2813,4000,24576,1,1000,,LS,Succeeded,11064446,11068997,11064446,0,2813,2812
openb-pod-2814,11900,77824,1,1000,,LS,Running,11064502,11067745,11064504,0,2814,2813
openb-pod-2815,15700,58368,1,1000,,LS,Running,11064663,11066886,11064696,0,2815,2814
openb-pod-2816,11400,48128,1,1000,,LS,Running,11064914,11065185,11064917,0,2816,2815
openb-pod-2817,11400,48128,1,1000,,LS,Running,11064916,11065202,11064922,0,2817,2816
openb-pod-2818,11400,48128,1,1000,,LS,Running,11064955,11065171,11064958,0,2818,2817
openb-pod-2819,11400,48128,1,1000,,LS,Running,11065120,11069160,11065124,0,2819,2818
openb-pod-2820,11400,48128,1,1000,,LS,Running,11065306,11070405,11065342,0,2820,2819
openb-pod-2821,11400,48128,1,1000,,LS,Running,11065308,11070344,11065311,0,2821,2820
openb-pod-2822,11900,77824,1,1000,,LS,Running,11065717,11068982,11065752,0,2822,2821
openb-pod-2823,15700,58368,1,1000,,LS,Running,11067652,11069803,11067656,0,2823,2822
openb-pod-2824,15700,58368,1,1000,,LS,Pending,11067723,11067801,,0,2824,2823
openb-pod-2825,15700,58368,1,1000,,LS,Running,11067759,11067838,11067793,0,2825,2824
openb-pod-2826,4000,24576,1,1000,,LS,Succeeded,11067977,11072817,11067977,0,2826,2825
openb-pod-2827,11400,48128,1,1000,,LS,Running,11068388,11070328,11068423,0,2827,2826
openb-pod-2828,11400,48128,1,1000,,LS,Running,11068421,11070392,11068457,0,2828,2827
openb-pod-2829,11900,77824,1,1000,,LS,Running,11070819,11070887,11070853,0,2829,2828
openb-pod-2830,15700,58368,1,1000,,LS,Running,11071065,11073130,11071067,0,2830,2829
openb-pod-2831,15700,58368,1,1000,,LS,Pending,11071096,11071181,,0,2831,2830
openb-pod-2832,8000,16384,1,1000,,LS,Running,11071356,11073154,11071356,0,2832,2831
openb-pod-2833,4152,10600,1,550,,BestEffort,Failed,11072510,11072559,11072510,0,2833,2832
openb-pod-2834,15700,58368,1,1000,,LS,Running,11073022,11075165,11073059,0,2834,2833
openb-pod-2835,12000,24576,1,1000,,LS,Running,11073754,11124005,11073754,0,2835,2834
openb-pod-2836,8000,32768,1,1000,,BestEffort,Failed,11075323,11075366,11075330,0,2836,2835
openb-pod-2837,8000,32768,1,1000,,BestEffort,Failed,11075573,11076831,11075576,0,2837,2836
openb-pod-2838,8000,32768,1,1000,,BestEffort,Failed,11075801,11075964,11075805,0,2838,2837
openb-pod-2839,15700,58368,1,1000,,LS,Running,11077072,11079133,11077074,0,2839,2838
openb-pod-2840,15700,58368,1,1000,,LS,Running,11077486,11079551,11077488,0,2840,2839
openb-pod-2841,11400,48128,1,1000,,LS,Running,11078696,11083345,11078698,0,2841,2840
openb-pod-2842,11400,48128,1,1000,,LS,Running,11078771,11083167,11078773,0,2842,2841
openb-pod-2843,8000,30517,1,470,,BestEffort,Running,11079867,11079903,11079867,0,2843,2842
openb-pod-2844,18708,64512,1,1000,,LS,Running,11080313,11080633,11080316,0,2844,2843
openb-pod-2845,11900,43008,1,1000,,LS,Running,11080360,11080691,11080603,0,2845,2844
openb-pod-2846,11908,47104,1,470,,LS,Running,11080669,11081001,11080706,0,2846,2845
openb-pod-2847,11400,48128,1,1000,,LS,Running,11081253,11083282,11081255,0,2847,2846
openb-pod-2848,32000,49152,0,0,,BestEffort,Running,11081372,11081526,11081375,0,2848,2847
openb-pod-2849,32000,49152,0,0,,BestEffort,Running,11082525,11082676,11082531,0,2849,2848
openb-pod-2850,11400,48128,1,1000,,LS,Running,11083044,11083601,11083047,0,2850,2849
openb-pod-2851,11400,48128,1,1000,,LS,Running,11083221,11083625,11083257,0,2851,2850
openb-pod-2852,11900,77824,1,1000,,LS,Running,11083593,11086137,11083596,0,2852,2851
openb-pod-2853,16000,32768,1,1000,,LS,Running,11084688,11085761,11084690,0,2853,2852
openb-pod-2854,12000,16384,1,1000,,LS,Running,11085996,11101956,11085996,0,2854,2853
openb-pod-2855,12000,24576,1,1000,,Burstable,Running,11086418,11322762,11086419,0,2855,2854
openb-pod-2856,16000,32768,1,1000,,LS,Running,11087021,11094786,11087023,0,2856,2855
openb-pod-2857,12000,47104,1,1000,,Burstable,Succeeded,11087736,11122475,11087737,0,2857,2856
openb-pod-2858,16000,32768,1,1000,,LS,Running,11088884,11091878,11088887,0,2858,2857
openb-pod-2859,12000,32768,1,1000,,LS,Running,11089355,11090556,11089355,0,2859,2858
openb-pod-2860,8000,30517,1,320,,BestEffort,Running,11089906,11128718,11089907,0,2860,2859
openb-pod-2861,8000,8192,0,0,,LS,Succeeded,11090372,11093996,11090372,0,2861,2860
openb-pod-2862,16000,32768,1,1000,,LS,Running,11091165,11092962,11091928,0,2862,2861
openb-pod-2863,32200,132096,4,1000,,LS,Failed,11095003,11095545,11095003,0,2863,2862
openb-pod-2864,4000,22888,1,480,,BestEffort,Running,11096740,11097208,11096741,0,2864,2863
openb-pod-2865,4000,31250,1,1000,,LS,Running,11097240,11098143,11097240,0,2865,2864
openb-pod-2866,4000,22888,1,320,,BestEffort,Running,11100487,11104688,11100488,0,2866,2865
openb-pod-2867,4000,24576,1,1000,,LS,Succeeded,11102589,11107180,11102589,0,2867,2866
openb-pod-2868,32000,49152,0,0,,BestEffort,Running,11104707,11104856,11104710,0,2868,2867
openb-pod-2869,32000,49152,0,0,,BestEffort,Running,11105858,11106005,11105862,0,2869,2868
openb-pod-2870,15700,58368,1,1000,,LS,Running,11106111,11106256,11106146,0,2870,2869
openb-pod-2871,15700,58368,1,1000,,LS,Running,11106744,11106820,11106781,0,2871,2870
openb-pod-2872,15700,58368,1,1000,,LS,Running,11111473,11113630,11111507,0,2872,2871
openb-pod-2873,15700,58368,1,1000,,LS,Running,11112961,11113042,11112997,0,2873,2872
openb-pod-2874,15700,58368,1,1000,,LS,Running,11113955,11116046,11113957,0,2874,2873
openb-pod-2875,15700,58368,1,1000,,LS,Running,11113989,11116070,11113992,0,2875,2874
openb-pod-2876,8000,30517,1,220,,BestEffort,Running,11114045,11123973,11114045,0,2876,2875
openb-pod-2877,8000,30517,1,220,,BestEffort,Running,11114048,11123973,11114048,0,2877,2876
openb-pod-2878,15700,58368,1,1000,,LS,Running,11114305,11116479,11114308,0,2878,2877
openb-pod-2879,4000,22888,1,330,,BestEffort,Running,11114429,11121660,11114429,0,2879,2878
openb-pod-2880,4152,10600,1,550,,BestEffort,Failed,11114601,11114640,11114601,0,2880,2879
openb-pod-2881,16000,32768,1,1000,,LS,Running,11114738,11115804,11114740,0,2881,2880
openb-pod-2882,8000,30517,0,0,,BestEffort,Running,11115249,11137047,11115250,0,2882,2881
openb-pod-2883,8000,30517,0,0,,BestEffort,Running,11115261,11137050,11115261,0,2883,2882
openb-pod-2884,8000,30517,0,0,,BestEffort,Running,11115262,11137110,11115262,0,2884,2883
openb-pod-2885,4000,15258,1,320,,BestEffort,Running,11117478,11119783,11117478,0,2885,2884
openb-pod-2886,15700,58368,1,1000,,LS,Running,11117493,11117642,11117530,0,2886,2885
openb-pod-2887,4000,22888,1,320,,BestEffort,Running,11117498,11125389,11117499,0,2887,2886
openb-pod-2888,12000,16384,1,1000,,LS,Running,11118273,11118813,11118273,0,2888,2887
openb-pod-2889,15700,58368,1,1000,,LS,Running,11121541,11123665,11121575,0,2889,2888
openb-pod-2890,4000,24576,1,1000,,LS,Succeeded,11121713,11125725,11121713,0,2890,2889
openb-pod-2891,4000,30517,1,220,,BestEffort,Running,11122115,11125762,11122321,0,2891,2890
openb-pod-2892,15700,58368,1,1000,,LS,Running,11122173,11124143,11122175,0,2892,2891
openb-pod-2893,11400,48128,1,1000,,LS,Running,11123894,11127433,11123896,0,2893,2892
openb-pod-2894,8000,30517,1,320,,BestEffort,Running,11124008,11124117,11124009,0,2894,2893
openb-pod-2895,11400,48128,1,1000,,LS,Running,11124021,11124179,11124092,0,2895,2894
openb-pod-2896,4000,22888,1,320,,BestEffort,Running,11124024,11124122,11124024,0,2896,2895
openb-pod-2897,4000,22888,1,480,,BestEffort,Running,11124031,11129396,11124031,0,2897,2896
openb-pod-2898,4000,30517,1,320,,BestEffort,Running,11124176,11127853,11124207,0,2898,2897
openb-pod-2899,11400,48128,1,1000,,LS,Running,11124215,11127469,11124251,0,2899,2898
openb-pod-2900,4000,22888,1,320,,BestEffort,Running,11124338,11125389,11124339,0,2900,2899
openb-pod-2901,4000,30517,1,230,,BestEffort,Running,11124346,11125822,11124347,0,2901,2900
openb-pod-2902,8000,30517,1,320,,BestEffort,Running,11124361,11128655,11124361,0,2902,2901
openb-pod-2903,32000,49152,0,0,,BestEffort,Running,11128032,11128185,11128034,0,2903,2902
openb-pod-2904,32000,49152,0,0,,BestEffort,Running,11128034,11128185,11128038,0,2904,2903
openb-pod-2905,16000,32768,1,1000,,LS,Succeeded,11128364,11131977,11128364,0,2905,2904
openb-pod-2906,32000,49152,0,0,,BestEffort,Running,11128729,11128910,11128734,0,2906,2905
openb-pod-2907,32000,49152,0,0,,BestEffort,Running,11128729,11128880,11128732,0,2907,2906
openb-pod-2908,32000,49152,0,0,,BestEffort,Running,11128729,11128879,11128732,0,2908,2907
openb-pod-2909,32000,49152,0,0,,BestEffort,Running,11128729,11128880,11128734,0,2909,2908
openb-pod-2910,32000,49152,0,0,,BestEffort,Running,11128730,11128879,11128733,0,2910,2909
openb-pod-2911,15700,58368,1,1000,,LS,Running,11129451,11131422,11129453,0,2911,2910
openb-pod-2912,15700,58368,1,1000,,LS,Running,11130153,11130234,11130187,0,2912,2911
openb-pod-2913,16000,32768,1,1000,,LS,Running,11130757,11133182,11130827,0,2913,2912
openb-pod-2914,16000,16384,1,1000,,LS,Running,11131273,11543226,11131273,0,2914,2913
openb-pod-2915,16000,32768,1,1000,,LS,Succeeded,11131962,11135701,11131962,0,2915,2914
openb-pod-2916,8000,61035,0,0,,BestEffort,Running,11132134,11135557,11132135,0,2916,2915
openb-pod-2917,6000,6144,1,460,,LS,Running,11132194,11133093,11132194,0,2917,2916
openb-pod-2918,15700,58368,1,1000,,LS,Running,11132742,11132823,11132746,0,2918,2917
openb-pod-2919,11400,48128,1,1000,,LS,Running,11133678,11137025,11133681,0,2919,2918
openb-pod-2920,11400,48128,1,1000,,LS,Running,11133718,11137266,11133754,0,2920,2919
openb-pod-2921,12000,32768,1,1000,,LS,Running,11135259,11136454,11135921,0,2921,2920
openb-pod-2922,12000,24576,1,1000,,LS,Running,11135676,11136514,11135917,0,2922,2921
openb-pod-2923,12000,15360,1,1000,,LS,Running,11136756,11144737,11137347,0,2923,2922
openb-pod-2924,11400,48128,1,1000,,LS,Running,11138331,11141515,11138364,0,2924,2923
openb-pod-2925,11400,48128,1,1000,,LS,Running,11138377,11141514,11138380,0,2925,2924
openb-pod-2926,11400,48128,1,1000,,LS,Running,11138420,11141475,11138422,0,2926,2925
openb-pod-2927,11400,48128,1,1000,,LS,Running,11138466,11141432,11138468,0,2927,2926
openb-pod-2928,15700,58368,1,1000,,LS,Running,11138880,11138944,11138882,0,2928,2927
openb-pod-2929,8000,30517,1,470,,BestEffort,Running,11139053,11141152,11139185,0,2929,2928
openb-pod-2930,11908,47104,1,470,,LS,Pending,11141073,11141201,,0,2930,2929
openb-pod-2931,8200,33792,1,1000,,LS,Failed,11141307,11142559,11141307,0,2931,2930
openb-pod-2932,11400,48128,1,1000,,LS,Running,11141665,11143386,11141701,0,2932,2931
openb-pod-2933,11400,48128,1,1000,,LS,Running,11141714,11143506,11141750,0,2933,2932
openb-pod-2934,11400,48128,1,1000,,LS,Running,11141849,11143548,11141851,0,2934,2933
openb-pod-2935,15700,58368,1,1000,,LS,Running,11142125,11143866,11142160,0,2935,2934
openb-pod-2936,15700,58368,1,1000,,LS,Running,11143807,11144401,11143841,0,2936,2935
openb-pod-2937,15700,58368,1,1000,,LS,Running,11144398,11144475,11144400,0,2937,2936
openb-pod-2938,8200,33792,1,1000,,LS,Failed,11145930,11147169,11145931,0,2938,2937
openb-pod-2939,8000,30517,1,470,,BestEffort,Running,11146645,11146840,11146783,0,2939,2938
openb-pod-2940,8000,30517,1,470,,BestEffort,Running,11146762,11147041,11147003,0,2940,2939
openb-pod-2941,8000,30517,1,470,,BestEffort,Running,11147345,11154738,11147553,0,2941,2940
openb-pod-2942,15700,58368,1,1000,,LS,Pending,11147878,11147924,,0,2942,2941
openb-pod-2943,15700,58368,1,1000,,LS,Running,11148769,11148878,11148803,0,2943,2942
openb-pod-2944,15700,58368,1,1000,,LS,Running,11150317,11151556,11150319,0,2944,2943
openb-pod-2945,15700,58368,1,1000,,LS,Running,11150664,11152698,11150698,0,2945,2944
openb-pod-2946,15700,58368,1,1000,,LS,Running,11151299,11153436,11151301,0,2946,2945
openb-pod-2947,32000,49152,0,0,,BestEffort,Running,11152092,11152245,11152099,0,2947,2946
openb-pod-2948,16000,32768,1,1000,,LS,Running,11152546,11153559,11152551,0,2948,2947
openb-pod-2949,16000,32768,0,0,,BestEffort,Running,11152548,11152849,11152551,0,2949,2948
openb-pod-2950,32000,49152,0,0,,BestEffort,Running,11152679,11152821,11152681,0,2950,2949
openb-pod-2951,15700,58368,1,1000,,LS,Running,11153047,11153160,11153084,0,2951,2950
openb-pod-2952,8000,30517,1,470,,BestEffort,Pending,11154997,11155106,,0,2952,2951
openb-pod-2953,18708,64512,1,1000,,LS,Running,11155039,11157414,11155144,0,2953,2952
openb-pod-2954,18708,64512,1,1000,,LS,Running,11155510,11157376,11155579,0,2954,2953
openb-pod-2955,15700,58368,1,1000,,LS,Running,11155512,11157505,11155514,0,2955,2954
openb-pod-2956,12000,16384,1,1000,,LS,Running,11157873,11158533,11157873,0,2956,2955
openb-pod-2957,16200,66560,2,1000,,LS,Failed,11157922,11158874,11157922,0,2957,2956
openb-pod-2958,11400,48128,1,1000,,LS,Running,11159112,11159524,11159115,0,2958,2957
openb-pod-2959,15700,58368,1,1000,,LS,Running,11159468,11161451,11159470,0,2959,2958
openb-pod-2960,15700,58368,1,1000,,LS,Running,11161150,11163146,11161153,0,2960,2959
openb-pod-2961,11400,48128,1,1000,,LS,Running,11161803,11163332,11161837,0,2961,2960
openb-pod-2962,11400,48128,1,1000,,LS,Running,11161803,11163195,11161837,0,2962,2961
openb-pod-2963,8000,30517,1,470,,BestEffort,Running,11163277,11163464,11163382,0,2963,2962
openb-pod-2964,16200,66560,2,1000,,LS,Failed,11163323,11164395,11163324,0,2964,2963
openb-pod-2965,15700,58368,1,1000,,LS,Running,11163419,11165481,11163452,0,2965,2964
openb-pod-2966,8000,30517,1,470,,BestEffort,Pending,11163962,11164082,,0,2966,2965
openb-pod-2967,8000,30517,1,470,,BestEffort,Running,11163965,11164315,11164277,0,2967,2966
openb-pod-2968,8000,30517,1,470,,BestEffort,Running,11164677,11166570,11166277,0,2968,2967
openb-pod-2969,15700,58368,1,1000,,LS,Running,11165217,11165299,11165252,0,2969,2968
openb-pod-2970,16000,32768,1,1000,,LS,Running,11165682,11166823,11165684,0,2970,2969
openb-pod-2971,8000,30517,1,470,,BestEffort,Running,11165787,11166571,11166277,0,2971,2970
openb-pod-2972,15700,58368,1,1000,,LS,Running,11167355,11167437,11167388,0,2972,2971
openb-pod-2973,4000,22888,1,350,,BestEffort,Running,11168614,11169481,11168993,0,2973,2972
openb-pod-2974,11900,77824,1,1000,,LS,Running,11170473,11171400,11170579,0,2974,2973
openb-pod-2975,11900,77824,1,1000,,LS,Running,11170829,11171538,11170864,0,2975,2974
openb-pod-2976,16000,32768,1,1000,,LS,Running,11171979,11175230,11171984,0,2976,2975
openb-pod-2977,6000,16384,1,460,,LS,Running,11172394,11224954,11172395,0,2977,2976
openb-pod-2978,8000,30517,0,0,,BestEffort,Running,11172666,11175360,11172667,0,2978,2977
openb-pod-2979,8000,30517,0,0,,BestEffort,Running,11172672,11175359,11172672,0,2979,2978
openb-pod-2980,15700,58368,1,1000,,LS,Running,11173665,11173707,11173668,0,2980,2979
openb-pod-2981,6000,6144,1,460,,LS,Running,11174673,11175513,11174674,0,2981,2980
openb-pod-2982,32000,49152,0,0,,BestEffort,Running,11174967,11175115,11174969,0,2982,2981
openb-pod-2983,32000,49152,0,0,,BestEffort,Running,11174967,11175115,11174969,0,2983,2982
openb-pod-2984,15700,58368,1,1000,,LS,Running,11175315,11177294,11175322,0,2984,2983
openb-pod-2985,16000,32768,1,1000,,LS,Running,11175329,11178180,11175331,0,2985,2984
openb-pod-2986,15700,58368,1,1000,,LS,Running,11175351,11175437,11175385,0,2986,2985
openb-pod-2987,32000,49152,0,0,,BestEffort,Running,11175546,11175690,11175550,0,2987,2986
openb-pod-2988,32000,49152,0,0,,BestEffort,Running,11176114,11176294,11176117,0,2988,2987
openb-pod-2989,32000,49152,0,0,,BestEffort,Running,11176115,11176264,11176120,0,2989,2988
openb-pod-2990,32000,49152,0,0,,BestEffort,Running,11176116,11176264,11176122,0,2990,2989
openb-pod-2991,32000,49152,0,0,,BestEffort,Running,11176116,11176266,11176121,0,2991,2990
openb-pod-2992,6000,8192,1,460,,LS,Running,11177374,11186674,11177374,0,2992,2991
openb-pod-2993,4000,24576,1,1000,,LS,Succeeded,11177546,11181644,11177546,0,2993,2992
openb-pod-2994,15700,58368,1,1000,,LS,Running,11177762,11177841,11177764,0,2994,2993
openb-pod-2995,16000,32768,1,1000,,LS,Running,11178997,11180579,11178999,0,2995,2994
openb-pod-2996,4000,31250,1,1000,,LS,Running,11180089,11192941,11180089,0,2996,2995
openb-pod-2997,16000,32768,1,1000,,LS,Running,11180641,11183560,11180643,0,2997,2996
openb-pod-2998,15700,58368,1,1000,,LS,Running,11184313,11184407,11184347,0,2998,2997
openb-pod-2999,11900,77824,1,1000,,LS,Running,11184401,11187213,11184437,0,2999,2998
openb-pod-3000,12000,24576,1,1000,,LS,Running,11185236,11195377,11185236,0,3000,2999
openb-pod-3001,8000,30517,1,650,,BestEffort,Running,11185332,11196712,11185332,0,3001,3000
openb-pod-3002,12000,24576,1,1000,,LS,Running,11185714,11194955,11187801,0,3002,3001
openb-pod-3003,12000,24576,1,1000,,LS,Running,11186555,11188012,11187801,0,3003,3002
openb-pod-3004,15700,58368,1,1000,,LS,Running,11187370,11187466,11187403,0,3004,3003
openb-pod-3005,16000,65536,1,1000,,LS,Running,11189436,11190163,11189439,0,3005,3004
openb-pod-3006,15700,58368,1,1000,,LS,Running,11190439,11190533,11190441,0,3006,3005
openb-pod-3007,12000,15360,1,1000,,LS,Running,11193216,11232247,11193702,0,3007,3006
openb-pod-3008,11900,77824,1,1000,,LS,Running,11196037,11199166,11196039,0,3008,3007
openb-pod-3009,11900,77824,1,1000,,LS,Running,11196037,11199066,11196070,0,3009,3008
openb-pod-3010,6000,6144,1,460,,LS,Running,11197473,11198193,11197473,0,3010,3009
openb-pod-3011,32000,49152,0,0,,BestEffort,Running,11198291,11198441,11198295,0,3011,3010
openb-pod-3012,32000,49152,0,0,,BestEffort,Pending,11198866,11199017,,0,3012,3011
openb-pod-3013,11900,77824,1,1000,,LS,Running,11199245,11202209,11199247,0,3013,3012
openb-pod-3014,16000,32768,0,0,,BestEffort,Running,11199319,11199593,11199321,0,3014,3013
openb-pod-3015,32000,49152,0,0,,BestEffort,Running,11199447,11199593,11199455,0,3015,3014
openb-pod-3016,8000,30517,0,0,,BestEffort,Running,11201625,11222140,11201625,0,3016,3015
openb-pod-3017,8000,30517,0,0,,BestEffort,Running,11201627,11222141,11201627,0,3017,3016
openb-pod-3018,8000,30517,0,0,,BestEffort,Running,11201632,11222202,11201633,0,3018,3017
openb-pod-3019,8000,30517,0,0,,BestEffort,Running,11201635,11222148,11201635,0,3019,3018
openb-pod-3020,8000,32768,1,1000,,LS,Running,11201707,11264949,11202021,0,3020,3019
openb-pod-3021,15700,58368,1,1000,,LS,Running,11202660,11204527,11202662,0,3021,3020
openb-pod-3022,12000,16384,1,1000,,LS,Running,11203053,11203892,11203053,0,3022,3021
openb-pod-3023,12000,16384,1,1000,,LS,Running,11204073,11226813,11204073,0,3023,3022
openb-pod-3024,8000,16384,1,1000,,LS,Running,11204435,11207196,11204435,0,3024,3023
openb-pod-3025,11900,77824,1,1000,,LS,Running,11205423,11207566,11205457,0,3025,3024
openb-pod-3026,4000,24576,1,1000,,LS,Succeeded,11206866,11210808,11206866,0,3026,3025
openb-pod-3027,7000,30000,1,1000,,Burstable,Running,11207968,11290904,11207968,0,3027,3026
openb-pod-3028,15400,51200,0,0,,LS,Running,11208156,11213155,11208158,0,3028,3027
openb-pod-3029,8000,32768,1,1000,,LS,Running,11208724,11208769,11208724,0,3029,3028
openb-pod-3030,11908,47104,1,470,,LS,Pending,11208957,11209129,,0,3030,3029
openb-pod-3031,11908,47104,1,470,,LS,Pending,11209027,11209169,,0,3031,3030
openb-pod-3032,8000,30517,1,470,,BestEffort,Running,11209239,11210021,11209477,0,3032,3031
openb-pod-3033,18708,64512,1,1000,,LS,Running,11209274,11210488,11209276,0,3033,3032
openb-pod-3034,15400,51200,0,0,,LS,Running,11209495,11212074,11209529,0,3034,3033
openb-pod-3035,15400,51200,0,0,,LS,Running,11209502,11211864,11209538,0,3035,3034
openb-pod-3036,15400,51200,0,0,,LS,Running,11209507,11213399,11209543,0,3036,3035
openb-pod-3037,11908,47104,1,470,,LS,Running,11209955,11210488,11209958,0,3037,3036
openb-pod-3038,18708,64512,1,1000,,LS,Running,11210744,11211349,11210779,0,3038,3037
openb-pod-3039,11400,48128,1,1000,,LS,Running,11210963,11211096,11211000,0,3039,3038
openb-pod-3040,11400,48128,1,1000,,LS,Running,11210969,11211096,11211004,0,3040,3039
openb-pod-3041,12000,15360,1,1000,,LS,Running,11211517,11223036,11211517,0,3041,3040
openb-pod-3042,11900,77824,1,1000,,LS,Running,11211756,11212489,11211861,0,3042,3041
openb-pod-3043,8000,30517,1,650,,BestEffort,Running,11211823,11213468,11211823,0,3043,3042
openb-pod-3044,12000,24576,1,1000,,Burstable,Succeeded,11212116,11216014,11212117,0,3044,3043
openb-pod-3045,12000,47104,1,1000,,Burstable,Running,11212117,12902960,11212117,0,3045,3044
openb-pod-3046,11400,48128,1,1000,,LS,Running,11212205,11213684,11212207,0,3046,3045
openb-pod-3047,11400,48128,1,1000,,LS,Running,11212284,11213379,11212290,0,3047,3046
openb-pod-3048,11400,48128,1,1000,,LS,Running,11212334,11213495,11212370,0,3048,3047
openb-pod-3049,11400,48128,1,1000,,LS,Running,11212335,11213528,11212370,0,3049,3048
openb-pod-3050,4000,30517,1,230,,BestEffort,Running,11212348,11212407,11212348,0,3050,3049
openb-pod-3051,15400,51200,0,0,,LS,Running,11213911,11219192,11213945,0,3051,3050
openb-pod-3052,14900,73728,1,1000,,LS,Running,11214444,11241669,11214480,0,3052,3051
openb-pod-3053,15400,51200,0,0,,LS,Running,11215029,11219765,11215065,0,3053,3052
openb-pod-3054,15700,58368,1,1000,,LS,Running,11215721,11215855,11215723,0,3054,3053
openb-pod-3055,11400,48128,1,1000,,LS,Running,11216088,11217251,11216122,0,3055,3054
openb-pod-3056,11400,48128,1,1000,,LS,Running,11216095,11216811,11216131,0,3056,3055
openb-pod-3057,11400,48128,1,1000,,LS,Running,11216213,11217204,11216246,0,3057,3056
openb-pod-3058,8000,30517,1,470,,BestEffort,Running,11217934,11218371,11218004,0,3058,3057
openb-pod-3059,11400,48128,1,1000,,LS,Running,11218032,11223457,11218067,0,3059,3058
openb-pod-3060,11400,48128,1,1000,,LS,Running,11218086,11222747,11218122,0,3060,3059
openb-pod-3061,11400,48128,1,1000,,LS,Running,11218660,11231701,11218697,0,3061,3060
openb-pod-3062,12000,16000,1,1000,,LS,Running,11218892,11219554,11218925,0,3062,3061
openb-pod-3063,11400,48128,1,1000,,LS,Running,11220058,11223531,11220092,0,3063,3062
openb-pod-3064,11400,48128,1,1000,,LS,Running,11220260,11224292,11220264,0,3064,3063
openb-pod-3065,11400,48128,1,1000,,LS,Running,11220593,11223531,11220627,0,3065,3064
openb-pod-3066,11400,48128,1,1000,,LS,Running,11220651,11223234,11220653,0,3066,3065
openb-pod-3067,15400,51200,0,0,,LS,Running,11220963,11226852,11220965,0,3067,3066
openb-pod-3068,32000,49152,0,0,,BestEffort,Running,11221621,11221774,11221624,0,3068,3067
openb-pod-3069,32000,49152,0,0,,BestEffort,Running,11221623,11221775,11221629,0,3069,3068
openb-pod-3070,11908,47104,1,1000,,BestEffort,Pending,11222096,11222164,,0,3070,3069
openb-pod-3071,32000,49152,0,0,,BestEffort,Running,11222207,11222385,11222215,0,3071,3070
openb-pod-3072,11400,48128,1,1000,,LS,Running,11222412,11224359,11222448,0,3072,3071
openb-pod-3073,18708,64512,1,1000,,LS,Running,11222719,11227635,11222722,0,3073,3072
openb-pod-3074,16000,32768,1,1000,,LS,Running,11222916,11230961,11222918,0,3074,3073
openb-pod-3075,12000,47104,1,1000,,Burstable,Failed,11223995,11246913,11223995,0,3075,3074
openb-pod-3076,11400,48128,1,1000,,LS,Running,11224411,11224932,11224413,0,3076,3075
openb-pod-3077,11400,48128,1,1000,,LS,Running,11224413,11224608,11224449,0,3077,3076
openb-pod-3078,11400,48128,1,1000,,LS,Running,11224725,11230653,11224759,0,3078,3077
openb-pod-3079,11400,48128,1,1000,,LS,Running,11224726,11230128,11224728,0,3079,3078
openb-pod-3080,11400,48128,1,1000,,LS,Running,11224727,11229240,11224729,0,3080,3079
openb-pod-3081,11400,48128,1,1000,,LS,Running,11224727,11232255,11224759,0,3081,3080
openb-pod-3082,15400,51200,0,0,,LS,Running,11224989,11225078,11225024,0,3082,3081
openb-pod-3083,3152,5600,1,810,,BestEffort,Pending,11225307,11225571,,0,3083,3082
openb-pod-3084,3152,5600,1,810,,BestEffort,Failed,11225606,11225841,11225606,0,3084,3083
openb-pod-3085,3152,5600,1,810,,BestEffort,Failed,11225608,11225914,11225611,0,3085,3084
openb-pod-3086,8000,16384,1,1000,,LS,Running,11225620,11226758,11225622,0,3086,3085
openb-pod-3087,3152,5600,1,810,,BestEffort,Failed,11225650,11226162,11225650,0,3087,3086
openb-pod-3088,11400,48128,1,1000,,LS,Running,11226178,11228485,11226182,0,3088,3087
openb-pod-3089,11400,48128,1,1000,,LS,Running,11226178,11231322,11226182,0,3089,3088
openb-pod-3090,6000,6144,1,460,,LS,Running,11226273,11226813,11226273,0,3090,3089
openb-pod-3091,3152,5600,1,810,,BestEffort,Failed,11226650,11226967,11226651,0,3091,3090
openb-pod-3092,3152,5600,1,810,,BestEffort,Failed,11226751,11227204,11226751,0,3092,3091
openb-pod-3093,3152,5600,1,810,,BestEffort,Failed,11226847,11227077,11226847,0,3093,3092
openb-pod-3094,3152,5600,1,810,,BestEffort,Failed,11227016,11227306,11227016,0,3094,3093
openb-pod-3095,3152,5600,1,810,,BestEffort,Failed,11227423,11227468,11227423,0,3095,3094
openb-pod-3096,3152,5600,1,810,,BestEffort,Failed,11227651,11227869,11227651,0,3096,3095
openb-pod-3097,12500,57344,0,0,,LS,Running,11227994,11228793,11227996,0,3097,3096
openb-pod-3098,3152,5600,1,810,,BestEffort,Failed,11228407,11235078,11228407,0,3098,3097
openb-pod-3099,3152,5600,1,810,,BestEffort,Failed,11228456,11228652,11228456,0,3099,3098
openb-pod-3100,3152,5600,1,810,,BestEffort,Failed,11228711,11228771,11228712,0,3100,3099
openb-pod-3101,11400,48128,1,1000,,LS,Running,11228775,11231258,11228778,0,3101,3100
openb-pod-3102,3152,5600,1,810,,BestEffort,Failed,11228853,11229100,11228853,0,3102,3101
openb-pod-3103,3152,5600,1,810,,BestEffort,Failed,11229026,11229210,11229026,0,3103,3102
openb-pod-3104,3152,5600,1,810,,BestEffort,Failed,11229145,11229330,11229146,0,3104,3103
openb-pod-3105,3152,5600,1,810,,BestEffort,Failed,11229185,11229403,11229186,0,3105,3104
openb-pod-3106,12000,24576,1,1000,,LS,Running,11229453,11229995,11229454,0,3106,3105
openb-pod-3107,3152,5600,1,810,,BestEffort,Failed,11229482,11229705,11229482,0,3107,3106
openb-pod-3108,3152,5600,1,810,,BestEffort,Failed,11229741,11230138,11229741,0,3108,3107
openb-pod-3109,8000,30517,0,0,,BestEffort,Running,11229790,11239076,11229791,0,3109,3108
openb-pod-3110,3152,5600,1,810,,BestEffort,Failed,11229820,11230047,11229820,0,3110,3109
openb-pod-3111,3152,5600,1,810,,BestEffort,Failed,11229972,11231177,11229972,0,3111,3110
openb-pod-3112,3152,5600,1,810,,BestEffort,Failed,11230059,11230291,11230060,0,3112,3111
openb-pod-3113,3152,5600,1,810,,BestEffort,Failed,11230068,11230351,11230068,0,3113,3112
openb-pod-3114,3152,5600,1,810,,BestEffort,Failed,11230140,11230397,11230141,0,3114,3113
openb-pod-3115,3152,5600,1,810,,BestEffort,Failed,11230519,11231454,11230519,0,3115,3114
openb-pod-3116,16500,51200,0,0,,LS,Running,11230918,11232574,11230921,0,3116,3115
openb-pod-3117,4000,24576,1,1000,,LS,Succeeded,11230919,11234975,11230919,0,3117,3116
openb-pod-3118,3152,5600,1,810,,BestEffort,Failed,11231184,11231369,11231184,0,3118,3117
openb-pod-3119,3152,5600,1,810,,BestEffort,Failed,11231705,11231899,11231705,0,3119,3118
openb-pod-3120,11400,48128,1,1000,,LS,Running,11231874,11239805,11231876,0,3120,3119
openb-pod-3121,3152,5600,1,810,,BestEffort,Failed,11232138,11232402,11232138,0,3121,3120
openb-pod-3122,11908,47104,1,470,,LS,Running,11232159,11232640,11232262,0,3122,3121
openb-pod-3123,11908,47104,1,650,,LS,Running,11232245,11232323,11232277,0,3123,3122
openb-pod-3124,12000,16384,1,1000,,LS,Running,11232404,11233597,11232505,0,3124,3123
openb-pod-3125,3152,5600,1,810,,BestEffort,Failed,11232428,11232697,11232428,0,3125,3124
openb-pod-3126,8000,16384,1,1000,,LS,Running,11232640,11264617,11232747,0,3126,3125
openb-pod-3127,3152,5600,1,810,,BestEffort,Failed,11232992,11233196,11232992,0,3127,3126
openb-pod-3128,8000,16384,1,1000,,LS,Running,11233356,11235818,11234787,0,3128,3127
openb-pod-3129,88000,327680,8,1000,,Burstable,Failed,11233358,11233499,11233359,0,3129,3128
openb-pod-3130,11400,48128,1,1000,,LS,Running,11233792,11238551,11233828,0,3130,3129
openb-pod-3131,4000,24576,1,1000,,LS,Succeeded,11234122,11238286,11234122,0,3131,3130
openb-pod-3132,3152,5600,1,810,,BestEffort,Failed,11234217,11234461,11234217,0,3132,3131
openb-pod-3133,3152,5600,1,810,,BestEffort,Failed,11234289,11234532,11234289,0,3133,3132
openb-pod-3134,88000,327680,8,1000,,Burstable,Running,11234436,11295638,11234436,0,3134,3133
openb-pod-3135,16000,32768,1,1000,,LS,Running,11234621,11302382,11234660,0,3135,3134
openb-pod-3136,15400,51200,0,0,,LS,Pending,11235624,11235710,,0,3136,3135
openb-pod-3137,3152,5600,1,810,,BestEffort,Failed,11235926,11236335,11235927,0,3137,3136
openb-pod-3138,4000,32768,1,1000,,LS,Running,11236060,11237566,11236063,0,3138,3137
openb-pod-3139,3152,5600,1,810,,BestEffort,Failed,11236062,11236581,11236063,0,3139,3138
openb-pod-3140,3152,5600,1,810,,BestEffort,Failed,11236161,11236444,11236162,0,3140,3139
openb-pod-3141,88000,327680,8,1000,,Burstable,Failed,11236237,11237794,11236237,0,3141,3140
openb-pod-3142,15400,51200,0,0,,LS,Running,11236263,11236929,11236265,0,3142,3141
openb-pod-3143,11900,77824,1,1000,,LS,Running,11237938,11238993,11237941,0,3143,3142
openb-pod-3144,3152,5600,1,810,,BestEffort,Failed,11238503,11238708,11238504,0,3144,3143
openb-pod-3145,3152,5600,1,810,,BestEffort,Failed,11238519,11238707,11238519,0,3145,3144
openb-pod-3146,3152,5600,1,810,,BestEffort,Failed,11238610,11238954,11238610,0,3146,3145
openb-pod-3147,6000,8192,1,460,,LS,Running,11238754,11240253,11238754,0,3147,3146
openb-pod-3148,11908,47104,1,650,,LS,Running,11238918,11239918,11238950,0,3148,3147
openb-pod-3149,11908,47104,1,650,,LS,Running,11238981,11242227,11239015,0,3149,3148
openb-pod-3150,3152,5600,1,810,,BestEffort,Failed,11239010,11239421,11239010,0,3150,3149
openb-pod-3151,3152,5600,1,810,,BestEffort,Failed,11239443,11239715,11239443,0,3151,3150
openb-pod-3152,12500,57344,0,0,,LS,Running,11239659,11240582,11239661,0,3152,3151
openb-pod-3153,11400,48128,1,1000,,LS,Running,11240047,11242028,11240081,0,3153,3152
openb-pod-3154,3152,5600,1,810,,BestEffort,Failed,11240134,11240347,11240134,0,3154,3153
openb-pod-3155,3152,5600,1,810,,BestEffort,Failed,11241008,11241346,11241009,0,3155,3154
openb-pod-3156,8000,32768,1,1000,,LS,Running,11241640,11264948,11241711,0,3156,3155
openb-pod-3157,11400,48128,1,1000,,LS,Pending,11241767,11241822,,0,3157,3156
openb-pod-3158,3152,5600,1,810,,BestEffort,Failed,11241843,11242107,11241843,0,3158,3157
openb-pod-3159,3152,5600,1,810,,BestEffort,Failed,11241901,11242102,11241901,0,3159,3158
openb-pod-3160,3152,5600,1,810,,BestEffort,Failed,11241908,11242097,11241908,0,3160,3159
openb-pod-3161,9810,41560,1,1000,,LS,Running,11242076,11242881,11242113,0,3161,3160
openb-pod-3162,9810,41560,1,1000,,LS,Running,11242082,11242872,11242117,0,3162,3161
openb-pod-3163,9810,41560,1,1000,,LS,Running,11242144,11242553,11242146,0,3163,3162
openb-pod-3164,6000,8192,1,460,,LS,Running,11242177,11246505,11242177,0,3164,3163
openb-pod-3165,11908,47104,1,650,,LS,Running,11242484,11242553,11242517,0,3165,3164
openb-pod-3166,12000,24576,1,1000,,LS,Running,11242835,11264616,11242836,0,3166,3165
openb-pod-3167,3152,5600,1,810,,BestEffort,Failed,11242948,11243203,11242949,0,3167,3166
openb-pod-3168,11908,47104,1,650,,LS,Running,11243395,11243480,11243432,0,3168,3167
openb-pod-3169,3152,5600,1,810,,BestEffort,Failed,11243594,11244064,11243594,0,3169,3168
openb-pod-3170,11400,48128,1,1000,,LS,Running,11243610,11245047,11243647,0,3170,3169
openb-pod-3171,11400,48128,1,1000,,LS,Running,11243663,11244347,11243668,0,3171,3170
openb-pod-3172,3152,5600,1,810,,BestEffort,Failed,11243843,11244211,11243843,0,3172,3171
openb-pod-3173,11400,48128,1,1000,,LS,Running,11243846,11251210,11243987,0,3173,3172
openb-pod-3174,11400,48128,1,1000,,LS,Running,11244012,11251259,11244083,0,3174,3173
openb-pod-3175,3152,5600,1,810,,BestEffort,Failed,11244255,11244717,11244255,0,3175,3174
openb-pod-3176,11400,48128,1,1000,,LS,Running,11244274,11245045,11244378,0,3176,3175
openb-pod-3177,3152,5600,1,810,,BestEffort,Failed,11244400,11244613,11244401,0,3177,3176
openb-pod-3178,3152,5600,1,810,,BestEffort,Failed,11244510,11244744,11244511,0,3178,3177
openb-pod-3179,11400,48128,1,1000,,LS,Running,11244611,11251401,11244613,0,3179,3178
openb-pod-3180,32000,49152,0,0,,BestEffort,Running,11244979,11245134,11244983,0,3180,3179
openb-pod-3181,16200,66560,2,1000,,LS,Failed,11245031,11247964,11245031,0,3181,3180
openb-pod-3182,15700,58368,1,1000,,LS,Running,11245219,11250849,11245253,0,3182,3181
openb-pod-3183,3152,5600,1,810,,BestEffort,Failed,11245256,11245577,11245257,0,3183,3182
openb-pod-3184,15700,58368,1,1000,,LS,Running,11245278,11250454,11245313,0,3184,3183
openb-pod-3185,3152,5600,1,810,,BestEffort,Failed,11245337,11245704,11245338,0,3185,3184
openb-pod-3186,11908,47104,1,650,,LS,Running,11245626,11247048,11245664,0,3186,3185
openb-pod-3187,3152,5600,1,810,,BestEffort,Failed,11245800,11246022,11245800,0,3187,3186
openb-pod-3188,32000,49152,0,0,,BestEffort,Running,11246156,11246312,11246161,0,3188,3187
openb-pod-3189,32000,49152,0,0,,BestEffort,Running,11246156,11246311,11246161,0,3189,3188
openb-pod-3190,32000,49152,0,0,,BestEffort,Running,11246157,11246342,11246166,0,3190,3189
openb-pod-3191,12500,57344,0,0,,LS,Running,11246296,11246933,11246301,0,3191,3190
openb-pod-3192,15400,51200,0,0,,LS,Running,11246303,11247691,11246340,0,3192,3191
openb-pod-3193,15400,51200,0,0,,LS,Running,11246539,11247687,11246574,0,3193,3192
openb-pod-3194,3152,5600,1,810,,BestEffort,Failed,11246898,11247092,11246898,0,3194,3193
openb-pod-3195,15700,58368,1,1000,,LS,Running,11246977,11251383,11246979,0,3195,3194
openb-pod-3196,12500,57344,0,0,,LS,Running,11247446,11247897,11247479,0,3196,3195
openb-pod-3197,64200,263168,8,1000,,LS,Failed,11247810,11248324,11247842,0,3197,3196
openb-pod-3198,3152,5600,1,810,,BestEffort,Failed,11248049,11248215,11248049,0,3198,3197
openb-pod-3199,3152,5600,1,810,,BestEffort,Failed,11248086,11248323,11248087,0,3199,3198
openb-pod-3200,3152,5600,1,810,,BestEffort,Failed,11248334,11248537,11248334,0,3200,3199
openb-pod-3201,3152,5600,1,810,,BestEffort,Failed,11248918,11248937,11248918,0,3201,3200
openb-pod-3202,3152,5600,1,810,,BestEffort,Failed,11248969,11249149,11248970,0,3202,3201
openb-pod-3203,3152,5600,1,810,,BestEffort,Failed,11249336,11249655,11249336,0,3203,3202
openb-pod-3204,4000,31250,1,1000,,LS,Running,11249350,11255224,11249350,0,3204,3203
openb-pod-3205,3152,5600,1,810,,BestEffort,Failed,11249414,11249677,11249415,0,3205,3204
openb-pod-3206,11400,48128,1,1000,,LS,Running,11249789,11250681,11249791,0,3206,3205
openb-pod-3207,3152,5600,1,810,,BestEffort,Failed,11250269,11250560,11250269,0,3207,3206
openb-pod-3208,3152,5600,1,810,,BestEffort,Failed,11250648,11250871,11250650,0,3208,3207
openb-pod-3209,11400,48128,1,1000,,LS,Running,11250676,11251103,11250679,0,3209,3208
openb-pod-3210,3152,5600,1,810,,BestEffort,Failed,11250892,11251096,11250892,0,3210,3209
openb-pod-3211,3152,5600,1,810,,BestEffort,Failed,11251367,11251705,11251368,0,3211,3210
openb-pod-3212,3152,5600,1,810,,BestEffort,Failed,11251441,11251635,11251442,0,3212,3211
openb-pod-3213,12000,15360,1,1000,,LS,Running,11251596,11255617,11251770,0,3213,3212
openb-pod-3214,3152,5600,1,810,,BestEffort,Failed,11252021,11252337,11252021,0,3214,3213
openb-pod-3215,11900,77824,1,1000,,LS,Running,11252062,11252603,11252097,0,3215,3214
openb-pod-3216,11908,47104,1,650,,LS,Running,11252125,11252740,11252127,0,3216,3215
openb-pod-3217,11908,47104,1,650,,LS,Running,11252133,11252740,11252137,0,3217,3216
openb-pod-3218,11908,47104,1,650,,LS,Running,11252136,11253910,11252138,0,3218,3217
openb-pod-3219,3152,5600,1,810,,BestEffort,Failed,11252302,11252532,11252302,0,3219,3218
openb-pod-3220,3152,5600,1,810,,BestEffort,Failed,11252344,11252650,11252345,0,3220,3219
openb-pod-3221,3152,5600,1,810,,BestEffort,Running,11252570,11297419,11252570,0,3221,3220
openb-pod-3222,3152,5600,1,810,,BestEffort,Failed,11252601,11252865,11252602,0,3222,3221
openb-pod-3223,3152,5600,1,810,,BestEffort,Failed,11252604,11253540,11252604,0,3223,3222
openb-pod-3224,3152,5600,1,810,,BestEffort,Failed,11252819,11253080,11252821,0,3224,3223
openb-pod-3225,3152,5600,1,810,,BestEffort,Failed,11253285,11253510,11253286,0,3225,3224
openb-pod-3226,3152,5600,1,810,,BestEffort,Failed,11253333,11253626,11253334,0,3226,3225
openb-pod-3227,3152,5600,1,810,,BestEffort,Failed,11253544,11253752,11253544,0,3227,3226
openb-pod-3228,3152,5600,1,810,,BestEffort,Failed,11253550,11253743,11253550,0,3228,3227
openb-pod-3229,3152,5600,1,810,,BestEffort,Failed,11253939,11254880,11253939,0,3229,3228
openb-pod-3230,11400,48128,1,1000,,LS,Running,11253964,11254350,11253967,0,3230,3229
openb-pod-3231,3152,5600,1,810,,BestEffort,Failed,11254180,11254510,11254180,0,3231,3230
openb-pod-3232,3152,5600,1,810,,BestEffort,Failed,11254751,11255018,11254751,0,3232,3231
openb-pod-3233,9810,41560,1,1000,,LS,Running,11254965,11255516,11254967,0,3233,3232
openb-pod-3234,11908,47104,1,470,,LS,Running,11255083,11255140,11255086,0,3234,3233
openb-pod-3235,8000,30517,1,470,,BestEffort,Pending,11255205,11255214,,0,3235,3234
openb-pod-3236,15700,58368,1,1000,,LS,Running,11255237,11260187,11255239,0,3236,3235
openb-pod-3237,16000,65536,1,1000,,LS,Running,11255263,11256481,11255859,0,3237,3236
openb-pod-3238,3152,5600,1,810,,BestEffort,Failed,11255451,11255664,11255451,0,3238,3237
openb-pod-3239,15700,58368,1,1000,,LS,Running,11256015,11263397,11256048,0,3239,3238
openb-pod-3240,3152,5600,1,810,,BestEffort,Failed,11256165,11256403,11256166,0,3240,3239
openb-pod-3241,11400,48128,1,1000,,LS,Running,11256171,11256968,11256210,0,3241,3240
openb-pod-3242,12500,57344,0,0,,LS,Pending,11256964,11257300,,0,3242,3241
openb-pod-3243,3152,5600,1,810,,BestEffort,Failed,11257773,11257971,11257773,0,3243,3242
openb-pod-3244,8000,16384,1,1000,,LS,Running,11258025,11264624,11258061,0,3244,3243
openb-pod-3245,3152,5600,1,810,,BestEffort,Failed,11258059,11258227,11258059,0,3245,3244
openb-pod-3246,3152,5600,1,810,,BestEffort,Failed,11258258,11258477,11258258,0,3246,3245
openb-pod-3247,3152,5600,1,810,,BestEffort,Failed,11258461,11259447,11258462,0,3247,3246
openb-pod-3248,3152,5600,1,810,,BestEffort,Failed,11258483,11258749,11258484,0,3248,3247
openb-pod-3249,3152,5600,1,810,,BestEffort,Failed,11258602,11258907,11258602,0,3249,3248
openb-pod-3250,12000,16384,1,1000,,LS,Running,11258674,11259213,11258674,0,3250,3249
openb-pod-3251,12000,16384,1,1000,,LS,Running,11258793,11261555,11258793,0,3251,3250
openb-pod-3252,12500,57344,0,0,,LS,Running,11259186,11260478,11259188,0,3252,3251
openb-pod-3253,12000,16384,1,1000,,LS,Running,11259274,11280694,11259763,0,3253,3252
openb-pod-3254,3152,5600,1,810,,BestEffort,Failed,11259471,11260593,11259471,0,3254,3253
openb-pod-3255,11900,77824,1,1000,,LS,Running,11259619,11259954,11259623,0,3255,3254
openb-pod-3256,12500,57344,0,0,,LS,Running,11260464,11260599,11260466,0,3256,3255
openb-pod-3257,11400,48128,1,1000,,LS,Running,11260593,11263767,11260630,0,3257,3256
openb-pod-3258,12000,15360,1,1000,,LS,Running,11261196,11264498,11261196,0,3258,3257
openb-pod-3259,3152,5600,1,810,,BestEffort,Failed,11263939,11264357,11263939,0,3259,3258
openb-pod-3260,8000,16384,1,1000,,LS,Running,11263957,11274154,11264374,0,3260,3259
openb-pod-3261,3152,5600,1,810,,BestEffort,Failed,11263973,11264153,11263973,0,3261,3260
openb-pod-3262,3152,5600,1,810,,BestEffort,Failed,11264778,11264994,11264778,0,3262,3261
openb-pod-3263,11400,48128,1,1000,,LS,Running,11264895,11266954,11264897,0,3263,3262
openb-pod-3264,15700,58368,1,1000,,LS,Running,11264989,11268253,11264992,0,3264,3263
openb-pod-3265,11400,48128,1,1000,,LS,Running,11264989,11266954,11264991,0,3265,3264
openb-pod-3266,15700,58368,1,1000,,LS,Running,11265127,11267838,11265130,0,3266,3265
openb-pod-3267,8000,30517,1,320,,BestEffort,Running,11265236,11285725,11265236,0,3267,3266
openb-pod-3268,3152,5600,1,810,,BestEffort,Failed,11265674,11265911,11265675,0,3268,3267
openb-pod-3269,11900,77824,1,1000,,LS,Running,11265728,11265817,11265761,0,3269,3268
openb-pod-3270,3152,5600,1,810,,BestEffort,Failed,11266124,11266319,11266124,0,3270,3269
openb-pod-3271,3152,5600,1,810,,BestEffort,Failed,11266917,11268167,11266917,0,3271,3270
openb-pod-3272,4000,24576,1,1000,,LS,Succeeded,11268176,11272226,11268176,0,3272,3271
openb-pod-3273,3152,5600,1,810,,BestEffort,Failed,11268430,11268705,11268430,0,3273,3272
openb-pod-3274,3152,5600,1,810,,BestEffort,Failed,11268450,11269585,11268450,0,3274,3273
openb-pod-3275,3152,5600,1,810,,BestEffort,Failed,11269075,11269425,11269075,0,3275,3274
openb-pod-3276,8000,30517,1,470,,BestEffort,Running,11269262,11269762,11269395,0,3276,3275
openb-pod-3277,4000,22888,1,480,,BestEffort,Running,11269709,11270066,11269709,0,3277,3276
openb-pod-3278,32000,49152,0,0,,BestEffort,Running,11269724,11269876,11269731,0,3278,3277
openb-pod-3279,32000,49152,0,0,,BestEffort,Running,11269724,11269876,11269731,0,3279,3278
openb-pod-3280,32000,49152,0,0,,BestEffort,Running,11269724,11269906,11269731,0,3280,3279
openb-pod-3281,3152,5600,1,810,,BestEffort,Failed,11270281,11270528,11270281,0,3281,3280
openb-pod-3282,8000,32768,1,1000,,LS,Running,11270915,11272061,11270917,0,3282,3281
openb-pod-3283,4000,22888,1,320,,BestEffort,Running,11272444,11275409,11272447,0,3283,3282
openb-pod-3284,12000,24576,1,1000,,LS,Running,11272483,11280487,11273007,0,3284,3283
openb-pod-3285,11900,77824,1,1000,,LS,Running,11272839,11273707,11272843,0,3285,3284
openb-pod-3286,3152,5600,1,810,,BestEffort,Failed,11273014,11273345,11273014,0,3286,3285
openb-pod-3287,15200,80896,1,1000,,LS,Failed,11273579,11276689,11273580,0,3287,3286
openb-pod-3288,3152,5600,1,810,,BestEffort,Failed,11273600,11273818,11273600,0,3288,3287
openb-pod-3289,11900,77824,1,1000,,LS,Pending,11273613,11273734,,0,3289,3288
openb-pod-3290,3152,5600,1,810,,BestEffort,Failed,11274177,11274407,11274178,0,3290,3289
openb-pod-3291,3152,5600,1,810,,BestEffort,Failed,11274179,11274402,11274179,0,3291,3290
openb-pod-3292,3152,5600,1,810,,BestEffort,Failed,11274721,11275848,11274721,0,3292,3291
openb-pod-3293,11908,47104,1,470,,LS,Pending,11275581,11275668,,0,3293,3292
openb-pod-3294,3152,5600,1,810,,BestEffort,Failed,11275614,11297419,11275614,0,3294,3293
openb-pod-3295,3152,5600,1,810,,BestEffort,Failed,11275749,11275965,11275749,0,3295,3294
openb-pod-3296,3152,5600,1,810,,BestEffort,Failed,11275749,11275973,11275749,0,3296,3295
openb-pod-3297,3152,5600,1,810,,BestEffort,Failed,11275889,11276132,11275890,0,3297,3296
openb-pod-3298,4000,22888,1,320,,BestEffort,Running,11276757,11287415,11276757,0,3298,3297
openb-pod-3299,4000,22888,1,320,,BestEffort,Running,11276758,11287355,11276758,0,3299,3298
openb-pod-3300,4000,22888,1,320,,BestEffort,Running,11276758,11287355,11276758,0,3300,3299
openb-pod-3301,3152,5600,1,810,,BestEffort,Failed,11276818,11277124,11276819,0,3301,3300
openb-pod-3302,3152,5600,1,810,,BestEffort,Failed,11279061,11279252,11279062,0,3302,3301
openb-pod-3303,3152,5600,1,810,,BestEffort,Failed,11279086,11279276,11279087,0,3303,3302
openb-pod-3304,3152,5600,1,810,,BestEffort,Failed,11279198,11280325,11279199,0,3304,3303
openb-pod-3305,3152,5600,1,810,,BestEffort,Failed,11280226,11280430,11280228,0,3305,3304
openb-pod-3306,3152,5600,1,810,,BestEffort,Failed,11280514,11280737,11280514,0,3306,3305
openb-pod-3307,3152,5600,1,810,,BestEffort,Failed,11280763,11281896,11280764,0,3307,3306
openb-pod-3308,11900,77824,1,1000,,LS,Running,11281894,11283454,11281897,0,3308,3307
openb-pod-3309,3152,5600,1,810,,BestEffort,Failed,11282133,11282363,11282133,0,3309,3308
openb-pod-3310,16000,65536,1,1000,,LS,Running,11282139,11347370,11282347,0,3310,3309
openb-pod-3311,3152,5600,1,810,,BestEffort,Failed,11282331,11282559,11282331,0,3311,3310
openb-pod-3312,3152,5600,1,810,,BestEffort,Failed,11282513,11282762,11282514,0,3312,3311
openb-pod-3313,12000,24576,1,1000,,Burstable,Failed,11282677,11286639,11282677,0,3313,3312
openb-pod-3314,3152,5600,1,810,,BestEffort,Failed,11282766,11283782,11282766,0,3314,3313
openb-pod-3315,3152,5600,1,810,,BestEffort,Failed,11282776,11283747,11282776,0,3315,3314
openb-pod-3316,3152,5600,1,810,,BestEffort,Failed,11282797,11283042,11282797,0,3316,3315
openb-pod-3317,4000,22888,1,320,,BestEffort,Running,11283214,11297802,11283215,0,3317,3316
openb-pod-3318,4000,22888,1,320,,BestEffort,Running,11283214,11299735,11283214,0,3318,3317
openb-pod-3319,3152,5600,1,810,,BestEffort,Failed,11283812,11283970,11283812,0,3319,3318
openb-pod-3320,3152,5600,1,810,,BestEffort,Failed,11285501,11285712,11285501,0,3320,3319
openb-pod-3321,3152,5600,1,810,,BestEffort,Failed,11285787,11285990,11285788,0,3321,3320
openb-pod-3322,3152,5600,1,810,,BestEffort,Failed,11287708,11288968,11287710,0,3322,3321
openb-pod-3323,8000,30517,0,0,,BestEffort,Running,11288071,11309105,11288072,0,3323,3322
openb-pod-3324,1000,6144,1,1000,,LS,Running,11288620,11291592,11288622,0,3324,3323
openb-pod-3325,11900,77824,1,1000,,LS,Running,11288935,11290094,11288938,0,3325,3324
openb-pod-3326,3152,5600,1,810,,BestEffort,Failed,11289401,11289682,11289402,0,3326,3325
openb-pod-3327,12500,57344,0,0,,LS,Running,11289543,11290016,11289579,0,3327,3326
openb-pod-3328,3152,5600,1,810,,BestEffort,Failed,11289560,11289766,11289560,0,3328,3327
openb-pod-3329,3152,5600,1,810,,BestEffort,Failed,11289646,11289849,11289646,0,3329,3328
openb-pod-3330,12500,57344,0,0,,LS,Running,11289692,11290017,11289729,0,3330,3329
openb-pod-3331,3152,5600,1,810,,BestEffort,Failed,11289731,11290675,11289731,0,3331,3330
openb-pod-3332,12500,57344,0,0,,LS,Running,11289750,11290863,11289753,0,3332,3331
openb-pod-3333,11400,48128,1,1000,,LS,Running,11290753,11291373,11290755,0,3333,3332
openb-pod-3334,11400,48128,1,1000,,LS,Running,11290804,11291467,11290806,0,3334,3333
openb-pod-3335,11400,48128,1,1000,,LS,Running,11290853,11291277,11290855,0,3335,3334
openb-pod-3336,11400,48128,1,1000,,LS,Running,11290907,11291467,11290910,0,3336,3335
openb-pod-3337,11400,48128,1,1000,,LS,Running,11291071,11291373,11291105,0,3337,3336
openb-pod-3338,11400,48128,1,1000,,LS,Running,11291121,11291222,11291154,0,3338,3337
openb-pod-3339,3152,5600,1,810,,BestEffort,Failed,11291824,11292051,11291824,0,3339,3338
openb-pod-3340,32000,49152,0,0,,BestEffort,Running,11292087,11292240,11292091,0,3340,3339
openb-pod-3341,32000,49152,0,0,,BestEffort,Running,11292088,11292270,11292092,0,3341,3340
openb-pod-3342,3152,5600,1,810,,BestEffort,Failed,11292364,11292786,11292365,0,3342,3341
openb-pod-3343,4000,24576,1,1000,,LS,Succeeded,11292401,11296445,11292401,0,3343,3342
openb-pod-3344,32000,49152,0,0,,BestEffort,Running,11292666,11292845,11292673,0,3344,3343
openb-pod-3345,3152,5600,1,810,,BestEffort,Failed,11292686,11292875,11292686,0,3345,3344
openb-pod-3346,11908,47104,1,470,,LS,Pending,11292708,11292835,,0,3346,3345
openb-pod-3347,3152,5600,1,810,,BestEffort,Failed,11292973,11293921,11292974,0,3347,3346
openb-pod-3348,32000,49152,0,0,,BestEffort,Running,11293240,11293391,11293243,0,3348,3347
openb-pod-3349,3152,5600,1,810,,BestEffort,Failed,11293876,11294169,11293876,0,3349,3348
openb-pod-3350,3152,5600,1,810,,BestEffort,Failed,11294362,11294718,11294362,0,3350,3349
openb-pod-3351,3152,5600,1,810,,BestEffort,Failed,11294456,11294656,11294456,0,3351,3350
openb-pod-3352,7000,30000,1,1000,,Burstable,Running,11294979,11348599,11294979,0,3352,3351
openb-pod-3353,3152,5600,1,810,,BestEffort,Failed,11295242,11295442,11295242,0,3353,3352
openb-pod-3354,11908,47104,1,650,,LS,Running,11295703,11298248,11295705,0,3354,3353
openb-pod-3355,11908,47104,1,650,,LS,Running,11295705,11298247,11295741,0,3355,3354
openb-pod-3356,16000,65536,1,1000,,LS,Running,11295817,11297564,11295886,0,3356,3355
openb-pod-3357,11908,47104,1,650,,LS,Running,11295850,11296349,11295852,0,3357,3356
openb-pod-3358,3152,5600,1,810,,BestEffort,Failed,11295892,11296316,11295892,0,3358,3357
openb-pod-3359,11908,47104,1,650,,LS,Running,11295956,11298033,11295993,0,3359,3358
openb-pod-3360,8000,30517,1,470,,BestEffort,Running,11296077,11296687,11296560,0,3360,3359
openb-pod-3361,11908,47104,1,650,,LS,Running,11296145,11298247,11296147,0,3361,3360
openb-pod-3362,120200,640000,8,1000,,LS,Failed,11296551,11296730,11296551,0,3362,3361
openb-pod-3363,11908,47104,1,650,,LS,Pending,11296771,11297011,,0,3363,3362
openb-pod-3364,3152,5600,1,810,,BestEffort,Failed,11296874,11297419,11296874,0,3364,3363
openb-pod-3365,11908,47104,1,650,,LS,Running,11297523,11297613,11297562,0,3365,3364
openb-pod-3366,3152,5600,1,810,,BestEffort,Failed,11297764,11298071,11297901,0,3366,3365
openb-pod-3367,11900,77824,1,1000,,LS,Running,11297811,11298326,11298197,0,3367,3366
openb-pod-3368,8000,30517,0,0,,BestEffort,Running,11297812,11309100,11297813,0,3368,3367
openb-pod-3369,16500,51200,0,0,,LS,Running,11298022,11299028,11298057,0,3369,3368
openb-pod-3370,3152,5600,1,810,,BestEffort,Failed,11298055,11298372,11298055,0,3370,3369
openb-pod-3371,4000,31250,1,1000,,LS,Running,11298176,11312846,11298181,0,3371,3370
openb-pod-3372,16500,51200,0,0,,LS,Running,11298308,11299184,11298342,0,3372,3371
openb-pod-3373,3152,5600,1,810,,BestEffort,Failed,11298728,11299091,11298730,0,3373,3372
openb-pod-3374,18708,64512,1,1000,,LS,Running,11298875,11300113,11298877,0,3374,3373
openb-pod-3375,11400,48128,1,1000,,LS,Running,11299089,11300130,11299091,0,3375,3374
openb-pod-3376,8000,30517,0,0,,BestEffort,Running,11299099,11299782,11299099,0,3376,3375
openb-pod-3377,3152,5600,1,810,,BestEffort,Failed,11299124,11299317,11299124,0,3377,3376
openb-pod-3378,4000,15258,1,320,,BestEffort,Running,11299712,11302275,11299712,0,3378,3377
openb-pod-3379,4000,22888,1,320,,BestEffort,Running,11299896,11300408,11299896,0,3379,3378
openb-pod-3380,3152,5600,1,810,,BestEffort,Failed,11300486,11300775,11300486,0,3380,3379
openb-pod-3381,11908,47104,1,650,,LS,Running,11300993,11302475,11301028,0,3381,3380
openb-pod-3382,11908,47104,1,650,,LS,Running,11301086,11302503,11301089,0,3382,3381
openb-pod-3383,11908,47104,1,650,,LS,Running,11301240,11302690,11301243,0,3383,3382
openb-pod-3384,3152,5600,1,810,,BestEffort,Failed,11301577,11301829,11301577,0,3384,3383
openb-pod-3385,3152,5600,1,810,,BestEffort,Failed,11301626,11301910,11301626,0,3385,3384
openb-pod-3386,16000,32768,1,1000,,LS,Running,11301682,11304189,11302385,0,3386,3385
openb-pod-3387,11908,47104,1,650,,LS,Running,11301877,11301958,11301914,0,3387,3386
openb-pod-3388,3152,5600,1,810,,BestEffort,Failed,11301997,11302247,11301997,0,3388,3387
openb-pod-3389,3152,5600,1,810,,BestEffort,Failed,11302044,11302433,11302045,0,3389,3388
openb-pod-3390,11400,48128,1,1000,,LS,Running,11302075,11303310,11302108,0,3390,3389
openb-pod-3391,3152,5600,1,810,,BestEffort,Failed,11302080,11302302,11302081,0,3391,3390
openb-pod-3392,11400,48128,1,1000,,LS,Running,11302151,11304097,11302260,0,3392,3391
openb-pod-3393,3152,5600,1,810,,BestEffort,Failed,11302160,11302276,11302160,0,3393,3392
openb-pod-3394,8000,30517,0,0,,BestEffort,Running,11302283,11309160,11302283,0,3394,3393
openb-pod-3395,3152,5600,1,810,,BestEffort,Failed,11303041,11303262,11303042,0,3395,3394
openb-pod-3396,11400,48128,1,1000,,LS,Running,11303303,11304164,11303339,0,3396,3395
openb-pod-3397,11908,47104,1,650,,LS,Running,11303937,11305616,11303940,0,3397,3396
openb-pod-3398,8000,16384,1,1000,,LS,Running,11304159,11307338,11304195,0,3398,3397
openb-pod-3399,11400,48128,1,1000,,LS,Running,11304300,11304987,11304334,0,3399,3398
openb-pod-3400,3152,5600,1,810,,BestEffort,Failed,11304320,11305255,11304320,0,3400,3399
openb-pod-3401,3152,5600,1,810,,BestEffort,Failed,11304374,11304940,11304375,0,3401,3400
openb-pod-3402,1000,6144,1,1000,,LS,Running,11304463,11334234,11304499,0,3402,3401
openb-pod-3403,3152,5600,1,810,,BestEffort,Failed,11304526,11304737,11304526,0,3403,3402
openb-pod-3404,3152,5600,1,810,,BestEffort,Failed,11304608,11304803,11304608,0,3404,3403
openb-pod-3405,3152,5600,1,810,,BestEffort,Failed,11305115,11306056,11305115,0,3405,3404
openb-pod-3406,3152,5600,1,810,,BestEffort,Failed,11305159,11305556,11305159,0,3406,3405
openb-pod-3407,3152,5600,1,810,,BestEffort,Failed,11305285,11305609,11305285,0,3407,3406
openb-pod-3408,3152,5600,1,810,,BestEffort,Failed,11305484,11306433,11305484,0,3408,3407
openb-pod-3409,11400,48128,1,1000,,LS,Running,11305557,11305719,11305560,0,3409,3408
openb-pod-3410,11400,48128,1,1000,,LS,Running,11305559,11305719,11305561,0,3410,3409
openb-pod-3411,8000,30517,1,470,,BestEffort,Running,11305743,11307896,11307785,0,3411,3410
openb-pod-3412,6000,30517,1,320,,BestEffort,Running,11305795,11307624,11305795,0,3412,3411
openb-pod-3413,6000,18432,1,460,,LS,Running,11305955,11321016,11306023,0,3413,3412
openb-pod-3414,8000,32768,1,1000,,LS,Running,11306260,11307167,11306262,0,3414,3413
openb-pod-3415,3152,5600,1,810,,BestEffort,Failed,11306401,11306602,11306401,0,3415,3414
openb-pod-3416,11908,47104,1,470,,LS,Pending,11306609,11306871,,0,3416,3415
openb-pod-3417,3152,5600,1,810,,BestEffort,Failed,11307339,11308269,11307339,0,3417,3416
openb-pod-3418,3152,5600,1,810,,BestEffort,Failed,11307342,11307561,11307342,0,3418,3417
openb-pod-3419,11400,48128,1,1000,,LS,Running,11307692,11308551,11307694,0,3419,3418
openb-pod-3420,3152,5600,1,810,,BestEffort,Failed,11307831,11308922,11307831,0,3420,3419
openb-pod-3421,3152,5600,1,810,,BestEffort,Failed,11307838,11308820,11307838,0,3421,3420
openb-pod-3422,11400,48128,1,1000,,LS,Running,11308020,11308406,11308025,0,3422,3421
openb-pod-3423,11400,48128,1,1000,,LS,Running,11308024,11308156,11308061,0,3423,3422
openb-pod-3424,3152,5600,1,810,,BestEffort,Failed,11308521,11309699,11308521,0,3424,3423
openb-pod-3425,11400,48128,1,1000,,LS,Running,11308788,11309094,11308790,0,3425,3424
openb-pod-3426,11400,48128,1,1000,,LS,Running,11308789,11309102,11308791,0,3426,3425
openb-pod-3427,11400,48128,1,1000,,LS,Running,11308789,11309094,11308826,0,3427,3426
openb-pod-3428,3152,5600,1,810,,BestEffort,Failed,11309094,11309334,11309094,0,3428,3427
openb-pod-3429,11300,37888,1,1000,,LS,Running,11309611,11309825,11309614,0,3429,3428
openb-pod-3430,16000,32768,1,1000,,LS,Running,11310041,11311965,11310182,0,3430,3429
openb-pod-3431,11908,47104,1,650,,LS,Running,11310151,11312645,11310155,0,3431,3430
openb-pod-3432,11908,47104,1,650,,LS,Running,11310354,11312484,11310357,0,3432,3431
openb-pod-3433,3152,5600,1,810,,BestEffort,Failed,11310355,11310883,11310356,0,3433,3432
openb-pod-3434,11908,47104,1,650,,LS,Running,11310513,11313744,11310547,0,3434,3433
openb-pod-3435,4000,15258,1,320,,BestEffort,Running,11310674,11312184,11310675,0,3435,3434
openb-pod-3436,6000,30517,1,320,,BestEffort,Running,11310689,11311051,11310689,0,3436,3435
openb-pod-3437,8000,30517,1,320,,BestEffort,Running,11310928,11334771,11310928,0,3437,3436
openb-pod-3438,3152,5600,1,810,,BestEffort,Failed,11310944,11312534,11310944,0,3438,3437
openb-pod-3439,4000,22888,1,320,,BestEffort,Running,11311054,11311468,11311083,0,3439,3438
openb-pod-3440,3152,5600,1,810,,BestEffort,Failed,11311061,11312059,11311061,0,3440,3439
openb-pod-3441,11400,48128,1,1000,,LS,Running,11311657,11315492,11311659,0,3441,3440
openb-pod-3442,12500,57344,0,0,,LS,Running,11311666,11312896,11311702,0,3442,3441
openb-pod-3443,3152,5600,1,810,,BestEffort,Failed,11312135,11312440,11312236,0,3443,3442
openb-pod-3444,12500,57344,0,0,,LS,Running,11312135,11313046,11312168,0,3444,3443
openb-pod-3445,3152,5600,1,810,,BestEffort,Failed,11312226,11313544,11312711,0,3445,3444
openb-pod-3446,11400,48128,1,1000,,LS,Running,11312470,11316782,11312858,0,3446,3445
openb-pod-3447,11400,48128,1,1000,,LS,Running,11312471,11314000,11312858,0,3447,3446
openb-pod-3448,3152,5600,1,810,,BestEffort,Failed,11312511,11327686,11312511,0,3448,3447
openb-pod-3449,3152,5600,1,810,,BestEffort,Failed,11312599,11312711,11312632,0,3449,3448
openb-pod-3450,3152,5600,1,810,,BestEffort,Failed,11312619,11313228,11313001,0,3450,3449
openb-pod-3451,8000,30517,1,320,,BestEffort,Running,11312689,11318331,11312690,0,3451,3450
openb-pod-3452,8000,30517,1,320,,BestEffort,Running,11312702,11328280,11312702,0,3452,3451
openb-pod-3453,11300,37888,1,1000,,LS,Running,11312714,11315944,11312746,0,3453,3452
openb-pod-3454,3152,5600,1,810,,BestEffort,Failed,11313813,11320905,11313882,0,3454,3453
openb-pod-3455,6000,6144,1,460,,LS,Running,11314353,11315193,11314771,0,3455,3454
openb-pod-3456,11908,47104,1,650,,LS,Running,11314975,11315862,11314978,0,3456,3455
openb-pod-3457,11908,47104,1,650,,LS,Running,11314980,11316253,11315015,0,3457,3456
openb-pod-3458,11400,48128,1,1000,,LS,Running,11315316,11315440,11315349,0,3458,3457
openb-pod-3459,3152,5600,1,810,,BestEffort,Failed,11315325,11316255,11315325,0,3459,3458
openb-pod-3460,11400,48128,1,1000,,LS,Running,11315566,11316972,11315599,0,3460,3459
openb-pod-3461,32000,49152,0,0,,BestEffort,Running,11315619,11315808,11315622,0,3461,3460
openb-pod-3462,32000,49152,0,0,,BestEffort,Running,11315620,11315808,11315624,0,3462,3461
openb-pod-3463,11400,48128,1,1000,,LS,Running,11315648,11317167,11315684,0,3463,3462
openb-pod-3464,32000,49152,0,0,,BestEffort,Running,11316323,11316474,11316326,0,3464,3463
openb-pod-3465,18708,64512,1,1000,,LS,Running,11316417,11316529,11316454,0,3465,3464
openb-pod-3466,15400,51200,0,0,,LS,Running,11316517,11316644,11316519,0,3466,3465
openb-pod-3467,3152,5600,1,810,,BestEffort,Failed,11316613,11318271,11316613,0,3467,3466
openb-pod-3468,32000,49152,0,0,,BestEffort,Running,11317139,11317290,11317142,0,3468,3467
openb-pod-3469,15400,51200,0,0,,LS,Running,11317435,11320294,11317470,0,3469,3468
openb-pod-3470,11908,47104,1,1000,,BestEffort,Running,11318199,11318278,11318235,0,3470,3469
openb-pod-3471,16500,51200,0,0,,LS,Running,11318984,11320462,11318986,0,3471,3470
openb-pod-3472,8000,30517,0,0,,BestEffort,Running,11319495,11327259,11319495,0,3472,3471
openb-pod-3473,9810,41560,1,1000,,LS,Running,11319867,11321652,11319941,0,3473,3472
openb-pod-3474,4000,15258,1,320,,BestEffort,Running,11320289,11321283,11320289,0,3474,3473
openb-pod-3475,3152,5600,1,810,,BestEffort,Failed,11320344,11322591,11320379,0,3475,3474
openb-pod-3476,12000,24576,1,1000,,LS,Running,11320658,11345074,11332223,0,3476,3475
openb-pod-3477,8000,32768,1,1000,,LS,Running,11320663,11324878,11321036,0,3477,3476
openb-pod-3478,11908,47104,1,1000,,BestEffort,Running,11321214,11322219,11321217,0,3478,3477
openb-pod-3479,11908,47104,1,650,,LS,Running,11321303,11321392,11321308,0,3479,3478
openb-pod-3480,11908,47104,1,1000,,BestEffort,Pending,11322268,11322427,,0,3480,3479
openb-pod-3481,11400,48128,1,1000,,LS,Running,11322795,11323926,11322797,0,3481,3480
openb-pod-3482,3152,5600,1,810,,BestEffort,Failed,11322970,11323984,11322970,0,3482,3481
openb-pod-3483,11400,48128,1,1000,,LS,Running,11323711,11324331,11323747,0,3483,3482
openb-pod-3484,1000,2048,1,320,,BestEffort,Running,11323712,11326248,11323712,0,3484,3483
openb-pod-3485,8000,30517,1,470,,BestEffort,Pending,11324667,11324935,,0,3485,3484
openb-pod-3486,11400,48128,1,1000,,LS,Running,11324787,11326639,11324790,0,3486,3485
openb-pod-3487,4000,24576,1,1000,,LS,Succeeded,11325996,11329769,11325996,0,3487,3486
openb-pod-3488,11908,47104,1,1000,,BestEffort,Pending,11326041,11326119,,0,3488,3487
openb-pod-3489,3152,5600,1,810,,BestEffort,Failed,11326552,11327490,11326552,0,3489,3488
openb-pod-3490,3152,5600,1,810,,BestEffort,Failed,11326557,11326799,11326591,0,3490,3489
openb-pod-3491,3152,5600,1,810,,BestEffort,Failed,11326617,11326986,11326617,0,3491,3490
openb-pod-3492,16000,65536,1,1000,,LS,Running,11327321,11328815,11327393,0,3492,3491
openb-pod-3493,11400,48128,1,1000,,LS,Running,11327553,11328309,11327555,0,3493,3492
openb-pod-3494,3152,5600,1,810,,BestEffort,Failed,11327628,11328133,11328012,0,3494,3493
openb-pod-3495,3152,5600,1,810,,BestEffort,Pending,11327691,11327750,,0,3495,3494
openb-pod-3496,4000,22888,1,320,,BestEffort,Running,11327808,11393596,11327838,0,3496,3495
openb-pod-3497,11400,48128,1,1000,,LS,Running,11327857,11332037,11327894,0,3497,3496
openb-pod-3498,11400,48128,1,1000,,LS,Running,11328029,11331926,11328134,0,3498,3497
openb-pod-3499,12500,57344,0,0,,LS,Running,11328518,11329471,11328554,0,3499,3498
openb-pod-3500,16500,51200,0,0,,LS,Running,11328655,11328742,11328657,0,3500,3499
openb-pod-3501,4000,30517,1,320,,BestEffort,Running,11328658,11330632,11328687,0,3501,3500
openb-pod-3502,11400,48128,1,1000,,LS,Running,11329249,11333848,11329253,0,3502,3501
openb-pod-3503,18708,64512,1,1000,,LS,Running,11329592,11330165,11329629,0,3503,3502
openb-pod-3504,11400,48128,1,1000,,LS,Running,11330058,11332272,11330060,0,3504,3503
openb-pod-3505,15400,51200,0,0,,LS,Running,11330066,11332916,11330099,0,3505,3504
openb-pod-3506,15400,51200,0,0,,LS,Running,11330194,11333082,11330231,0,3506,3505
openb-pod-3507,16000,32768,1,1000,,LS,Succeeded,11330571,11334198,11330571,0,3507,3506
openb-pod-3508,15400,51200,0,0,,LS,Pending,11330742,11330801,,0,3508,3507
openb-pod-3509,8000,30517,1,470,,BestEffort,Running,11331587,11332267,11331994,0,3509,3508
openb-pod-3510,11908,47104,1,470,,LS,Running,11332334,11332498,11332405,0,3510,3509
openb-pod-3511,8000,30517,1,470,,BestEffort,Running,11332554,11333438,11332554,0,3511,3510
openb-pod-3512,14900,73728,1,1000,,LS,Running,11333050,11337176,11333052,0,3512,3511
openb-pod-3513,18708,64512,1,1000,,LS,Running,11333556,11334345,11333558,0,3513,3512
openb-pod-3514,18708,64512,1,1000,,LS,Running,11333598,11334385,11333601,0,3514,3513
openb-pod-3515,12500,57344,0,0,,LS,Running,11333777,11334615,11333811,0,3515,3514
openb-pod-3516,12500,57344,0,0,,LS,Running,11333783,11334566,11333816,0,3516,3515
openb-pod-3517,16500,51200,0,0,,LS,Running,11333784,11334992,11333787,0,3517,3516
openb-pod-3518,3152,5600,1,810,,BestEffort,Running,11333794,11380402,11333794,0,3518,3517
openb-pod-3519,12500,57344,0,0,,LS,Running,11333839,11334615,11333841,0,3519,3518
openb-pod-3520,4000,15258,1,320,,BestEffort,Running,11334076,11335040,11334078,0,3520,3519
openb-pod-3521,4000,16384,1,1000,,LS,Running,11334457,11337153,11335830,0,3521,3520
openb-pod-3522,8000,30517,1,470,,BestEffort,Pending,11334608,11334694,,0,3522,3521
openb-pod-3523,18708,64512,1,1000,,LS,Running,11334738,11336837,11334777,0,3523,3522
openb-pod-3524,11400,48128,1,1000,,LS,Running,11334827,11335674,11334829,0,3524,3523
openb-pod-3525,11400,48128,1,1000,,LS,Running,11334837,11335897,11334871,0,3525,3524
openb-pod-3526,15400,51200,0,0,,LS,Running,11335068,11335641,11335070,0,3526,3525
openb-pod-3527,11400,48128,1,1000,,LS,Running,11335337,11335458,11335372,0,3527,3526
openb-pod-3528,11400,48128,1,1000,,LS,Running,11335740,11340975,11335777,0,3528,3527
openb-pod-3529,11400,48128,1,1000,,LS,Running,11335976,11336295,11335978,0,3529,3528
openb-pod-3530,11400,48128,1,1000,,LS,Running,11336136,11340943,11336172,0,3530,3529
openb-pod-3531,12500,57344,0,0,,LS,Running,11336520,11337331,11336525,0,3531,3530
openb-pod-3532,3152,5600,1,810,,BestEffort,Failed,11336605,11337548,11336605,0,3532,3531
openb-pod-3533,3152,5600,1,810,,BestEffort,Failed,11336813,11337757,11336813,0,3533,3532
openb-pod-3534,4000,24576,1,1000,,LS,Succeeded,11336858,11340938,11336858,0,3534,3533
openb-pod-3535,18708,64512,1,1000,,LS,Pending,11336993,11337092,,0,3535,3534
openb-pod-3536,4000,24576,1,1000,,LS,Succeeded,11337351,11341405,11337351,0,3536,3535
openb-pod-3537,11400,48128,1,1000,,LS,Running,11337449,11339764,11337451,0,3537,3536
openb-pod-3538,12500,57344,0,0,,LS,Running,11338310,11338851,11338312,0,3538,3537
openb-pod-3539,8000,30517,1,470,,BestEffort,Running,11338430,11338714,11338496,0,3539,3538
openb-pod-3540,15200,80896,1,1000,,LS,Failed,11338782,11340024,11338815,0,3540,3539
openb-pod-3541,11400,48128,1,1000,,LS,Running,11339265,11340945,11339268,0,3541,3540
openb-pod-3542,18708,64512,1,1000,,LS,Running,11340048,11340766,11340050,0,3542,3541
openb-pod-3543,12500,57344,0,0,,LS,Running,11340147,11340283,11340183,0,3543,3542
openb-pod-3544,11908,47104,1,1000,,BestEffort,Running,11340203,11340340,11340239,0,3544,3543
openb-pod-3545,4000,24576,1,1000,,LS,Succeeded,11340782,11344815,11340782,0,3545,3544
openb-pod-3546,32000,49152,0,0,,BestEffort,Running,11340817,11341000,11340820,0,3546,3545
openb-pod-3547,32000,49152,0,0,,BestEffort,Running,11340817,11341000,11340821,0,3547,3546
openb-pod-3548,11400,48128,1,1000,,LS,Running,11342386,11343254,11342388,0,3548,3547
openb-pod-3549,11400,48128,1,1000,,LS,Running,11342410,11343392,11342414,0,3549,3548
openb-pod-3550,11400,48128,1,1000,,LS,Running,11342436,11343701,11342438,0,3550,3549
openb-pod-3551,11400,48128,1,1000,,LS,Running,11342458,11343701,11342494,0,3551,3550
openb-pod-3552,12500,57344,0,0,,LS,Running,11342524,11343367,11342559,0,3552,3551
openb-pod-3553,12500,57344,0,0,,LS,Running,11342609,11342717,11342612,0,3553,3552
openb-pod-3554,9810,41560,1,1000,,LS,Running,11342677,11344880,11342784,0,3554,3553
openb-pod-3555,3152,5600,1,590,,BestEffort,Failed,11343842,11344986,11343842,0,3555,3554
openb-pod-3556,3152,5600,1,810,,BestEffort,Failed,11345006,11345929,11345006,0,3556,3555
openb-pod-3557,12000,24576,1,1000,,LS,Running,11345074,11363199,11345663,0,3557,3556
openb-pod-3558,8200,33792,1,1000,,LS,Running,11345551,11347891,11345551,0,3558,3557
openb-pod-3559,16500,51200,0,0,,LS,Running,11345812,11348795,11345814,0,3559,3558
openb-pod-3560,10000,48828,0,0,,LS,Running,11345865,11345949,11345867,0,3560,3559
openb-pod-3561,11400,48128,1,1000,,LS,Running,11346208,11347506,11346210,0,3561,3560
openb-pod-3562,11400,48128,1,1000,,LS,Running,11346233,11346452,11346265,0,3562,3561
openb-pod-3563,11400,48128,1,1000,,LS,Running,11346237,11346349,11346271,0,3563,3562
openb-pod-3564,11400,48128,1,1000,,LS,Running,11346548,11347437,11346585,0,3564,3563
openb-pod-3565,11400,48128,1,1000,,LS,Running,11346552,11347693,11346554,0,3565,3564
openb-pod-3566,11400,48128,1,1000,,LS,Running,11346580,11347711,11346615,0,3566,3565
openb-pod-3567,16500,51200,0,0,,LS,Running,11346580,11347147,11346582,0,3567,3566
openb-pod-3568,11400,48128,1,1000,,LS,Running,11346627,11347481,11346660,0,3568,3567
openb-pod-3569,11400,48128,1,1000,,LS,Running,11346674,11347524,11346710,0,3569,3568
openb-pod-3570,11400,48128,1,1000,,LS,Running,11346674,11347632,11346676,0,3570,3569
openb-pod-3571,11400,48128,1,1000,,LS,Running,11346677,11347337,11346679,0,3571,3570
openb-pod-3572,11400,48128,1,1000,,LS,Running,11346750,11347358,11346753,0,3572,3571
openb-pod-3573,8200,33792,1,1000,,LS,Failed,11346985,11348698,11346986,0,3573,3572
openb-pod-3574,6000,6144,1,460,,LS,Running,11347713,11348252,11347713,0,3574,3573
openb-pod-3575,3152,5600,1,810,,BestEffort,Failed,11347766,11348703,11347766,0,3575,3574
openb-pod-3576,6000,18432,1,460,,LS,Running,11347958,11348673,11348309,0,3576,3575
openb-pod-3577,16000,32768,1,1000,,LS,Running,11348318,11349536,11348320,0,3577,3576
openb-pod-3578,8000,30517,1,320,,BestEffort,Running,11349386,11372250,11349386,0,3578,3577
openb-pod-3579,8000,16384,1,1000,,LS,Running,11350954,11362597,11350955,0,3579,3578
openb-pod-3580,6000,6144,1,460,,LS,Running,11353053,11377353,11353053,0,3580,3579
openb-pod-3581,11908,47104,1,470,,LS,Pending,11353551,11353626,,0,3581,3580
openb-pod-3582,8000,30517,1,220,,BestEffort,Pending,11353881,11354438,,0,3582,3581
openb-pod-3583,11908,47104,1,470,,LS,Pending,11354613,11354645,,0,3583,3582
openb-pod-3584,4000,22888,1,320,,BestEffort,Running,11355852,11381826,11355852,0,3584,3583
openb-pod-3585,4000,15258,1,160,,BestEffort,Running,11356078,11360518,11356078,0,3585,3584
openb-pod-3586,11908,47104,1,470,,LS,Pending,11357208,11357261,,0,3586,3585
openb-pod-3587,11908,47104,1,470,,LS,Pending,11358562,11358595,,0,3587,3586
openb-pod-3588,11908,47104,1,470,,LS,Running,11358612,11359374,11358614,0,3588,3587
openb-pod-3589,12000,24576,1,1000,,LS,Running,11358995,11359657,11358997,0,3589,3588
openb-pod-3590,12000,24576,1,1000,,Burstable,Succeeded,11359537,11359589,11359537,0,3590,3589
openb-pod-3591,3152,5600,1,810,,BestEffort,Failed,11360750,11361874,11360750,0,3591,3590
openb-pod-3592,3152,5600,1,810,,BestEffort,Failed,11360933,11362064,11360933,0,3592,3591
openb-pod-3593,16000,32768,1,1000,,LS,Running,11362479,11363856,11362482,0,3593,3592
openb-pod-3594,12000,16384,1,1000,,LS,Running,11363194,11363734,11363227,0,3594,3593
openb-pod-3595,32000,49152,0,0,,BestEffort,Running,11363738,11363979,11363741,0,3595,3594
openb-pod-3596,15200,80896,1,1000,,LS,Failed,11363869,11364263,11363869,0,3596,3595
openb-pod-3597,11908,47104,1,470,,LS,Running,11364551,11364601,11364554,0,3597,3596
openb-pod-3598,11908,47104,1,470,,LS,Running,11364553,11364606,11364555,0,3598,3597
openb-pod-3599,32000,49152,0,0,,BestEffort,Running,11364986,11365138,11364989,0,3599,3598
openb-pod-3600,11908,47104,1,470,,LS,Pending,11365118,11365177,,0,3600,3599
openb-pod-3601,16000,32768,1,1000,,LS,Running,11365118,11367157,11365121,0,3601,3600
openb-pod-3602,12000,32768,1,1000,,LS,Running,11365658,11366887,11365661,0,3602,3601
openb-pod-3603,11908,47104,1,470,,LS,Running,11365697,11365731,11365699,0,3603,3602
openb-pod-3604,15200,80896,1,1000,,LS,Pending,11366897,11366968,,0,3604,3603
openb-pod-3605,4000,15258,1,110,,BestEffort,Running,11367081,11370181,11367081,0,3605,3604
openb-pod-3606,11908,47104,1,470,,LS,Pending,11367284,11367311,,0,3606,3605
openb-pod-3607,15200,80896,1,1000,,LS,Failed,11367728,11367749,11367728,0,3607,3606
openb-pod-3608,3152,5600,1,590,,BestEffort,Failed,11367781,11369882,11367782,0,3608,3607
openb-pod-3609,12000,15360,1,1000,,LS,Running,11368784,11369493,11368784,0,3609,3608
openb-pod-3610,11908,47104,1,470,,LS,Running,11368995,11372865,11368997,0,3610,3609
openb-pod-3611,11908,47104,1,470,,LS,Running,11370418,11372968,11370420,0,3611,3610
openb-pod-3612,12000,24576,1,1000,,LS,Pending,11373933,11374116,,0,3612,3611
openb-pod-3613,8000,30517,0,0,,BestEffort,Running,11374453,11402846,11374453,0,3613,3612
openb-pod-3614,8000,30517,0,0,,BestEffort,Running,11374480,11402848,11374480,0,3614,3613
openb-pod-3615,8000,30517,0,0,,BestEffort,Running,11374484,11402848,11374486,0,3615,3614
openb-pod-3616,12000,24576,1,1000,,LS,Running,11374538,11392175,11374539,0,3616,3615
openb-pod-3617,4000,15258,1,220,,BestEffort,Running,11375073,11384337,11375073,0,3617,3616
openb-pod-3618,4000,15258,1,320,,BestEffort,Running,11375079,11383226,11375080,0,3618,3617
openb-pod-3619,8000,30517,1,320,,BestEffort,Running,11375088,11383187,11375089,0,3619,3618
openb-pod-3620,3152,5600,1,590,,BestEffort,Failed,11375504,11378943,11375504,0,3620,3619
openb-pod-3621,12000,16384,1,1000,,LS,Running,11375513,11376846,11375513,0,3621,3620
openb-pod-3622,8000,16384,1,1000,,LS,Running,11375734,11377056,11376880,0,3622,3621
openb-pod-3623,6000,6144,1,460,,LS,Running,11375915,11378495,11375915,0,3623,3622
openb-pod-3624,14900,73728,1,1000,,LS,Pending,11378130,11378154,,0,3624,3623
openb-pod-3625,15200,80896,1,1000,,LS,Failed,11379036,11384077,11379037,0,3625,3624
openb-pod-3626,11400,48128,1,1000,,LS,Running,11379213,11380348,11379250,0,3626,3625
openb-pod-3627,11400,48128,1,1000,,LS,Pending,11379214,11379440,,0,3627,3626
openb-pod-3628,11400,48128,1,1000,,LS,Running,11379234,11381262,11379236,0,3628,3627
openb-pod-3629,11400,48128,1,1000,,LS,Running,11379234,11381839,11379238,0,3629,3628
openb-pod-3630,4000,15258,1,230,,BestEffort,Running,11379238,11380153,11379238,0,3630,3629
openb-pod-3631,11400,48128,1,1000,,LS,Running,11379280,11381143,11379454,0,3631,3630
openb-pod-3632,4000,15258,1,320,,BestEffort,Running,11380685,11383215,11380686,0,3632,3631
openb-pod-3633,11908,47104,1,1000,,BestEffort,Pending,11380722,11380841,,0,3633,3632
openb-pod-3634,8000,30517,0,0,,BestEffort,Running,11380757,11402841,11380757,0,3634,3633
openb-pod-3635,6000,23552,1,460,,LS,Running,11380957,11382273,11380958,0,3635,3634
openb-pod-3636,15400,51200,0,0,,LS,Running,11381329,11393579,11381331,0,3636,3635
openb-pod-3637,8000,30517,1,320,,BestEffort,Running,11382577,11383187,11382577,0,3637,3636
openb-pod-3638,18708,64512,1,1000,,LS,Running,11382810,11385373,11382849,0,3638,3637
openb-pod-3639,18708,64512,1,1000,,LS,Running,11383017,11385798,11383049,0,3639,3638
openb-pod-3640,18708,64512,1,1000,,LS,Running,11383105,11384822,11383107,0,3640,3639
openb-pod-3641,3152,5600,1,810,,BestEffort,Failed,11383190,11384140,11383190,0,3641,3640
openb-pod-3642,4000,15258,1,220,,BestEffort,Running,11383231,11384337,11383231,0,3642,3641
openb-pod-3643,11908,47104,1,1000,,BestEffort,Pending,11383351,11383476,,0,3643,3642
openb-pod-3644,8000,30517,1,470,,BestEffort,Pending,11383428,11385906,,0,3644,3643
openb-pod-3645,6000,18432,1,460,,LS,Running,11383655,11385395,11383659,0,3645,3644
openb-pod-3646,3152,5600,1,810,,BestEffort,Failed,11383763,11383823,11383763,0,3646,3645
openb-pod-3647,9810,41560,1,1000,,LS,Running,11383838,11384285,11383980,0,3647,3646
openb-pod-3648,4000,15258,1,320,,BestEffort,Running,11383847,11384339,11383847,0,3648,3647
openb-pod-3649,9810,41560,1,1000,,LS,Running,11383876,11384144,11384052,0,3649,3648
openb-pod-3650,4000,22888,1,320,,BestEffort,Running,11384054,11385004,11384086,0,3650,3649
openb-pod-3651,11908,47104,1,470,,LS,Running,11384169,11384288,11384171,0,3651,3650
openb-pod-3652,3152,5600,1,810,,BestEffort,Pending,11384244,11384262,,0,3652,3651
openb-pod-3653,12000,24576,1,1000,,LS,Running,11384376,11402976,11390181,0,3653,3652
openb-pod-3654,11400,48128,1,1000,,LS,Running,11384416,11384822,11384418,0,3654,3653
openb-pod-3655,11400,48128,1,1000,,LS,Running,11384554,11385601,11384590,0,3655,3654
openb-pod-3656,15200,80896,1,1000,,LS,Failed,11384702,11385592,11384702,0,3656,3655
openb-pod-3657,11400,48128,1,1000,,LS,Running,11384952,11385713,11384954,0,3657,3656
openb-pod-3658,6000,6144,1,460,,LS,Running,11385093,11385633,11385093,0,3658,3657
openb-pod-3659,18708,64512,1,1000,,LS,Running,11385488,11392841,11385520,0,3659,3658
openb-pod-3660,18708,64512,1,1000,,LS,Running,11385518,11395591,11385520,0,3660,3659
openb-pod-3661,18708,64512,1,1000,,LS,Running,11385654,11387640,11385656,0,3661,3660
openb-pod-3662,18708,64512,1,1000,,LS,Running,11385921,11387959,11385957,0,3662,3661
openb-pod-3663,11908,47104,1,1000,,BestEffort,Pending,11386062,11386136,,0,3663,3662
openb-pod-3664,3152,5600,1,810,,BestEffort,Failed,11386303,11396407,11386304,0,3664,3663
openb-pod-3665,18708,64512,1,1000,,LS,Running,11386521,11392162,11386556,0,3665,3664
openb-pod-3666,4000,30517,1,320,,BestEffort,Running,11386542,11389510,11386542,0,3666,3665
openb-pod-3667,3152,5600,1,810,,BestEffort,Failed,11386791,11387056,11386892,0,3667,3666
openb-pod-3668,3152,5600,1,810,,BestEffort,Failed,11386927,11400999,11387067,0,3668,3667
openb-pod-3669,3152,5600,1,810,,BestEffort,Failed,11386977,11387258,11386977,0,3669,3668
openb-pod-3670,11400,48128,1,1000,,LS,Running,11387270,11388876,11387377,0,3670,3669
openb-pod-3671,3152,5600,1,810,,BestEffort,Failed,11387394,11391318,11387396,0,3671,3670
openb-pod-3672,32000,49152,0,0,,BestEffort,Running,11387406,11387587,11387409,0,3672,3671
openb-pod-3673,3152,5600,1,810,,BestEffort,Failed,11388021,11389230,11388022,0,3673,3672
openb-pod-3674,32000,49152,0,0,,BestEffort,Running,11388228,11388379,11388231,0,3674,3673
openb-pod-3675,16000,65536,1,1000,,LS,Running,11389419,11394780,11389421,0,3675,3674
openb-pod-3676,11400,48128,1,1000,,LS,Running,11389501,11389630,11389537,0,3676,3675
openb-pod-3677,15200,80896,1,1000,,LS,Failed,11389775,11390398,11389776,0,3677,3676
openb-pod-3678,8000,30517,1,470,,BestEffort,Pending,11391169,11391427,,0,3678,3677
openb-pod-3679,11400,48128,1,1000,,LS,Running,11391230,11392795,11391233,0,3679,3678
openb-pod-3680,11400,48128,1,1000,,LS,Running,11391236,11393886,11391238,0,3680,3679
openb-pod-3681,11400,48128,1,1000,,LS,Running,11391260,11393966,11391608,0,3681,3680
openb-pod-3682,11400,48128,1,1000,,LS,Running,11391292,11392388,11391398,0,3682,3681
openb-pod-3683,11908,47104,1,470,,LS,Pending,11391716,11391764,,0,3683,3682
openb-pod-3684,11400,48128,1,1000,,LS,Pending,11392381,11392431,,0,3684,3683
openb-pod-3685,8000,30517,1,470,,BestEffort,Running,11394083,11394485,11394154,0,3685,3684
openb-pod-3686,8000,16384,1,1000,,LS,Running,11394461,11396072,11394465,0,3686,3685
openb-pod-3687,11400,48128,1,1000,,LS,Running,11395188,11397695,11395190,0,3687,3686
openb-pod-3688,11400,48128,1,1000,,LS,Running,11395205,11395254,11395208,0,3688,3687
openb-pod-3689,18708,64512,1,1000,,LS,Running,11395230,11395297,11395264,0,3689,3688
openb-pod-3690,8000,16384,1,1000,,LS,Running,11395364,11401386,11395366,0,3690,3689
openb-pod-3691,17400,43008,2,1000,,LS,Running,11395792,11396242,11395792,0,3691,3690
openb-pod-3692,11400,48128,1,1000,,LS,Running,11396113,11396377,11396151,0,3692,3691
openb-pod-3693,8000,30517,1,470,,BestEffort,Running,11396290,11396565,11396430,0,3693,3692
openb-pod-3694,12000,16384,1,1000,,LS,Running,11396312,11401083,11396348,0,3694,3693
openb-pod-3695,8000,30517,1,470,,BestEffort,Running,11396799,11397046,11396800,0,3695,3694
openb-pod-3696,16500,51200,0,0,,LS,Running,11397759,11400146,11397762,0,3696,3695
openb-pod-3697,11400,48128,1,1000,,LS,Running,11398169,11401237,11398205,0,3697,3696
openb-pod-3698,11400,48128,1,1000,,LS,Running,11398239,11398346,11398275,0,3698,3697
openb-pod-3699,11400,48128,1,1000,,LS,Running,11398590,11401246,11398592,0,3699,3698
openb-pod-3700,3152,5600,1,810,,BestEffort,Failed,11398654,11399593,11398654,0,3700,3699
openb-pod-3701,8000,32768,1,1000,,LS,Running,11400759,11411046,11400863,0,3701,3700
openb-pod-3702,3152,5600,1,810,,BestEffort,Failed,11400761,11401814,11400761,0,3702,3701
openb-pod-3703,18708,64512,1,1000,,LS,Running,11400990,11401787,11400992,0,3703,3702
openb-pod-3704,4000,30517,1,320,,BestEffort,Running,11401102,11404889,11401117,0,3704,3703
openb-pod-3705,4000,15258,1,320,,BestEffort,Running,11401470,11413286,11401476,0,3705,3704
openb-pod-3706,15400,51200,0,0,,LS,Running,11401602,11408714,11401609,0,3706,3705
openb-pod-3707,12500,57344,0,0,,LS,Running,11401708,11402380,11401747,0,3707,3706
openb-pod-3708,3152,5600,1,810,,BestEffort,Failed,11401813,11403666,11401813,0,3708,3707
openb-pod-3709,18708,64512,1,1000,,LS,Running,11401815,11403533,11401850,0,3709,3708
openb-pod-3710,11400,48128,1,1000,,LS,Running,11402540,11403392,11402542,0,3710,3709
openb-pod-3711,11400,48128,1,1000,,LS,Running,11402969,11403221,11403005,0,3711,3710
openb-pod-3712,11400,48128,1,1000,,LS,Running,11402972,11403540,11403005,0,3712,3711
openb-pod-3713,11908,47104,1,1000,,BestEffort,Pending,11403611,11403790,,0,3713,3712
openb-pod-3714,3152,5600,1,810,,BestEffort,Failed,11403719,11404505,11403754,0,3714,3713
openb-pod-3715,11908,47104,1,1000,,BestEffort,Pending,11403720,11403826,,0,3715,3714
openb-pod-3716,11908,47104,1,650,,LS,Running,11403754,11403831,11403756,0,3716,3715
openb-pod-3717,18708,64512,1,1000,,LS,Running,11403804,11404891,11403807,0,3717,3716
openb-pod-3718,12500,57344,0,0,,LS,Running,11403954,11404694,11403956,0,3718,3717
openb-pod-3719,9810,41560,1,1000,,LS,Running,11404007,11404751,11404009,0,3719,3718
openb-pod-3720,3152,5600,1,810,,BestEffort,Failed,11404118,11405145,11404188,0,3720,3719
openb-pod-3721,11400,48128,1,1000,,LS,Running,11404187,11413369,11404326,0,3721,3720
openb-pod-3722,11400,48128,1,1000,,LS,Running,11404234,11404385,11404341,0,3722,3721
openb-pod-3723,15400,51200,0,0,,LS,Running,11404376,11407360,11404378,0,3723,3722
openb-pod-3724,3152,5600,1,810,,BestEffort,Failed,11404788,11405724,11404788,0,3724,3723
openb-pod-3725,6000,6144,1,460,,LS,Running,11405134,11405973,11405134,0,3725,3724
openb-pod-3726,11400,48128,1,1000,,LS,Running,11405247,11408966,11405281,0,3726,3725
openb-pod-3727,3152,5600,1,810,,BestEffort,Failed,11405809,11405825,11405809,0,3727,3726
openb-pod-3728,16500,51200,0,0,,LS,Running,11405819,11405889,11405824,0,3728,3727
openb-pod-3729,3152,5600,1,810,,BestEffort,Failed,11405829,11413765,11405898,0,3729,3728
openb-pod-3730,3152,5600,1,810,,BestEffort,Failed,11405860,11406301,11405860,0,3730,3729
openb-pod-3731,16500,51200,0,0,,LS,Running,11406026,11407893,11406028,0,3731,3730
openb-pod-3732,16500,51200,0,0,,LS,Running,11406028,11406957,11406061,0,3732,3731
openb-pod-3733,3152,5600,1,810,,BestEffort,Failed,11406210,11406389,11406279,0,3733,3732
openb-pod-3734,3152,5600,1,810,,BestEffort,Failed,11406437,11406867,11406503,0,3734,3733
openb-pod-3735,3152,5600,1,810,,BestEffort,Failed,11406529,11406854,11406598,0,3735,3734
openb-pod-3736,3152,5600,1,810,,BestEffort,Running,11406672,11520708,11406673,0,3736,3735
openb-pod-3737,16500,51200,0,0,,LS,Running,11407033,11410438,11407066,0,3737,3736
openb-pod-3738,11400,48128,1,1000,,LS,Running,11409573,11409751,11409606,0,3738,3737
openb-pod-3739,11400,48128,1,1000,,LS,Running,11409971,11413398,11410006,0,3739,3738
openb-pod-3740,3152,5600,1,810,,BestEffort,Failed,11410167,11414355,11410167,0,3740,3739
openb-pod-3741,15200,80896,1,1000,,LS,Failed,11410212,11414276,11410212,0,3741,3740
openb-pod-3742,11400,48128,1,1000,,LS,Running,11410216,11413606,11410250,0,3742,3741
openb-pod-3743,16500,51200,0,0,,LS,Running,11410673,11412942,11410706,0,3743,3742
openb-pod-3744,11400,48128,1,1000,,LS,Pending,11410707,11410744,,0,3744,3743
openb-pod-3745,11400,48128,1,1000,,LS,Running,11410797,11413281,11410831,0,3745,3744
openb-pod-3746,32000,49152,0,0,,BestEffort,Running,11411490,11411664,11411492,0,3746,3745
openb-pod-3747,11908,47104,1,650,,LS,Running,11411964,11412887,11412001,0,3747,3746
openb-pod-3748,32000,49152,0,0,,BestEffort,Running,11412186,11412330,11412190,0,3748,3747
openb-pod-3749,32000,49152,0,0,,BestEffort,Running,11412186,11412330,11412189,0,3749,3748
openb-pod-3750,4000,24576,1,1000,,LS,Succeeded,11412502,11416532,11412502,0,3750,3749
openb-pod-3751,12000,15360,1,1000,,LS,Running,11412756,11423676,11412757,0,3751,3750
openb-pod-3752,11908,47104,1,650,,LS,Pending,11413152,11413287,,0,3752,3751
openb-pod-3753,3152,5600,1,810,,BestEffort,Pending,11413307,11413321,,0,3753,3752
openb-pod-3754,3152,5600,1,810,,BestEffort,Failed,11413320,11413341,11413321,0,3754,3753
openb-pod-3755,4000,31250,1,1000,,LS,Running,11413400,11414365,11413401,0,3755,3754
openb-pod-3756,18708,64512,1,1000,,LS,Pending,11413732,11414074,,0,3756,3755
openb-pod-3757,14900,73728,1,1000,,LS,Running,11413764,11418415,11413801,0,3757,3756
openb-pod-3758,3152,5600,1,810,,BestEffort,Failed,11413796,11414304,11413796,0,3758,3757
openb-pod-3759,11908,47104,1,470,,LS,Pending,11414290,11414439,,0,3759,3758
openb-pod-3760,3152,5600,1,810,,BestEffort,Failed,11414346,11416595,11414449,0,3760,3759
openb-pod-3761,3152,5600,1,810,,BestEffort,Failed,11414563,11415677,11414564,0,3761,3760
openb-pod-3762,16500,51200,0,0,,LS,Running,11414652,11423204,11414686,0,3762,3761
openb-pod-3763,4000,22888,1,320,,BestEffort,Pending,11414682,11414706,,0,3763,3762
openb-pod-3764,16500,51200,0,0,,LS,Running,11414701,11414810,11414737,0,3764,3763
openb-pod-3765,3152,5600,1,810,,BestEffort,Failed,11414707,11415560,11414707,0,3765,3764
openb-pod-3766,18708,64512,1,1000,,LS,Running,11414835,11415776,11414836,0,3766,3765
openb-pod-3767,3152,5600,1,810,,BestEffort,Failed,11415575,11415956,11415854,0,3767,3766
openb-pod-3768,3152,5600,1,810,,BestEffort,Failed,11415575,11415744,11415609,0,3768,3767
openb-pod-3769,3152,5600,1,810,,BestEffort,Failed,11415617,11415804,11415719,0,3769,3768
openb-pod-3770,11400,48128,1,1000,,LS,Running,11415618,11417841,11415621,0,3770,3769
openb-pod-3771,4000,30517,1,320,,BestEffort,Running,11415685,11421303,11415720,0,3771,3770
openb-pod-3772,11400,48128,1,1000,,LS,Running,11415707,11416805,11416057,0,3772,3771
openb-pod-3773,1000,2048,1,320,,BestEffort,Running,11415929,11416525,11415931,0,3773,3772
openb-pod-3774,12000,16384,1,1000,,LS,Running,11415933,11420314,11415933,0,3774,3773
openb-pod-3775,3152,5600,1,810,,BestEffort,Failed,11415950,11416190,11415951,0,3775,3774
openb-pod-3776,11908,47104,1,470,,LS,Pending,11416210,11416370,,0,3776,3775
openb-pod-3777,18708,64512,1,1000,,LS,Running,11416299,11417376,11416542,0,3777,3776
openb-pod-3778,18708,64512,1,1000,,LS,Running,11416358,11419641,11416498,0,3778,3777
openb-pod-3779,3152,5600,1,810,,BestEffort,Failed,11416364,11417295,11416609,0,3779,3778
openb-pod-3780,3152,5600,1,810,,BestEffort,Failed,11416411,11416795,11416479,0,3780,3779
openb-pod-3781,12500,57344,0,0,,LS,Running,11416461,11417402,11416497,0,3781,3780
openb-pod-3782,4000,24576,1,1000,,LS,Succeeded,11417306,11421364,11417306,0,3782,3781
openb-pod-3783,88000,327680,8,1000,,Burstable,Failed,11417316,11417571,11417316,0,3783,3782
openb-pod-3784,3152,5600,1,810,,BestEffort,Failed,11417650,11418985,11417650,0,3784,3783
openb-pod-3785,11908,47104,1,650,,LS,Running,11417959,11418930,11417961,0,3785,3784
openb-pod-3786,3152,5600,1,810,,BestEffort,Failed,11418907,11419846,11418909,0,3786,3785
openb-pod-3787,11908,47104,1,470,,LS,Pending,11419360,11419400,,0,3787,3786
openb-pod-3788,11908,47104,1,650,,LS,Running,11419940,11423101,11419975,0,3788,3787
openb-pod-3789,3152,5600,1,810,,BestEffort,Failed,11420025,11421098,11420026,0,3789,3788
openb-pod-3790,11908,47104,1,650,,LS,Running,11420029,11422811,11420030,0,3790,3789
openb-pod-3791,11908,47104,1,650,,LS,Running,11420074,11422922,11420107,0,3791,3790
openb-pod-3792,11908,47104,1,650,,LS,Pending,11420354,11420416,,0,3792,3791
openb-pod-3793,9810,41560,1,1000,,LS,Running,11420949,11421051,11420984,0,3793,3792
openb-pod-3794,11908,47104,1,650,,LS,Running,11421097,11422879,11421107,0,3794,3793
openb-pod-3795,3152,5600,1,810,,BestEffort,Failed,11421500,11422709,11421500,0,3795,3794
openb-pod-3796,3152,5600,1,810,,BestEffort,Failed,11421651,11429523,11421756,0,3796,3795
openb-pod-3797,3152,5600,1,810,,BestEffort,Failed,11422842,11429443,11422842,0,3797,3796
openb-pod-3798,11400,48128,1,1000,,LS,Running,11423030,11423413,11423032,0,3798,3797
openb-pod-3799,11400,48128,1,1000,,LS,Running,11423089,11423184,11423124,0,3799,3798
openb-pod-3800,8000,30517,1,470,,BestEffort,Running,11423253,11425489,11425240,0,3800,3799
openb-pod-3801,11908,47104,1,470,,LS,Running,11423293,11427399,11423296,0,3801,3800
openb-pod-3802,11400,48128,1,1000,,LS,Running,11423525,11424371,11423526,0,3802,3801
openb-pod-3803,11400,48128,1,1000,,LS,Running,11423531,11424303,11423532,0,3803,3802
openb-pod-3804,11400,48128,1,1000,,LS,Running,11423556,11424330,11423557,0,3804,3803
openb-pod-3805,11400,48128,1,1000,,LS,Running,11423558,11424323,11423593,0,3805,3804
openb-pod-3806,9810,41560,1,1000,,LS,Running,11424230,11424814,11424298,0,3806,3805
openb-pod-3807,9810,41560,1,1000,,LS,Running,11424357,11424454,11424392,0,3807,3806
openb-pod-3808,11908,47104,1,1000,,BestEffort,Pending,11426012,11426288,,0,3808,3807
openb-pod-3809,4000,24576,1,1000,,LS,Succeeded,11426456,11426968,11426457,0,3809,3808
openb-pod-3810,11908,47104,1,470,,LS,Running,11427146,11431430,11427218,0,3810,3809
openb-pod-3811,11908,47104,1,650,,LS,Running,11427668,11430260,11427670,0,3811,3810
openb-pod-3812,11908,47104,1,650,,LS,Running,11427721,11431094,11427723,0,3812,3811
openb-pod-3813,11908,47104,1,650,,LS,Running,11427757,11430292,11427762,0,3813,3812
openb-pod-3814,11908,47104,1,1000,,BestEffort,Running,11427808,11431912,11427843,0,3814,3813
openb-pod-3815,11908,47104,1,650,,LS,Running,11427849,11430560,11427852,0,3815,3814
openb-pod-3816,12000,24576,1,1000,,Burstable,Succeeded,11428055,11428105,11428055,0,3816,3815
openb-pod-3817,3152,5600,1,810,,BestEffort,Failed,11428425,11428478,11428425,0,3817,3816
openb-pod-3818,3152,5600,1,810,,BestEffort,Failed,11428646,11429418,11428646,0,3818,3817
openb-pod-3819,4000,30517,1,320,,BestEffort,Running,11428700,11477557,11428707,0,3819,3818
openb-pod-3820,9810,41560,1,1000,,LS,Pending,11428956,11429040,,0,3820,3819
openb-pod-3821,9810,41560,1,1000,,LS,Running,11429322,11441286,11429359,0,3821,3820
openb-pod-3822,9810,41560,1,1000,,LS,Running,11429482,11432920,11429484,0,3822,3821
openb-pod-3823,1000,2048,1,320,,BestEffort,Running,11429511,11429601,11429513,0,3823,3822
openb-pod-3824,9810,41560,1,1000,,LS,Running,11429517,11441402,11429554,0,3824,3823
openb-pod-3825,12000,16384,1,1000,,LS,Running,11430033,11430573,11430067,0,3825,3824
openb-pod-3826,11908,47104,1,1000,,BestEffort,Pending,11430063,11430128,,0,3826,3825
openb-pod-3827,8000,30517,1,470,,BestEffort,Running,11430678,11431854,11431721,0,3827,3826
openb-pod-3828,6000,18432,1,460,,LS,Running,11431595,11457455,11431595,0,3828,3827
openb-pod-3829,8000,30517,1,470,,BestEffort,Pending,11431855,11432381,,0,3829,3828
openb-pod-3830,8000,30517,0,0,,BestEffort,Running,11431909,11434045,11431911,0,3830,3829
openb-pod-3831,8000,32768,1,1000,,BestEffort,Pending,11431937,11431983,,0,3831,3830
openb-pod-3832,9810,41560,1,1000,,LS,Pending,11432414,11432572,,0,3832,3831
openb-pod-3833,9810,41560,1,1000,,LS,Running,11432415,11432557,11432484,0,3833,3832
openb-pod-3834,9810,41560,1,1000,,LS,Running,11432416,11432486,11432422,0,3834,3833
openb-pod-3835,3152,5600,1,810,,BestEffort,Running,11432451,11467831,11432451,0,3835,3834
openb-pod-3836,4000,24576,1,1000,,LS,Succeeded,11432987,11433405,11432987,0,3836,3835
openb-pod-3837,3152,5600,1,810,,BestEffort,Failed,11433428,11472660,11433428,0,3837,3836
openb-pod-3838,12000,15360,1,1000,,LS,Running,11434056,11439753,11434056,0,3838,3837
openb-pod-3839,3152,5600,1,810,,BestEffort,Failed,11434289,11435236,11434289,0,3839,3838
openb-pod-3840,32000,49152,0,0,,BestEffort,Running,11436502,11436654,11436504,0,3840,3839
openb-pod-3841,11400,48128,1,1000,,LS,Running,11436557,11436845,11436559,0,3841,3840
openb-pod-3842,11400,48128,1,1000,,LS,Running,11436562,11436781,11436594,0,3842,3841
openb-pod-3843,11400,48128,1,1000,,LS,Running,11436594,11436756,11436700,0,3843,3842
openb-pod-3844,11908,47104,1,470,,LS,Running,11436858,11436925,11436894,0,3844,3843
openb-pod-3845,8000,30517,1,470,,BestEffort,Pending,11438080,11438121,,0,3845,3844
openb-pod-3846,32000,49152,0,0,,BestEffort,Running,11438102,11438251,11438107,0,3846,3845
openb-pod-3847,32000,49152,0,0,,BestEffort,Running,11438102,11438251,11438104,0,3847,3846
openb-pod-3848,3152,5600,1,810,,BestEffort,Failed,11438226,11439348,11438227,0,3848,3847
openb-pod-3849,6000,22888,1,160,,BestEffort,Running,11439279,11467195,11439279,0,3849,3848
openb-pod-3850,9810,41560,1,1000,,LS,Pending,11440315,11440338,,0,3850,3849
openb-pod-3851,9810,41560,1,1000,,LS,Pending,11440352,11440374,,0,3851,3850
openb-pod-3852,8000,16384,1,1000,,LS,Running,11440957,11442337,11440958,0,3852,3851
openb-pod-3853,8000,30517,1,470,,BestEffort,Pending,11441404,11441655,,0,3853,3852
openb-pod-3854,8000,30517,1,470,,BestEffort,Running,11441923,11443993,11443908,0,3854,3853
openb-pod-3855,11908,47104,1,470,,LS,Pending,11442113,11442199,,0,3855,3854
openb-pod-3856,4000,22888,1,320,,BestEffort,Running,11442284,11468925,11442284,0,3856,3855
openb-pod-3857,11908,47104,1,470,,LS,Running,11443367,11448459,11443401,0,3857,3856
openb-pod-3858,8000,30517,1,470,,BestEffort,Pending,11443556,11445944,,0,3858,3857
openb-pod-3859,4000,30517,1,320,,BestEffort,Running,11444931,11449771,11444934,0,3859,3858
openb-pod-3860,11908,47104,1,470,,LS,Running,11445042,11455867,11445044,0,3860,3859
openb-pod-3861,3152,5600,1,810,,BestEffort,Failed,11446053,11447177,11446054,0,3861,3860
openb-pod-3862,6000,18432,1,460,,LS,Running,11446056,12428223,11446056,0,3862,3861
openb-pod-3863,11908,47104,1,470,,LS,Pending,11447307,11447348,,0,3863,3862
openb-pod-3864,3152,5600,1,810,,BestEffort,Failed,11447860,11448980,11447861,0,3864,3863
openb-pod-3865,8200,33792,1,1000,,LS,Failed,11449584,11450181,11449585,0,3865,3864
openb-pod-3866,32200,132096,4,1000,,LS,Failed,11453030,11453798,11453030,0,3866,3865
openb-pod-3867,12000,24576,1,1000,,LS,Running,11455297,11459555,11455646,0,3867,3866
openb-pod-3868,4000,15258,1,220,,BestEffort,Running,11457772,11458149,11457772,0,3868,3867
openb-pod-3869,16000,31250,0,0,,LS,Running,11458098,11458340,11458102,0,3869,3868
openb-pod-3870,16000,32768,1,1000,,LS,Succeeded,11458373,11462021,11458374,0,3870,3869
openb-pod-3871,32000,49152,0,0,,BestEffort,Running,11460295,11460446,11460298,0,3871,3870
openb-pod-3872,32000,49152,0,0,,BestEffort,Running,11460295,11460476,11460299,0,3872,3871
openb-pod-3873,32000,49152,0,0,,BestEffort,Running,11460295,11460446,11460298,0,3873,3872
openb-pod-3874,8000,30517,0,0,,BestEffort,Running,11460968,11480441,11460968,0,3874,3873
openb-pod-3875,8000,30517,0,0,,BestEffort,Running,11460976,11480442,11460976,0,3875,3874
openb-pod-3876,8000,30517,0,0,,BestEffort,Running,11460992,11480387,11460992,0,3876,3875
openb-pod-3877,8000,30517,1,470,,BestEffort,Running,11461917,11462305,11462095,0,3877,3876
openb-pod-3878,8000,30517,1,470,,BestEffort,Running,11462288,11462692,11462390,0,3878,3877
openb-pod-3879,11908,47104,1,470,,LS,Running,11462565,11465563,11462568,0,3879,3878
openb-pod-3880,11908,47104,1,470,,LS,Pending,11462566,11462638,,0,3880,3879
openb-pod-3881,8000,30517,1,470,,BestEffort,Pending,11462774,11462877,,0,3881,3880
openb-pod-3882,8000,30517,1,470,,BestEffort,Running,11462778,11463417,11463195,0,3882,3881
openb-pod-3883,9810,41560,1,1000,,LS,Running,11462990,11466115,11462991,0,3883,3882
openb-pod-3884,9810,41560,1,1000,,LS,Running,11463041,11465173,11463073,0,3884,3883
openb-pod-3885,15400,51200,0,0,,LS,Running,11465301,11466970,11465333,0,3885,3884
openb-pod-3886,8000,62500,0,0,,LS,Running,11465776,11466102,11465777,0,3886,3885
openb-pod-3887,3152,5600,1,810,,BestEffort,Failed,11466113,11466672,11466113,0,3887,3886
openb-pod-3888,11400,48128,1,1000,,LS,Running,11466546,11466910,11466550,0,3888,3887
openb-pod-3889,11400,48128,1,1000,,LS,Running,11466580,11466823,11466583,0,3889,3888
openb-pod-3890,16000,32768,1,1000,,LS,Running,11466638,11471562,11466639,0,3890,3889
openb-pod-3891,8000,30517,1,470,,BestEffort,Running,11466644,11468177,11468066,0,3891,3890
openb-pod-3892,11908,47104,1,470,,LS,Pending,11467156,11467245,,0,3892,3891
openb-pod-3893,15700,58368,1,1000,,LS,Pending,11467215,11467264,,0,3893,3892
openb-pod-3894,15700,58368,1,1000,,LS,Running,11467291,11468961,11467324,0,3894,3893
openb-pod-3895,15700,58368,1,1000,,LS,Running,11467310,11468924,11467345,0,3895,3894
openb-pod-3896,7000,30000,1,1000,,Burstable,Running,11467469,11521363,11467469,0,3896,3895
openb-pod-3897,9810,41560,1,1000,,LS,Pending,11467712,11467841,,0,3897,3896
openb-pod-3898,9810,41560,1,1000,,LS,Running,11467714,11468689,11467719,0,3898,3897
openb-pod-3899,11400,48128,1,1000,,LS,Running,11467857,11468232,11467924,0,3899,3898
openb-pod-3900,8000,30517,1,470,,BestEffort,Pending,11468184,11470309,,0,3900,3899
openb-pod-3901,4000,24576,1,1000,,LS,Succeeded,11468608,11469242,11468609,0,3901,3900
openb-pod-3902,9810,41560,1,1000,,LS,Running,11468893,11469609,11468930,0,3902,3901
openb-pod-3903,9810,41560,1,1000,,LS,Running,11468914,11469569,11468950,0,3903,3902
openb-pod-3904,9810,41560,1,1000,,LS,Running,11468937,11469537,11468970,0,3904,3903
openb-pod-3905,15400,51200,0,0,,LS,Running,11469533,11469669,11469565,0,3905,3904
openb-pod-3906,3152,5600,1,810,,BestEffort,Failed,11470485,11470590,11470485,0,3906,3905
openb-pod-3907,12000,24576,1,1000,,LS,Failed,11470656,11479594,11470657,0,3907,3906
openb-pod-3908,4000,30517,1,320,,BestEffort,Running,11471032,11471773,11471032,0,3908,3907
openb-pod-3909,1000,2048,1,320,,BestEffort,Running,11471383,11471749,11471383,0,3909,3908
openb-pod-3910,11908,47104,1,1000,,BestEffort,Running,11471391,11471575,11471533,0,3910,3909
openb-pod-3911,11400,48128,1,1000,,LS,Running,11471506,11471651,11471508,0,3911,3910
openb-pod-3912,4000,15258,1,320,,BestEffort,Running,11471750,11477306,11471816,0,3912,3911
openb-pod-3913,4000,22888,1,320,,BestEffort,Running,11471779,11472222,11471811,0,3913,3912
openb-pod-3914,18708,64512,1,1000,,LS,Running,11472181,11472252,11472183,0,3914,3913
openb-pod-3915,11908,47104,1,1000,,BestEffort,Pending,11472273,11472404,,0,3915,3914
openb-pod-3916,9810,41560,1,1000,,LS,Running,11472281,11474620,11472319,0,3916,3915
openb-pod-3917,9810,41560,1,1000,,LS,Running,11472322,11477407,11472424,0,3917,3916
openb-pod-3918,9810,41560,1,1000,,LS,Running,11472325,11475959,11472328,0,3918,3917
openb-pod-3919,4000,30517,1,320,,BestEffort,Running,11472461,11480379,11472491,0,3919,3918
openb-pod-3920,11908,47104,1,1000,,BestEffort,Pending,11472744,11472868,,0,3920,3919
openb-pod-3921,4000,15258,1,320,,BestEffort,Running,11472775,11477365,11472776,0,3921,3920
openb-pod-3922,8000,15625,0,0,,LS,Running,11472828,11473014,11472829,0,3922,3921
openb-pod-3923,3152,5600,1,810,,BestEffort,Failed,11473159,11474142,11473226,0,3923,3922
openb-pod-3924,18708,64512,1,1000,,LS,Running,11473484,11474493,11473521,0,3924,3923
openb-pod-3925,11400,48128,1,1000,,LS,Running,11474212,11475882,11474526,0,3925,3924
openb-pod-3926,11400,48128,1,1000,,LS,Running,11474212,11475526,11474492,0,3926,3925
openb-pod-3927,11400,48128,1,1000,,LS,Running,11474214,11475563,11474495,0,3927,3926
openb-pod-3928,3152,5600,1,810,,BestEffort,Pending,11474216,11474221,,0,3928,3927
openb-pod-3929,3152,5600,1,810,,BestEffort,Failed,11474218,11488260,11474286,0,3929,3928
openb-pod-3930,11400,48128,1,1000,,LS,Running,11475064,11477880,11475101,0,3930,3929
openb-pod-3931,9810,41560,1,1000,,LS,Pending,11475522,11475627,,0,3931,3930
openb-pod-3932,11400,48128,1,1000,,LS,Pending,11476091,11476197,,0,3932,3931
openb-pod-3933,9810,41560,1,1000,,LS,Pending,11476471,11476512,,0,3933,3932
openb-pod-3934,18708,64512,1,1000,,LS,Running,11476503,11477252,11476538,0,3934,3933
openb-pod-3935,18708,64512,1,1000,,LS,Pending,11477110,11477193,,0,3935,3934
openb-pod-3936,12000,24576,1,1000,,Burstable,Failed,11477328,11477357,11477328,0,3936,3935
openb-pod-3937,3152,5600,1,810,,BestEffort,Failed,11477507,11478446,11477507,0,3937,3936
openb-pod-3938,9810,41560,1,1000,,LS,Running,11477979,11479163,11477982,0,3938,3937
openb-pod-3939,9810,41560,1,1000,,LS,Running,11478307,11481325,11478485,0,3939,3938
openb-pod-3940,8000,30517,1,470,,BestEffort,Pending,11479091,11480109,,0,3940,3939
openb-pod-3941,11400,48128,1,1000,,LS,Pending,11480020,11480050,,0,3941,3940
openb-pod-3942,11400,48128,1,1000,,LS,Running,11480023,11480050,11480024,0,3942,3941
openb-pod-3943,11400,48128,1,1000,,LS,Pending,11480804,11480853,,0,3943,3942
openb-pod-3944,11400,48128,1,1000,,LS,Running,11481447,11481535,11481448,0,3944,3943
openb-pod-3945,11400,48128,1,1000,,LS,Running,11482464,11482553,11482497,0,3945,3944
openb-pod-3946,11400,48128,1,1000,,LS,Running,11482626,11483511,11482628,0,3946,3945
openb-pod-3947,18708,64512,1,1000,,LS,Running,11483944,11484045,11483979,0,3947,3946
openb-pod-3948,8200,33792,1,1000,,LS,Failed,11484478,11485805,11484478,0,3948,3947
openb-pod-3949,32000,49152,0,0,,BestEffort,Running,11484588,11484833,11484592,0,3949,3948
openb-pod-3950,32000,49152,0,0,,BestEffort,Running,11484589,11484833,11484598,0,3950,3949
openb-pod-3951,11400,48128,1,1000,,LS,Running,11484602,11487859,11484609,0,3951,3950
openb-pod-3952,3152,5600,1,810,,BestEffort,Failed,11485063,11486007,11485064,0,3952,3951
openb-pod-3953,32000,49152,0,0,,BestEffort,Running,11485271,11485537,11485276,0,3953,3952
openb-pod-3954,11908,47104,1,1000,,BestEffort,Running,11485432,11496186,11485464,0,3954,3953
openb-pod-3955,11908,47104,1,1000,,BestEffort,Pending,11485713,11485811,,0,3955,3954
openb-pod-3956,11908,47104,1,470,,LS,Pending,11486753,11486896,,0,3956,3955
openb-pod-3957,11400,48128,1,1000,,LS,Running,11487173,11487226,11487175,0,3957,3956
openb-pod-3958,3152,5600,1,810,,BestEffort,Failed,11487283,11487312,11487283,0,3958,3957
openb-pod-3959,3152,5600,1,810,,BestEffort,Failed,11487312,11488104,11487314,0,3959,3958
openb-pod-3960,8000,30517,1,320,,BestEffort,Running,11487314,11488076,11487314,0,3960,3959
openb-pod-3961,11908,47104,1,1000,,BestEffort,Running,11487980,11496100,11488016,0,3961,3960
openb-pod-3962,11400,48128,1,1000,,LS,Running,11488058,11488757,11488061,0,3962,3961
openb-pod-3963,11400,48128,1,1000,,LS,Running,11488062,11488315,11488097,0,3963,3962
openb-pod-3964,3152,5600,1,810,,BestEffort,Failed,11488307,11488621,11488307,0,3964,3963
openb-pod-3965,11908,47104,1,470,,LS,Pending,11488381,11488597,,0,3965,3964
openb-pod-3966,8000,32768,1,1000,,LS,Running,11488598,11493760,11488600,0,3966,3965
openb-pod-3967,11400,48128,1,1000,,LS,Running,11488616,11488821,11488649,0,3967,3966
openb-pod-3968,3152,5600,1,810,,BestEffort,Failed,11488950,11489212,11489091,0,3968,3967
openb-pod-3969,3152,5600,1,810,,BestEffort,Failed,11488954,11488994,11488954,0,3969,3968
openb-pod-3970,3152,5600,1,810,,BestEffort,Failed,11489060,11489329,11489060,0,3970,3969
openb-pod-3971,11300,37888,1,1000,,LS,Running,11489245,11490299,11489245,0,3971,3970
openb-pod-3972,3152,5600,1,810,,BestEffort,Failed,11489326,11489462,11489429,0,3972,3971
openb-pod-3973,4000,24576,1,1000,,LS,Succeeded,11489646,11490392,11489646,0,3973,3972
openb-pod-3974,4000,31250,1,1000,,LS,Running,11490009,11493660,11490112,0,3974,3973
openb-pod-3975,3152,5600,1,810,,BestEffort,Failed,11490091,11493943,11490124,0,3975,3974
openb-pod-3976,11400,48128,1,1000,,LS,Running,11490613,11490692,11490616,0,3976,3975
openb-pod-3977,3152,5600,1,810,,BestEffort,Failed,11490753,11491400,11490890,0,3977,3976
openb-pod-3978,3152,5600,1,810,,BestEffort,Failed,11490755,11490816,11490755,0,3978,3977
openb-pod-3979,11908,47104,1,1000,,BestEffort,Pending,11490782,11490904,,0,3979,3978
openb-pod-3980,11900,77824,1,1000,,LS,Running,11490853,11490898,11490854,0,3980,3979
openb-pod-3981,11908,47104,1,1000,,BestEffort,Pending,11492593,11492686,,0,3981,3980
openb-pod-3982,18708,64512,1,1000,,LS,Running,11492593,11498780,11492596,0,3982,3981
openb-pod-3983,11908,47104,1,1000,,BestEffort,Pending,11493808,11493941,,0,3983,3982
openb-pod-3984,3152,5600,1,810,,BestEffort,Failed,11493898,11494459,11493898,0,3984,3983
openb-pod-3985,11908,47104,1,1000,,BestEffort,Pending,11494314,11494465,,0,3985,3984
openb-pod-3986,11908,47104,1,1000,,BestEffort,Pending,11494400,11494462,,0,3986,3985
openb-pod-3987,3152,5600,1,810,,BestEffort,Failed,11494493,11497626,11494493,0,3987,3986
openb-pod-3988,11908,47104,1,1000,,BestEffort,Pending,11494711,11494823,,0,3988,3987
openb-pod-3989,11908,47104,1,1000,,BestEffort,Pending,11494740,11494793,,0,3989,3988
openb-pod-3990,1000,2048,1,320,,BestEffort,Running,11494746,11495188,11494747,0,3990,3989
openb-pod-3991,15400,51200,0,0,,LS,Running,11495369,11496647,11495373,0,3991,3990
openb-pod-3992,4000,24576,1,1000,,LS,Succeeded,11495508,11496019,11495508,0,3992,3991
openb-pod-3993,11908,47104,1,470,,LS,Pending,11495560,11495633,,0,3993,3992
openb-pod-3994,3152,5600,1,810,,BestEffort,Failed,11496540,11496998,11496540,0,3994,3993
openb-pod-3995,12000,24576,1,1000,,LS,Running,11496638,11497093,11496638,0,3995,3994
openb-pod-3996,11908,47104,1,1000,,BestEffort,Running,11497213,11507790,11497248,0,3996,3995
openb-pod-3997,11908,47104,1,1000,,BestEffort,Pending,11497854,11497936,,0,3997,3996
openb-pod-3998,3152,5600,1,810,,BestEffort,Failed,11497889,11498920,11497922,0,3998,3997
openb-pod-3999,8000,16384,1,1000,,LS,Running,11498143,11498887,11498143,0,3999,3998
openb-pod-4000,18708,64512,1,1000,,LS,Running,11498310,11500663,11498347,0,4000,3999
openb-pod-4001,12500,57344,0,0,,LS,Running,11498311,11500929,11498351,0,4001,4000
openb-pod-4002,12500,57344,0,0,,LS,Running,11498319,11500881,11498322,0,4002,4001
openb-pod-4003,12500,57344,0,0,,LS,Running,11498585,11498646,11498587,0,4003,4002
openb-pod-4004,4000,31250,1,1000,,LS,Running,11498713,11502008,11498714,0,4004,4003
openb-pod-4005,3152,5600,1,810,,BestEffort,Failed,11499011,11499890,11499081,0,4005,4004
openb-pod-4006,8000,30517,1,470,,BestEffort,Pending,11499821,11511538,,0,4006,4005
openb-pod-4007,11908,47104,1,1000,,BestEffort,Running,11499977,11500042,11500013,0,4007,4006
openb-pod-4008,3152,5600,1,810,,BestEffort,Failed,11500016,11500972,11500017,0,4008,4007
openb-pod-4009,3152,5600,1,810,,BestEffort,Failed,11500401,11500965,11500402,0,4009,4008
openb-pod-4010,3152,5600,1,810,,BestEffort,Failed,11500771,11501703,11500772,0,4010,4009
openb-pod-4011,3152,5600,1,810,,BestEffort,Failed,11501130,11501353,11501197,0,4011,4010
openb-pod-4012,3152,5600,1,810,,BestEffort,Failed,11501560,11501676,11501560,0,4012,4011
openb-pod-4013,3152,5600,1,810,,BestEffort,Failed,11501586,11502962,11501586,0,4013,4012
openb-pod-4014,11908,47104,1,1000,,BestEffort,Pending,11502464,11502530,,0,4014,4013
openb-pod-4015,3152,5600,1,810,,BestEffort,Pending,11502914,11502931,,0,4015,4014
openb-pod-4016,11908,47104,1,1000,,BestEffort,Pending,11503026,11503139,,0,4016,4015
openb-pod-4017,3152,5600,1,810,,BestEffort,Failed,11503069,11503538,11503137,0,4017,4016
openb-pod-4018,6000,16384,1,460,,LS,Running,11503595,11505124,11503596,0,4018,4017
openb-pod-4019,3152,5600,1,810,,BestEffort,Failed,11503982,11505153,11503982,0,4019,4018
openb-pod-4020,3152,5600,1,810,,BestEffort,Failed,11503982,11504898,11504013,0,4020,4019
openb-pod-4021,3152,5600,1,810,,BestEffort,Failed,11504044,11504638,11504079,0,4021,4020
openb-pod-4022,3152,5600,1,810,,BestEffort,Failed,11504381,11504477,11504381,0,4022,4021
openb-pod-4023,11908,47104,1,470,,LS,Pending,11504454,11504565,,0,4023,4022
openb-pod-4024,11908,47104,1,1000,,BestEffort,Pending,11504797,11504846,,0,4024,4023
openb-pod-4025,16000,31250,1,1000,,LS,Running,11504854,11507014,11504854,0,4025,4024
openb-pod-4026,3152,5600,1,810,,BestEffort,Failed,11504858,11505242,11504858,0,4026,4025
openb-pod-4027,3152,5600,1,810,,BestEffort,Failed,11504878,11505290,11504879,0,4027,4026
openb-pod-4028,3152,5600,1,810,,BestEffort,Failed,11504881,11505256,11504952,0,4028,4027
openb-pod-4029,3152,5600,1,810,,BestEffort,Failed,11505173,11506113,11505173,0,4029,4028
openb-pod-4030,3152,5600,1,810,,BestEffort,Pending,11505178,11505183,,0,4030,4029
openb-pod-4031,11400,48128,1,1000,,LS,Running,11505390,11505767,11505426,0,4031,4030
openb-pod-4032,11908,47104,1,1000,,BestEffort,Running,11505575,11513908,11505579,0,4032,4031
openb-pod-4033,4000,15258,1,160,,BestEffort,Running,11505720,11547487,11505747,0,4033,4032
openb-pod-4034,12000,24576,1,1000,,LS,Running,11505875,11508033,11505875,0,4034,4033
openb-pod-4035,8200,33792,1,1000,,LS,Failed,11505939,11507177,11505940,0,4035,4034
openb-pod-4036,3152,5600,1,810,,BestEffort,Failed,11506047,11506448,11506049,0,4036,4035
openb-pod-4037,3152,5600,1,810,,BestEffort,Failed,11506051,11506887,11506051,0,4037,4036
openb-pod-4038,11908,47104,1,1000,,BestEffort,Pending,11506398,11506542,,0,4038,4037
openb-pod-4039,3152,5600,1,810,,BestEffort,Failed,11506475,11506934,11506508,0,4039,4038
openb-pod-4040,3152,5600,1,810,,BestEffort,Failed,11506476,11506898,11506544,0,4040,4039
openb-pod-4041,3152,5600,1,810,,BestEffort,Failed,11506478,11507834,11506479,0,4041,4040
openb-pod-4042,3152,5600,1,810,,BestEffort,Failed,11506537,11506856,11506537,0,4042,4041
openb-pod-4043,3152,5600,1,810,,BestEffort,Failed,11506606,11509491,11506606,0,4043,4042
openb-pod-4044,11908,47104,1,1000,,BestEffort,Pending,11507370,11507462,,0,4044,4043
openb-pod-4045,18708,64512,1,1000,,LS,Running,11507540,11514591,11507544,0,4045,4044
openb-pod-4046,8000,30517,0,0,,BestEffort,Running,11507744,11510657,11507744,0,4046,4045
openb-pod-4047,4000,15258,1,320,,BestEffort,Running,11507881,11509075,11507883,0,4047,4046
openb-pod-4048,11900,43008,1,1000,,LS,Pending,11508459,11508518,,0,4048,4047
openb-pod-4049,3152,5600,1,810,,BestEffort,Failed,11508931,11509581,11508931,0,4049,4048
openb-pod-4050,3152,5600,1,810,,BestEffort,Failed,11508979,11509014,11508979,0,4050,4049
openb-pod-4051,3152,5600,1,810,,BestEffort,Failed,11509078,11509565,11509113,0,4051,4050
openb-pod-4052,3152,5600,1,810,,BestEffort,Failed,11509174,11509490,11509174,0,4052,4051
openb-pod-4053,8000,31250,0,0,,LS,Running,11509398,11509442,11509399,0,4053,4052
openb-pod-4054,11908,47104,1,1000,,BestEffort,Pending,11509558,11509631,,0,4054,4053
openb-pod-4055,14900,73728,1,1000,,LS,Running,11509769,11509969,11509770,0,4055,4054
openb-pod-4056,3152,5600,1,810,,BestEffort,Failed,11509888,11509972,11509889,0,4056,4055
openb-pod-4057,14900,73728,1,1000,,LS,Running,11509971,11518898,11509975,0,4057,4056
openb-pod-4058,8000,30517,0,0,,BestEffort,Running,11510007,11510300,11510010,0,4058,4057
openb-pod-4059,3152,5600,1,810,,BestEffort,Failed,11510242,11510388,11510247,0,4059,4058
openb-pod-4060,4000,15258,1,320,,BestEffort,Running,11510280,11510391,11510304,0,4060,4059
openb-pod-4061,4000,15258,1,160,,BestEffort,Running,11510324,11547427,11510344,0,4061,4060
openb-pod-4062,12500,57344,0,0,,LS,Running,11510482,11512070,11510485,0,4062,4061
openb-pod-4063,11908,47104,1,1000,,BestEffort,Pending,11510992,11511146,,0,4063,4062
openb-pod-4064,4000,15258,1,110,,BestEffort,Running,11511138,11566897,11511143,0,4064,4063
openb-pod-4065,11908,47104,1,470,,LS,Pending,11511754,11511895,,0,4065,4064
openb-pod-4066,12500,57344,0,0,,LS,Running,11512225,11512547,11512258,0,4066,4065
openb-pod-4067,12500,57344,0,0,,LS,Running,11513616,11513836,11513621,0,4067,4066
openb-pod-4068,12500,57344,0,0,,LS,Running,11513617,11514735,11513621,0,4068,4067
openb-pod-4069,12500,57344,0,0,,LS,Running,11513625,11514886,11513658,0,4069,4068
openb-pod-4070,3152,5600,1,810,,BestEffort,Failed,11514609,11515540,11514609,0,4070,4069
openb-pod-4071,16000,32768,1,1000,,LS,Running,11515423,11517162,11515979,0,4071,4070
openb-pod-4072,12000,24576,1,1000,,LS,Running,11515475,11519825,11515476,0,4072,4071
openb-pod-4073,11400,48128,1,1000,,LS,Running,11515496,11515575,11515529,0,4073,4072
openb-pod-4074,11908,47104,1,470,,LS,Pending,11516144,11516169,,0,4074,4073
openb-pod-4075,12000,16384,1,1000,,LS,Running,11516373,11516913,11516373,0,4075,4074
openb-pod-4076,8000,30517,1,470,,BestEffort,Pending,11516698,11516949,,0,4076,4075
openb-pod-4077,3152,5600,1,810,,BestEffort,Failed,11517319,11518271,11517319,0,4077,4076
openb-pod-4078,11908,47104,1,470,,LS,Pending,11518382,11518464,,0,4078,4077
openb-pod-4079,12000,32768,1,1000,,LS,Running,11519256,11521116,11519256,0,4079,4078
openb-pod-4080,8000,30517,1,470,,BestEffort,Pending,11519613,11519616,,0,4080,4079
openb-pod-4081,6000,32768,1,1000,,LS,Running,11519917,11526834,11519919,0,4081,4080
openb-pod-4082,8000,16384,1,1000,,LS,Running,11520863,11535764,11520864,0,4082,4081
openb-pod-4083,12000,18432,1,460,,LS,Running,11520873,11521806,11520873,0,4083,4082
openb-pod-4084,8000,30517,1,320,,BestEffort,Running,11521781,11534985,11521781,0,4084,4083
openb-pod-4085,11908,47104,1,470,,LS,Pending,11522561,11522645,,0,4085,4084
openb-pod-4086,3152,5600,1,810,,BestEffort,Failed,11523771,11524906,11523771,0,4086,4085
openb-pod-4087,7000,30000,1,1000,,Burstable,Running,11524014,11694483,11524014,0,4087,4086
openb-pod-4088,11900,77824,1,1000,,LS,Pending,11524354,11524467,,0,4088,4087
openb-pod-4089,11400,48128,1,1000,,LS,Running,11524842,11531319,11524844,0,4089,4088
openb-pod-4090,11908,47104,1,470,,LS,Running,11524843,11528201,11524845,0,4090,4089
openb-pod-4091,8000,30517,1,470,,BestEffort,Running,11525451,11526723,11526561,0,4091,4090
openb-pod-4092,3152,5600,1,810,,BestEffort,Failed,11526947,11526991,11526947,0,4092,4091
openb-pod-4093,6000,12288,1,460,,LS,Running,11528194,11530052,11528194,0,4093,4092
openb-pod-4094,4000,15258,1,320,,BestEffort,Running,11528632,11530358,11528635,0,4094,4093
openb-pod-4095,4000,15258,1,320,,BestEffort,Running,11528854,11530418,11528854,0,4095,4094
openb-pod-4096,12000,15360,1,1000,,LS,Running,11530837,11533715,11531011,0,4096,4095
openb-pod-4097,8000,16384,1,1000,,LS,Running,11530957,11532786,11531131,0,4097,4096
openb-pod-4098,11908,47104,1,470,,LS,Running,11531760,11545358,11531761,0,4098,4097
openb-pod-4099,8000,30517,1,470,,BestEffort,Running,11531930,11532365,11532032,0,4099,4098
openb-pod-4100,3152,5600,1,810,,BestEffort,Failed,11532542,11534797,11532543,0,4100,4099
openb-pod-4101,11908,47104,1,470,,LS,Pending,11533205,11533287,,0,4101,4100
openb-pod-4102,3152,5600,1,810,,BestEffort,Failed,11533355,11534498,11533355,0,4102,4101
openb-pod-4103,11908,47104,1,470,,LS,Pending,11533442,11533464,,0,4103,4102
openb-pod-4104,11908,47104,1,470,,LS,Pending,11534129,11534226,,0,4104,4103
openb-pod-4105,8000,30517,1,470,,BestEffort,Pending,11534155,11534343,,0,4105,4104
openb-pod-4106,12000,18432,1,460,,LS,Running,11534377,11536955,11534377,0,4106,4105
openb-pod-4107,8000,30517,1,470,,BestEffort,Running,11534599,11535008,11534738,0,4107,4106
openb-pod-4108,11908,47104,1,470,,LS,Pending,11534622,11534708,,0,4108,4107
openb-pod-4109,4000,22888,1,320,,BestEffort,Running,11535204,11537082,11535218,0,4109,4108
openb-pod-4110,4000,22888,1,320,,BestEffort,Running,11535981,11559078,11535981,0,4110,4109
openb-pod-4111,8000,30517,1,470,,BestEffort,Pending,11536451,11536815,,0,4111,4110
openb-pod-4112,8200,33792,1,1000,,LS,Failed,11537708,11539148,11537708,0,4112,4111
openb-pod-4113,3152,5600,1,810,,BestEffort,Failed,11537958,11539086,11537958,0,4113,4112
openb-pod-4114,8000,32768,1,1000,,LS,Running,11540133,11542864,11540133,0,4114,4113
openb-pod-4115,11908,47104,1,470,,LS,Pending,11543562,11543615,,0,4115,4114
openb-pod-4116,4000,31250,1,1000,,LS,Running,11543906,11561047,11543906,0,4116,4115
openb-pod-4117,16000,31250,0,0,,LS,Running,11544404,11544560,11544408,0,4117,4116
openb-pod-4118,16000,31250,0,0,,LS,Running,11544404,11544827,11544408,0,4118,4117
openb-pod-4119,4000,24576,1,1000,,LS,Succeeded,11546450,11547216,11546450,0,4119,4118
openb-pod-4120,8000,16384,1,1000,,LS,Running,11546556,11552015,11546556,0,4120,4119
openb-pod-4121,14900,73728,1,1000,,LS,Running,11547052,11556574,11547086,0,4121,4120
openb-pod-4122,4000,31250,1,1000,,LS,Running,11547218,11549796,11547218,0,4122,4121
openb-pod-4123,8000,30517,0,0,,BestEffort,Running,11547221,11567058,11547221,0,4123,4122
openb-pod-4124,8000,30517,0,0,,BestEffort,Running,11547226,11560445,11547226,0,4124,4123
openb-pod-4125,8000,30517,0,0,,BestEffort,Running,11547243,11567059,11547244,0,4125,4124
openb-pod-4126,15200,80896,1,1000,,LS,Failed,11548440,11552791,11548440,0,4126,4125
openb-pod-4127,4000,24576,1,1000,,LS,Succeeded,11550172,11550789,11550172,0,4127,4126
openb-pod-4128,11400,48128,1,1000,,LS,Running,11550720,11557017,11550722,0,4128,4127
openb-pod-4129,3152,5600,1,810,,BestEffort,Failed,11550784,11551821,11550784,0,4129,4128
openb-pod-4130,4000,24576,1,1000,,LS,Succeeded,11550889,11551839,11550889,0,4130,4129
openb-pod-4131,11908,47104,1,470,,LS,Running,11550891,11551024,11550892,0,4131,4130
openb-pod-4132,11908,47104,1,470,,LS,Pending,11551095,11551198,,0,4132,4131
openb-pod-4133,8000,30517,0,0,,BestEffort,Running,11551396,11567001,11551396,0,4133,4132
openb-pod-4134,11908,47104,1,470,,LS,Running,11551465,11553196,11551468,0,4134,4133
openb-pod-4135,12000,24576,1,1000,,LS,Running,11551716,11555344,11551717,0,4135,4134
openb-pod-4136,15400,51200,0,0,,LS,Pending,11552214,11552263,,0,4136,4135
openb-pod-4137,8000,30517,1,470,,BestEffort,Running,11553773,11555670,11555201,0,4137,4136
openb-pod-4138,3152,5600,1,810,,BestEffort,Failed,11554319,11558253,11554319,0,4138,4137
openb-pod-4139,11400,48128,1,1000,,LS,Running,11554926,11556372,11554963,0,4139,4138
openb-pod-4140,18708,64512,1,1000,,LS,Running,11555668,11556102,11555773,0,4140,4139
openb-pod-4141,18708,64512,1,1000,,LS,Running,11555688,11555877,11555793,0,4141,4140
openb-pod-4142,11400,48128,1,1000,,LS,Running,11555789,11557149,11555792,0,4142,4141
openb-pod-4143,4000,22888,1,320,,BestEffort,Running,11556206,11557982,11556207,0,4143,4142
openb-pod-4144,12500,57344,0,0,,LS,Running,11556813,11557292,11556817,0,4144,4143
openb-pod-4145,32000,49152,0,0,,BestEffort,Running,11556874,11557032,11556880,0,4145,4144
openb-pod-4146,32000,49152,0,0,,BestEffort,Running,11556874,11557032,11556881,0,4146,4145
openb-pod-4147,18708,64512,1,1000,,LS,Pending,11556921,11556971,,0,4147,4146
openb-pod-4148,3152,5600,1,810,,BestEffort,Failed,11556993,11587621,11556993,0,4148,4147
openb-pod-4149,8000,30517,1,650,,BestEffort,Running,11557472,11559071,11557473,0,4149,4148
openb-pod-4150,11400,48128,1,1000,,LS,Running,11557499,11558796,11557501,0,4150,4149
openb-pod-4151,11908,47104,1,1000,,BestEffort,Pending,11558264,11558353,,0,4151,4150
openb-pod-4152,11400,48128,1,1000,,LS,Running,11558568,11568426,11558602,0,4152,4151
openb-pod-4153,16000,32768,1,1000,,LS,Succeeded,11558581,11558621,11558582,0,4153,4152
openb-pod-4154,3152,5600,1,810,,BestEffort,Failed,11558763,11558964,11558832,0,4154,4153
openb-pod-4155,3152,5600,1,810,,BestEffort,Failed,11558920,11559572,11559092,0,4155,4154
openb-pod-4156,11908,47104,1,470,,LS,Pending,11558951,11559123,,0,4156,4155
openb-pod-4157,3152,5600,1,810,,BestEffort,Failed,11558964,11559047,11558964,0,4157,4156
openb-pod-4158,15200,80896,1,1000,,LS,Failed,11559048,11561506,11559048,0,4158,4157
openb-pod-4159,8000,30517,1,470,,BestEffort,Running,11559350,11559744,11559351,0,4159,4158
openb-pod-4160,4000,30517,1,320,,BestEffort,Running,11559412,11576217,11559424,0,4160,4159
openb-pod-4161,3152,5600,1,810,,BestEffort,Failed,11559412,11559533,11559412,0,4161,4160
openb-pod-4162,3152,5600,1,810,,BestEffort,Failed,11559496,11559572,11559496,0,4162,4161
openb-pod-4163,11908,47104,1,1000,,BestEffort,Pending,11559931,11560031,,0,4163,4162
openb-pod-4164,11300,37888,1,1000,,LS,Running,11560037,11561433,11560037,0,4164,4163
openb-pod-4165,11400,48128,1,1000,,LS,Pending,11560508,11560565,,0,4165,4164
openb-pod-4166,3152,5600,1,810,,BestEffort,Failed,11560577,11573851,11560577,0,4166,4165
openb-pod-4167,11300,37888,1,1000,,LS,Running,11560766,11562513,11560766,0,4167,4166
openb-pod-4168,3152,5600,1,810,,BestEffort,Failed,11561891,11562829,11561891,0,4168,4167
openb-pod-4169,11400,48128,1,1000,,LS,Running,11562287,11567772,11562290,0,4169,4168
openb-pod-4170,11400,48128,1,1000,,LS,Running,11562370,11568176,11562373,0,4170,4169
openb-pod-4171,11400,48128,1,1000,,LS,Running,11562572,11563739,11562574,0,4171,4170
openb-pod-4172,3152,5600,1,810,,BestEffort,Failed,11562742,11563726,11562742,0,4172,4171
openb-pod-4173,11908,47104,1,470,,LS,Running,11563035,11563568,11563068,0,4173,4172
openb-pod-4174,11400,48128,1,1000,,LS,Running,11563281,11564670,11563313,0,4174,4173
openb-pod-4175,3152,5600,1,810,,BestEffort,Failed,11563762,11564688,11563763,0,4175,4174
openb-pod-4176,8000,30517,1,220,,BestEffort,Running,11564421,11578652,11564422,0,4176,4175
openb-pod-4177,8000,30517,1,470,,BestEffort,Running,11564792,11565098,11564997,0,4177,4176
openb-pod-4178,9810,41560,1,1000,,LS,Running,11567733,11568581,11567736,0,4178,4177
openb-pod-4179,11400,48128,1,1000,,LS,Running,11567960,11568195,11567962,0,4179,4178
openb-pod-4180,11400,48128,1,1000,,LS,Running,11567982,11568073,11568014,0,4180,4179
openb-pod-4181,4000,15258,1,320,,BestEffort,Running,11568949,11569193,11568949,0,4181,4180
openb-pod-4182,8000,30517,1,470,,BestEffort,Running,11569221,11570524,11570188,0,4182,4181
openb-pod-4183,11400,48128,1,1000,,LS,Running,11569390,11570909,11569426,0,4183,4182
openb-pod-4184,11400,48128,1,1000,,LS,Running,11569421,11570767,11569423,0,4184,4183
openb-pod-4185,11400,48128,1,1000,,LS,Running,11569444,11570727,11569445,0,4185,4184
openb-pod-4186,11400,48128,1,1000,,LS,Running,11569445,11569604,11569480,0,4186,4185
openb-pod-4187,11908,47104,1,1000,,BestEffort,Pending,11569492,11569587,,0,4187,4186
openb-pod-4188,11908,47104,1,1000,,BestEffort,Pending,11569536,11569625,,0,4188,4187
openb-pod-4189,18708,64512,1,1000,,LS,Running,11570464,11570509,11570467,0,4189,4188
openb-pod-4190,12500,57344,0,0,,LS,Running,11570708,11570829,11570710,0,4190,4189
openb-pod-4191,12500,57344,0,0,,LS,Running,11570760,11570855,11570761,0,4191,4190
openb-pod-4192,3152,5600,1,810,,BestEffort,Failed,11570794,11571744,11570794,0,4192,4191
openb-pod-4193,11400,48128,1,1000,,LS,Running,11571073,11571176,11571106,0,4193,4192
openb-pod-4194,11908,47104,1,470,,LS,Pending,11571240,11571315,,0,4194,4193
openb-pod-4195,11400,48128,1,1000,,LS,Running,11572662,11572781,11572696,0,4195,4194
openb-pod-4196,11400,48128,1,1000,,LS,Running,11573614,11573981,11573650,0,4196,4195
openb-pod-4197,3152,5600,1,810,,BestEffort,Failed,11573840,11581669,11573840,0,4197,4196
openb-pod-4198,12000,24576,1,1000,,Burstable,Succeeded,11574122,11574178,11574122,0,4198,4197
openb-pod-4199,12000,24576,1,1000,,Burstable,Failed,11574517,11578194,11574517,0,4199,4198
openb-pod-4200,11908,47104,1,1000,,BestEffort,Running,11574750,11575506,11574752,0,4200,4199
openb-pod-4201,18708,64512,1,1000,,LS,Running,11574886,11575334,11574888,0,4201,4200
openb-pod-4202,11900,77824,1,1000,,LS,Running,11575441,11580289,11575476,0,4202,4201
openb-pod-4203,18708,64512,1,1000,,LS,Running,11575447,11575813,11575481,0,4203,4202
openb-pod-4204,9810,41560,1,1000,,LS,Running,11575531,11577121,11575566,0,4204,4203
openb-pod-4205,11900,77824,1,1000,,LS,Running,11575576,11575924,11575611,0,4205,4204
openb-pod-4206,8000,30517,1,470,,BestEffort,Running,11575661,11575899,11575834,0,4206,4205
openb-pod-4207,11400,48128,1,1000,,LS,Running,11575940,11579431,11575977,0,4207,4206
openb-pod-4208,9810,41560,1,1000,,LS,Running,11576143,11576367,11576281,0,4208,4207
openb-pod-4209,11400,48128,1,1000,,LS,Running,11576525,11582920,11576526,0,4209,4208
openb-pod-4210,8000,30517,1,470,,BestEffort,Running,11576802,11577348,11577009,0,4210,4209
openb-pod-4211,11400,48128,1,1000,,LS,Running,11576952,11581413,11576986,0,4211,4210
openb-pod-4212,8000,30517,1,470,,BestEffort,Running,11577112,11577221,11577180,0,4212,4211
openb-pod-4213,15400,51200,0,0,,LS,Running,11578283,11579717,11578316,0,4213,4212
openb-pod-4214,11400,48128,1,1000,,LS,Running,11579525,11589695,11579527,0,4214,4213
openb-pod-4215,32000,49152,0,0,,BestEffort,Running,11579641,11579791,11579648,0,4215,4214
openb-pod-4216,4000,15258,1,160,,BestEffort,Running,11579929,11582956,11579932,0,4216,4215
openb-pod-4217,32000,49152,0,0,,BestEffort,Running,11580214,11580395,11580219,0,4217,4216
openb-pod-4218,32000,49152,0,0,,BestEffort,Running,11580214,11580393,11580221,0,4218,4217
openb-pod-4219,11400,48128,1,1000,,LS,Running,11580221,11582043,11580291,0,4219,4218
openb-pod-4220,4000,15258,1,160,,BestEffort,Running,11580395,11586266,11580398,0,4220,4219
openb-pod-4221,14900,73728,1,1000,,LS,Running,11580578,11581996,11580611,0,4221,4220
openb-pod-4222,8200,33792,1,1000,,LS,Failed,11580669,11581875,11580669,0,4222,4221
openb-pod-4223,8000,30517,1,470,,BestEffort,Running,11580670,11580844,11580740,0,4223,4222
openb-pod-4224,3152,5600,1,810,,BestEffort,Failed,11580671,11581972,11580671,0,4224,4223
openb-pod-4225,3152,5600,1,590,,BestEffort,Failed,11580806,11580875,11580806,0,4225,4224
openb-pod-4226,8000,30517,0,0,,BestEffort,Running,11580823,11585823,11580823,0,4226,4225
openb-pod-4227,8000,30517,0,0,,BestEffort,Running,11580823,11585763,11580823,0,4227,4226
openb-pod-4228,12500,57344,0,0,,LS,Running,11581423,11582035,11581425,0,4228,4227
openb-pod-4229,11908,47104,1,1000,,BestEffort,Running,11581624,11582553,11581626,0,4229,4228
openb-pod-4230,4000,15258,1,160,,BestEffort,Running,11581661,11582956,11581675,0,4230,4229
openb-pod-4231,3152,5600,1,810,,BestEffort,Failed,11581671,11582613,11581673,0,4231,4230
openb-pod-4232,3152,5600,1,810,,BestEffort,Failed,11581693,11586396,11581694,0,4232,4231
openb-pod-4233,12000,24576,1,1000,,LS,Running,11581896,11582378,11582141,0,4233,4232
openb-pod-4234,11400,48128,1,1000,,LS,Running,11582356,11587531,11582359,0,4234,4233
openb-pod-4235,8000,16384,1,1000,,LS,Running,11582378,12029196,11582446,0,4235,4234
openb-pod-4236,8000,16384,1,1000,,LS,Running,11582470,11584106,11582537,0,4236,4235
openb-pod-4237,9810,41560,1,1000,,LS,Running,11582588,11585069,11582590,0,4237,4236
openb-pod-4238,3152,5600,1,810,,BestEffort,Failed,11583949,11584887,11583950,0,4238,4237
openb-pod-4239,1000,2048,1,320,,BestEffort,Running,11584444,11591112,11584444,0,4239,4238
openb-pod-4240,11908,47104,1,1000,,BestEffort,Running,11584512,11585693,11584514,0,4240,4239
openb-pod-4241,3152,5600,1,810,,BestEffort,Failed,11584945,11585690,11584945,0,4241,4240
openb-pod-4242,18708,64512,1,1000,,LS,Running,11585631,11586872,11585633,0,4242,4241
openb-pod-4243,18708,64512,1,1000,,LS,Running,11585638,11586630,11585641,0,4243,4242
openb-pod-4244,3152,5600,1,810,,BestEffort,Failed,11585676,11586615,11585677,0,4244,4243
openb-pod-4245,12500,57344,0,0,,LS,Running,11585862,11586635,11585864,0,4245,4244
openb-pod-4246,11400,48128,1,1000,,LS,Running,11586256,11587123,11586260,0,4246,4245
openb-pod-4247,11400,48128,1,1000,,LS,Running,11587146,11595314,11587179,0,4247,4246
openb-pod-4248,3152,5600,1,810,,BestEffort,Failed,11587560,11588499,11587560,0,4248,4247
openb-pod-4249,3152,5600,1,810,,BestEffort,Running,11587661,11650178,11587661,0,4249,4248
openb-pod-4250,11908,47104,1,1000,,BestEffort,Running,11587748,11588488,11587783,0,4250,4249
openb-pod-4251,3152,5600,1,810,,BestEffort,Failed,11588595,11589556,11588595,0,4251,4250
openb-pod-4252,15400,51200,0,0,,LS,Running,11588824,11595604,11588826,0,4252,4251
openb-pod-4253,11908,47104,1,1000,,BestEffort,Running,11589030,11589891,11589064,0,4253,4252
openb-pod-4254,11908,47104,1,650,,LS,Running,11591093,11594851,11591130,0,4254,4253
openb-pod-4255,12000,24576,1,1000,,Burstable,Failed,11592022,11592034,11592022,0,4255,4254
openb-pod-4256,3152,5600,1,810,,BestEffort,Failed,11592131,11593698,11592132,0,4256,4255
openb-pod-4257,3152,5600,1,810,,BestEffort,Failed,11592180,11597028,11592180,0,4257,4256
openb-pod-4258,11400,48128,1,1000,,LS,Running,11592410,11593944,11592412,0,4258,4257
openb-pod-4259,11400,48128,1,1000,,LS,Running,11592412,11592504,11592445,0,4259,4258
openb-pod-4260,4000,22888,1,320,,BestEffort,Running,11592750,11607526,11592750,0,4260,4259
openb-pod-4261,11908,47104,1,470,,LS,Running,11592825,11593682,11592966,0,4261,4260
openb-pod-4262,11400,48128,1,1000,,LS,Running,11593617,11597717,11593650,0,4262,4261
openb-pod-4263,11400,48128,1,1000,,LS,Running,11593673,11596367,11593675,0,4263,4262
openb-pod-4264,11400,48128,1,1000,,LS,Running,11593777,11597948,11593778,0,4264,4263
openb-pod-4265,11400,48128,1,1000,,LS,Running,11593927,11597972,11594031,0,4265,4264
openb-pod-4266,11400,48128,1,1000,,LS,Running,11593930,11597375,11593932,0,4266,4265
openb-pod-4267,3152,5600,1,810,,BestEffort,Failed,11593932,11594874,11593933,0,4267,4266
openb-pod-4268,3152,5600,1,810,,BestEffort,Running,11594500,11647385,11594500,0,4268,4267
openb-pod-4269,8000,30517,1,470,,BestEffort,Pending,11594760,11594936,,0,4269,4268
openb-pod-4270,16000,65536,1,1000,,LS,Running,11594915,11609571,11595330,0,4270,4269
openb-pod-4271,8200,33792,1,1000,,LS,Failed,11594942,11596218,11594942,0,4271,4270
openb-pod-4272,8000,30517,1,470,,BestEffort,Running,11595006,11595081,11595038,0,4272,4271
openb-pod-4273,3152,5600,1,810,,BestEffort,Failed,11595069,11595156,11595070,0,4273,4272
openb-pod-4274,8000,30517,1,470,,BestEffort,Pending,11595296,11596213,,0,4274,4273
openb-pod-4275,16000,32768,1,1000,,LS,Running,11596241,11597568,11596277,0,4275,4274
openb-pod-4276,11400,48128,1,1000,,LS,Running,11596379,11596511,11596412,0,4276,4275
openb-pod-4277,11400,48128,1,1000,,LS,Running,11596412,11596513,11596446,0,4277,4276
openb-pod-4278,11400,48128,1,1000,,LS,Running,11596419,11596553,11596422,0,4278,4277
openb-pod-4279,11400,48128,1,1000,,LS,Running,11596419,11596543,11596452,0,4279,4278
openb-pod-4280,15200,80896,1,1000,,LS,Failed,11597748,11602090,11597748,0,4280,4279
openb-pod-4281,11908,47104,1,650,,LS,Running,11598091,11609661,11598093,0,4281,4280
openb-pod-4282,3152,5600,1,810,,BestEffort,Running,11598223,11833459,11598223,0,4282,4281
openb-pod-4283,11908,47104,1,650,,LS,Running,11598224,11602448,11598226,0,4283,4282
openb-pod-4284,11400,48128,1,1000,,LS,Running,11599859,11599953,11599892,0,4284,4283
openb-pod-4285,3152,5600,1,810,,BestEffort,Failed,11602164,11603094,11602164,0,4285,4284
openb-pod-4286,3152,5600,1,810,,BestEffort,Failed,11603094,11604032,11603094,0,4286,4285
openb-pod-4287,32000,49152,0,0,,BestEffort,Running,11603154,11603304,11603161,0,4287,4286
openb-pod-4288,32000,49152,0,0,,BestEffort,Running,11603154,11603334,11603156,0,4288,4287
openb-pod-4289,6000,12288,1,460,,LS,Running,11604093,11605472,11604093,0,4289,4288
openb-pod-4290,8000,30517,0,0,,BestEffort,Running,11604650,11606525,11604650,0,4290,4289
openb-pod-4291,3152,5600,1,810,,BestEffort,Running,11604914,11647490,11604914,0,4291,4290
openb-pod-4292,3152,5600,1,810,,BestEffort,Failed,11605411,11606367,11605412,0,4292,4291
openb-pod-4293,3152,5600,1,810,,BestEffort,Failed,11606470,11607416,11606471,0,4293,4292
openb-pod-4294,8000,30517,1,470,,BestEffort,Pending,11608502,11608616,,0,4294,4293
openb-pod-4295,3152,5600,1,810,,BestEffort,Failed,11609716,11611030,11609716,0,4295,4294
openb-pod-4296,11908,47104,1,470,,LS,Pending,11609930,11610033,,0,4296,4295
openb-pod-4297,4000,22888,1,480,,BestEffort,Running,11615334,11615828,11615334,0,4297,4296
openb-pod-4298,4000,15258,1,220,,BestEffort,Running,11615382,11618630,11615382,0,4298,4297
openb-pod-4299,4000,15258,1,160,,BestEffort,Running,11615651,11618841,11615652,0,4299,4298
openb-pod-4300,3152,5600,1,810,,BestEffort,Failed,11616999,11617017,11616999,0,4300,4299
openb-pod-4301,16000,32768,1,1000,,LS,Running,11618075,11619292,11618395,0,4301,4300
openb-pod-4302,11908,47104,1,470,,LS,Pending,11618617,11618799,,0,4302,4301
openb-pod-4303,12000,24576,1,1000,,LS,Running,11619637,11624164,11619637,0,4303,4302
openb-pod-4304,11908,47104,1,470,,LS,Running,11619864,11621131,11619865,0,4304,4303
openb-pod-4305,11908,47104,1,470,,LS,Running,11619866,11621051,11619869,0,4305,4304
openb-pod-4306,8000,30517,1,470,,BestEffort,Running,11619905,11620072,11620041,0,4306,4305
openb-pod-4307,11908,47104,1,470,,LS,Running,11621825,11623622,11621826,0,4307,4306
openb-pod-4308,8000,30517,1,470,,BestEffort,Pending,11621903,11622353,,0,4308,4307
openb-pod-4309,11908,47104,1,470,,LS,Running,11621915,11623435,11621987,0,4309,4308
openb-pod-4310,3152,5600,1,810,,BestEffort,Failed,11622264,11623397,11622264,0,4310,4309
openb-pod-4311,8000,30517,1,470,,BestEffort,Running,11622270,11622612,11622371,0,4311,4310
openb-pod-4312,4000,22888,1,320,,BestEffort,Running,11622335,11645872,11622335,0,4312,4311
openb-pod-4313,11908,47104,1,470,,LS,Running,11622610,11623456,11622611,0,4313,4312
openb-pod-4314,12000,24576,1,1000,,LS,Running,11623956,11634878,11623956,0,4314,4313
openb-pod-4315,12000,24576,1,1000,,LS,Running,11623956,11634816,11624096,0,4315,4314
openb-pod-4316,11908,47104,1,470,,LS,Running,11624136,11624281,11624242,0,4316,4315
openb-pod-4317,11908,47104,1,470,,LS,Pending,11624181,11624312,,0,4317,4316
openb-pod-4318,32000,49152,0,0,,BestEffort,Running,11626480,11626629,11626488,0,4318,4317
openb-pod-4319,32000,49152,0,0,,BestEffort,Running,11626480,11626630,11626487,0,4319,4318
openb-pod-4320,32000,49152,0,0,,BestEffort,Running,11626480,11626628,11626488,0,4320,4319
openb-pod-4321,32000,49152,0,0,,BestEffort,Running,11627052,11627202,11627053,0,4321,4320
openb-pod-4322,15200,80896,1,1000,,LS,Failed,11627432,11631495,11627432,0,4322,4321
openb-pod-4323,11908,47104,1,470,,LS,Running,11628763,11635169,11628797,0,4323,4322
openb-pod-4324,4000,15258,1,110,,BestEffort,Running,11629799,11632397,11629799,0,4324,4323
openb-pod-4325,16000,31250,0,0,,LS,Running,11630226,11630500,11630227,0,4325,4324
openb-pod-4326,8000,30517,0,0,,BestEffort,Running,11633643,11651404,11633643,0,4326,4325
openb-pod-4327,8000,30517,0,0,,BestEffort,Running,11633650,11651405,11633651,0,4327,4326
openb-pod-4328,8000,30517,0,0,,BestEffort,Running,11633655,11651408,11633655,0,4328,4327
openb-pod-4329,8000,16384,1,1000,,LS,Running,11633684,11658763,11633755,0,4329,4328
openb-pod-4330,8000,30517,1,470,,BestEffort,Running,11637007,11639132,11638858,0,4330,4329
openb-pod-4331,15200,80896,1,1000,,LS,Failed,11638478,11642637,11638478,0,4331,4330
openb-pod-4332,16000,32768,1,1000,,LS,Succeeded,11639585,11643204,11639585,0,4332,4331
openb-pod-4333,4000,24576,1,1000,,LS,Succeeded,11640415,11641504,11640415,0,4333,4332
openb-pod-4334,3152,5600,1,810,,BestEffort,Failed,11641318,11642375,11641318,0,4334,4333
openb-pod-4335,4000,15258,1,320,,BestEffort,Running,11643009,11651803,11643009,0,4335,4334
openb-pod-4336,24200,93184,1,1000,,LS,Failed,11643864,11647923,11643900,0,4336,4335
openb-pod-4337,8000,30517,1,470,,BestEffort,Pending,11643874,11643946,,0,4337,4336
openb-pod-4338,6000,12288,1,460,,LS,Running,11644233,11645462,11644233,0,4338,4337
openb-pod-4339,8000,30517,1,470,,BestEffort,Running,11644575,11645006,11644954,0,4339,4338
openb-pod-4340,8000,30517,1,470,,BestEffort,Running,11644576,11645064,11644954,0,4340,4339
openb-pod-4341,3152,5600,1,810,,BestEffort,Failed,11645084,11645100,11645084,0,4341,4340
openb-pod-4342,4000,24576,1,1000,,LS,Succeeded,11645444,11649811,11645444,0,4342,4341
openb-pod-4343,8000,30517,1,470,,BestEffort,Running,11646188,11646742,11646709,0,4343,4342
openb-pod-4344,8000,30517,1,470,,BestEffort,Pending,11646552,11647703,,0,4344,4343
openb-pod-4345,11908,47104,1,650,,LS,Running,11646785,11648165,11646788,0,4345,4344
openb-pod-4346,11908,47104,1,650,,LS,Pending,11646992,11647128,,0,4346,4345
openb-pod-4347,24200,93184,1,1000,,LS,Failed,11647120,11649267,11647152,0,4347,4346
openb-pod-4348,3152,5600,1,810,,BestEffort,Pending,11647476,11647481,,0,4348,4347
openb-pod-4349,11400,48128,1,1000,,LS,Running,11647721,11652193,11648282,0,4349,4348
openb-pod-4350,3152,5600,1,810,,BestEffort,Failed,11648117,11667075,11648117,0,4350,4349
openb-pod-4351,3152,5600,1,810,,BestEffort,Running,11648124,11835244,11648124,0,4351,4350
openb-pod-4352,11400,48128,1,1000,,LS,Running,11648657,11652273,11648727,0,4352,4351
openb-pod-4353,3152,5600,1,810,,BestEffort,Failed,11649200,11649697,11649200,0,4353,4352
openb-pod-4354,11400,48128,1,1000,,LS,Running,11649591,11652298,11649593,0,4354,4353
openb-pod-4355,11908,47104,1,470,,LS,Pending,11649901,11649989,,0,4355,4354
openb-pod-4356,3152,5600,1,810,,BestEffort,Failed,11649914,11651894,11649914,0,4356,4355
openb-pod-4357,32000,49152,0,0,,BestEffort,Running,11650070,11650219,11650077,0,4357,4356
openb-pod-4358,32000,49152,0,0,,BestEffort,Running,11650644,11650823,11650646,0,4358,4357
openb-pod-4359,9810,41560,1,1000,,LS,Running,11651622,11654087,11651868,0,4359,4358
openb-pod-4360,9810,41560,1,1000,,LS,Running,11652142,11654011,11652143,0,4360,4359
openb-pod-4361,9810,41560,1,1000,,LS,Running,11652263,11654128,11652298,0,4361,4360
openb-pod-4362,9810,41560,1,1000,,LS,Running,11652296,11653993,11652298,0,4362,4361
openb-pod-4363,8000,30517,1,470,,BestEffort,Running,11652406,11652620,11652580,0,4363,4362
openb-pod-4364,1000,6144,1,1000,,LS,Running,11652877,11653838,11652879,0,4364,4363
openb-pod-4365,18708,64512,1,1000,,LS,Running,11656270,11656937,11656303,0,4365,4364
openb-pod-4366,18708,64512,1,1000,,LS,Running,11656304,11656937,11656308,0,4366,4365
openb-pod-4367,12500,57344,0,0,,LS,Running,11656861,11657564,11656864,0,4367,4366
openb-pod-4368,11908,47104,1,650,,LS,Running,11656971,11658510,11657003,0,4368,4367
openb-pod-4369,11908,47104,1,650,,LS,Running,11657068,11658484,11657103,0,4369,4368
openb-pod-4370,18708,64512,1,1000,,LS,Running,11657304,11657899,11657305,0,4370,4369
openb-pod-4371,12500,57344,0,0,,LS,Running,11657440,11657760,11657474,0,4371,4370
openb-pod-4372,11908,47104,1,650,,LS,Running,11659646,11660169,11659681,0,4372,4371
openb-pod-4373,8000,30517,1,470,,BestEffort,Running,11659649,11660312,11659786,0,4373,4372
openb-pod-4374,11908,47104,1,470,,LS,Running,11659677,11659729,11659681,0,4374,4373
openb-pod-4375,11908,47104,1,650,,LS,Running,11659684,11659786,11659720,0,4375,4374
openb-pod-4376,11908,47104,1,650,,LS,Running,11659720,11659805,11659755,0,4376,4375
openb-pod-4377,12500,57344,0,0,,LS,Running,11661253,11661945,11661289,0,4377,4376
openb-pod-4378,18708,64512,1,1000,,LS,Running,11661437,11661500,11661440,0,4378,4377
openb-pod-4379,11908,47104,1,650,,LS,Running,11661974,11662052,11662009,0,4379,4378
openb-pod-4380,8000,16384,1,1000,,LS,Running,11662122,11677970,11662609,0,4380,4379
openb-pod-4381,11908,47104,1,650,,LS,Running,11663258,11664389,11663259,0,4381,4380
openb-pod-4382,11908,47104,1,650,,LS,Running,11663260,11664418,11663261,0,4382,4381
openb-pod-4383,3152,5600,1,810,,BestEffort,Failed,11664670,11665603,11664670,0,4383,4382
openb-pod-4384,11400,48128,1,1000,,LS,Running,11664703,11684704,11664704,0,4384,4383
openb-pod-4385,11400,48128,1,1000,,LS,Running,11664703,11684704,11664704,0,4385,4384
openb-pod-4386,3152,5600,1,810,,BestEffort,Failed,11666053,11667247,11666053,0,4386,4385
openb-pod-4387,12500,57344,0,0,,LS,Running,11669866,11670209,11669868,0,4387,4386
openb-pod-4388,18708,64512,1,1000,,LS,Running,11669871,11669958,11669906,0,4388,4387
openb-pod-4389,15700,58368,1,1000,,LS,Running,11670024,11672354,11670026,0,4389,4388
openb-pod-4390,3152,5600,1,590,,BestEffort,Failed,11670962,11670986,11670962,0,4390,4389
openb-pod-4391,8000,30517,1,470,,BestEffort,Pending,11672554,11672590,,0,4391,4390
openb-pod-4392,32000,49152,0,0,,BestEffort,Running,11672821,11672970,11672827,0,4392,4391
openb-pod-4393,32000,49152,0,0,,BestEffort,Running,11672821,11672969,11672823,0,4393,4392
openb-pod-4394,3152,5600,1,810,,BestEffort,Failed,11672824,11673822,11672824,0,4394,4393
openb-pod-4395,8000,30517,1,470,,BestEffort,Running,11673296,11687476,11677788,0,4395,4394
openb-pod-4396,32000,49152,0,0,,BestEffort,Running,11673395,11673542,11673401,0,4396,4395
openb-pod-4397,32000,49152,0,0,,BestEffort,Running,11673395,11673542,11673398,0,4397,4396
openb-pod-4398,32000,49152,0,0,,BestEffort,Running,11673395,11673572,11673401,0,4398,4397
openb-pod-4399,11908,47104,1,650,,LS,Running,11673485,11674887,11673522,0,4399,4398
openb-pod-4400,3152,5600,1,810,,BestEffort,Failed,11673571,11674497,11673571,0,4400,4399
openb-pod-4401,8000,30517,1,470,,BestEffort,Running,11673710,11678942,11675558,0,4401,4400
openb-pod-4402,6000,12288,1,460,,LS,Running,11675132,11675673,11675133,0,4402,4401
openb-pod-4403,15200,80896,1,1000,,LS,Failed,11676437,11680522,11676437,0,4403,4402
openb-pod-4404,8000,30517,1,470,,BestEffort,Running,11678611,11687412,11679059,0,4404,4403
openb-pod-4405,11900,77824,1,1000,,LS,Running,11681565,11683112,11681597,0,4405,4404
openb-pod-4406,64200,263168,8,1000,,LS,Running,11683345,11893332,11683345,0,4406,4405
openb-pod-4407,11400,48128,1,1000,,LS,Running,11685808,11688464,11685811,0,4407,4406
openb-pod-4408,11400,48128,1,1000,,LS,Running,11685832,11688420,11685833,0,4408,4407
openb-pod-4409,11908,47104,1,470,,LS,Running,11687489,11711429,11687698,0,4409,4408
openb-pod-4410,8000,30517,1,470,,BestEffort,Running,11687764,11688055,11687865,0,4410,4409
openb-pod-4411,8000,30517,1,470,,BestEffort,Pending,11687882,11688250,,0,4411,4410
openb-pod-4412,15200,80896,1,1000,,LS,Failed,11687901,11691852,11687901,0,4412,4411
openb-pod-4413,4000,15258,1,160,,BestEffort,Running,11689320,11711041,11689325,0,4413,4412
openb-pod-4414,8000,30517,0,0,,BestEffort,Running,11691232,11693503,11691232,0,4414,4413
openb-pod-4415,8000,30517,0,0,,BestEffort,Running,11691232,11693502,11691232,0,4415,4414
openb-pod-4416,8000,30517,1,470,,BestEffort,Pending,11691613,11691796,,0,4416,4415
openb-pod-4417,8000,30517,1,320,,BestEffort,Running,11694500,11699428,11694500,0,4417,4416
openb-pod-4418,8000,30517,1,320,,BestEffort,Running,11694500,11699487,11694500,0,4418,4417
openb-pod-4419,4000,8192,1,1000,,LS,Running,11695714,11699854,11696654,0,4419,4418
openb-pod-4420,32000,49152,0,0,,BestEffort,Running,11696143,11696292,11696146,0,4420,4419
openb-pod-4421,32000,49152,0,0,,BestEffort,Running,11696716,11696898,11696724,0,4421,4420
openb-pod-4422,32000,49152,0,0,,BestEffort,Running,11696716,11696868,11696719,0,4422,4421
openb-pod-4423,32000,49152,0,0,,BestEffort,Running,11696717,11696898,11696720,0,4423,4422
openb-pod-4424,6000,22888,1,160,,BestEffort,Running,11698640,11719063,11698641,0,4424,4423
openb-pod-4425,4000,24576,1,1000,,LS,Succeeded,11701714,11702138,11701714,0,4425,4424
openb-pod-4426,4000,15258,1,220,,BestEffort,Running,11701962,11715740,11701962,0,4426,4425
openb-pod-4427,8000,30517,1,220,,BestEffort,Running,11703732,11715409,11703732,0,4427,4426
openb-pod-4428,4000,30517,1,320,,BestEffort,Running,11704131,11710374,11704133,0,4428,4427
openb-pod-4429,12000,24576,1,1000,,LS,Running,11704776,11723913,11704950,0,4429,4428
openb-pod-4430,4000,22888,1,320,,BestEffort,Running,11704879,11709796,11704880,0,4430,4429
openb-pod-4431,32000,62500,0,0,,LS,Running,11706745,11708242,11706746,0,4431,4430
openb-pod-4432,3152,5600,1,810,,BestEffort,Failed,11707872,11708994,11707872,0,4432,4431
openb-pod-4433,4000,22888,1,220,,BestEffort,Running,11708942,11729769,11708942,0,4433,4432
openb-pod-4434,4000,22888,1,320,,BestEffort,Running,11709034,11718269,11709034,0,4434,4433
openb-pod-4435,4000,22888,1,320,,BestEffort,Running,11709182,11735084,11709183,0,4435,4434
openb-pod-4436,4000,22888,1,320,,BestEffort,Running,11709882,11711009,11709883,0,4436,4435
openb-pod-4437,6000,65536,2,1000,,LS,Running,11711802,11739206,11711838,0,4437,4436
openb-pod-4438,15200,80896,1,1000,,LS,Failed,11712428,11713439,11712428,0,4438,4437
openb-pod-4439,15200,80896,1,1000,,LS,Failed,11717831,11718888,11717831,0,4439,4438
openb-pod-4440,12000,16384,1,1000,,LS,Running,11719416,11727337,11719416,0,4440,4439
openb-pod-4441,8000,30517,0,0,,BestEffort,Running,11720025,11737449,11720025,0,4441,4440
openb-pod-4442,8000,30517,0,0,,BestEffort,Running,11720026,11737386,11720026,0,4442,4441
openb-pod-4443,8000,30517,0,0,,BestEffort,Running,11720034,11737445,11720034,0,4443,4442
openb-pod-4444,32000,49152,0,0,,BestEffort,Running,11720302,11720603,11720305,0,4444,4443
openb-pod-4445,8000,15625,0,0,,LS,Running,11721219,11721378,11721221,0,4445,4444
openb-pod-4446,6000,12288,1,460,,LS,Running,11722832,11723613,11722833,0,4446,4445
openb-pod-4447,8200,33792,1,1000,,LS,Failed,11724207,11725419,11724207,0,4447,4446
openb-pod-4448,32200,132096,4,1000,,LS,Failed,11725016,11727377,11725016,0,4448,4447
openb-pod-4449,11400,48128,1,1000,,LS,Running,11725414,11725959,11725415,0,4449,4448
openb-pod-4450,11400,48128,1,1000,,LS,Running,11725415,11726760,11725416,0,4450,4449
openb-pod-4451,11400,48128,1,1000,,LS,Running,11725452,11726357,11725484,0,4451,4450
openb-pod-4452,11400,48128,1,1000,,LS,Running,11725531,11726424,11725564,0,4452,4451
openb-pod-4453,11400,48128,1,1000,,LS,Running,11725570,11726139,11725571,0,4453,4452
openb-pod-4454,11400,48128,1,1000,,LS,Running,11725984,11726109,11726019,0,4454,4453
openb-pod-4455,11400,48128,1,1000,,LS,Running,11725984,11726109,11726019,0,4455,4454
openb-pod-4456,8000,32768,1,1000,,LS,Running,11726148,12122084,11726149,0,4456,4455
openb-pod-4457,11400,48128,1,1000,,LS,Running,11726418,11726493,11726420,0,4457,4456
openb-pod-4458,64000,262144,8,1000,,LS,Succeeded,11726585,11728906,11726585,0,4458,4457
openb-pod-4459,4000,15258,1,320,,BestEffort,Running,11729572,11735309,11729572,0,4459,4458
openb-pod-4460,4000,15258,1,320,,BestEffort,Running,11729575,11735249,11729576,0,4460,4459
openb-pod-4461,6000,18432,1,460,,LS,Running,11730157,11732376,11730157,0,4461,4460
openb-pod-4462,4000,22888,1,160,,BestEffort,Pending,11730520,11730939,,0,4462,4461
openb-pod-4463,8200,33792,1,1000,,LS,Failed,11731913,11734305,11731913,0,4463,4462
openb-pod-4464,6000,6144,1,460,,LS,Running,11735193,11736093,11735504,0,4464,4463
openb-pod-4465,11400,48128,1,1000,,LS,Running,11735265,11736854,11735268,0,4465,4464
openb-pod-4466,11400,48128,1,1000,,LS,Running,11735337,11736908,11735341,0,4466,4465
openb-pod-4467,11400,48128,1,1000,,LS,Running,11735395,11735687,11735431,0,4467,4466
openb-pod-4468,16000,32768,1,1000,,LS,Succeeded,11740986,11744613,11740987,0,4468,4467
openb-pod-4469,6000,6144,1,460,,LS,Running,11741433,11741973,11741433,0,4469,4468
openb-pod-4470,16000,32768,1,1000,,LS,Running,11741502,11749366,11741606,0,4470,4469
openb-pod-4471,9810,41560,1,1000,,LS,Running,11741762,11741870,11741799,0,4471,4470
openb-pod-4472,11400,48128,1,1000,,LS,Running,11743150,11743421,11743157,0,4472,4471
openb-pod-4473,11400,48128,1,1000,,LS,Running,11743185,11744635,11743188,0,4473,4472
openb-pod-4474,11400,48128,1,1000,,LS,Running,11743185,11743751,11743189,0,4474,4473
openb-pod-4475,32000,49152,0,0,,BestEffort,Running,11743204,11743353,11743206,0,4475,4474
openb-pod-4476,11400,48128,1,1000,,LS,Running,11743225,11744329,11743229,0,4476,4475
openb-pod-4477,11400,48128,1,1000,,LS,Running,11743553,11744635,11743554,0,4477,4476
openb-pod-4478,32000,49152,0,0,,BestEffort,Running,11743779,11743961,11743782,0,4478,4477
openb-pod-4479,32000,49152,0,0,,BestEffort,Running,11743779,11743961,11743781,0,4479,4478
openb-pod-4480,11400,48128,1,1000,,LS,Running,11744696,11746301,11744736,0,4480,4479
openb-pod-4481,11400,48128,1,1000,,LS,Running,11744697,11746300,11744699,0,4481,4480
openb-pod-4482,11400,48128,1,1000,,LS,Running,11744736,11746270,11744738,0,4482,4481
openb-pod-4483,11400,48128,1,1000,,LS,Running,11745793,11746376,11745796,0,4483,4482
openb-pod-4484,11400,48128,1,1000,,LS,Running,11745793,11746252,11745796,0,4484,4483
openb-pod-4485,8000,30517,0,0,,BestEffort,Running,11748594,11750592,11748595,0,4485,4484
openb-pod-4486,11400,48128,1,1000,,LS,Running,11753681,11755148,11753682,0,4486,4485
openb-pod-4487,11400,48128,1,1000,,LS,Running,11753761,11755118,11753765,0,4487,4486
openb-pod-4488,11400,48128,1,1000,,LS,Running,11754553,11755082,11754555,0,4488,4487
openb-pod-4489,6000,23552,1,460,,LS,Running,11755356,11758056,11755356,0,4489,4488
openb-pod-4490,11400,48128,1,1000,,LS,Running,11756531,11758046,11756533,0,4490,4489
openb-pod-4491,11400,48128,1,1000,,LS,Running,11756567,11757180,11756569,0,4491,4490
openb-pod-4492,11400,48128,1,1000,,LS,Running,11756568,11758082,11756571,0,4492,4491
openb-pod-4493,11400,48128,1,1000,,LS,Running,11756569,11757980,11756574,0,4493,4492
openb-pod-4494,11400,48128,1,1000,,LS,Running,11756569,11757943,11756573,0,4494,4493
openb-pod-4495,11400,48128,1,1000,,LS,Running,11756570,11757980,11756574,0,4495,4494
openb-pod-4496,11400,48128,1,1000,,LS,Running,11756604,11758016,11756606,0,4496,4495
openb-pod-4497,11400,48128,1,1000,,LS,Running,11756685,11757427,11756687,0,4497,4496
openb-pod-4498,12000,24576,1,1000,,LS,Running,11756733,11757273,11756768,0,4498,4497
openb-pod-4499,11400,48128,1,1000,,LS,Running,11761026,11761693,11761061,0,4499,4498
openb-pod-4500,8000,16384,1,1000,,LS,Running,11765800,11774032,11765803,0,4500,4499
openb-pod-4501,32000,49152,0,0,,BestEffort,Running,11767107,11767253,11767112,0,4501,4500
openb-pod-4502,32000,49152,0,0,,BestEffort,Running,11767677,11767825,11767680,0,4502,4501
openb-pod-4503,11400,48128,1,1000,,LS,Running,11771649,11772343,11771682,0,4503,4502
openb-pod-4504,6000,16384,1,460,,LS,Running,11777194,11850575,11777195,0,4504,4503
openb-pod-4505,8000,30517,0,0,,BestEffort,Running,11777614,11779521,11777614,0,4505,4504
openb-pod-4506,8000,15625,0,0,,LS,Running,11777808,11777972,11777811,0,4506,4505
openb-pod-4507,8000,30517,1,320,,BestEffort,Running,11781025,11786517,11781025,0,4507,4506
openb-pod-4508,12000,16384,1,1000,,LS,Running,11781153,11782354,11781222,0,4508,4507
openb-pod-4509,15200,80896,1,1000,,LS,Failed,11781741,11785860,11781742,0,4509,4508
openb-pod-4510,15200,80896,1,1000,,LS,Failed,11784348,11788181,11784348,0,4510,4509
openb-pod-4511,6000,22888,1,160,,BestEffort,Running,11785026,11802472,11785027,0,4511,4510
openb-pod-4512,8000,30517,1,220,,BestEffort,Running,11786358,11800551,11786359,0,4512,4511
openb-pod-4513,32000,49152,0,0,,BestEffort,Running,11789851,11790000,11789857,0,4513,4512
openb-pod-4514,32000,49152,0,0,,BestEffort,Running,11789852,11790000,11789855,0,4514,4513
openb-pod-4515,4000,15258,1,470,,BestEffort,Running,11790379,11791077,11790379,0,4515,4514
openb-pod-4516,32000,49152,0,0,,BestEffort,Running,11790434,11790614,11790437,0,4516,4515
openb-pod-4517,8000,8192,1,1000,,LS,Succeeded,11798952,11802632,11798952,0,4517,4516
openb-pod-4518,12000,24576,1,1000,,LS,Running,11799216,11813976,11802570,0,4518,4517
openb-pod-4519,12000,16384,1,1000,,LS,Running,11806295,11808333,11807061,0,4519,4518
openb-pod-4520,8000,30517,0,0,,BestEffort,Running,11806438,11827363,11806438,0,4520,4519
openb-pod-4521,8000,30517,0,0,,BestEffort,Running,11806440,11827421,11806441,0,4521,4520
openb-pod-4522,4000,22888,1,480,,BestEffort,Running,11809453,11815713,11809453,0,4522,4521
openb-pod-4523,8000,32768,1,1000,,LS,Running,11809917,11832752,11809919,0,4523,4522
openb-pod-4524,11400,48128,1,1000,,LS,Running,11810345,11811083,11810379,0,4524,4523
openb-pod-4525,7000,30000,1,1000,,Burstable,Running,11810942,12126320,11810942,0,4525,4524
openb-pod-4526,11400,48128,1,1000,,LS,Running,11811468,11811656,11811507,0,4526,4525
openb-pod-4527,8000,30517,0,0,,BestEffort,Running,11811762,11827364,11811762,0,4527,4526
openb-pod-4528,11908,47104,1,470,,LS,Pending,11811767,11812062,,0,4528,4527
openb-pod-4529,11908,47104,1,470,,LS,Pending,11811770,11812042,,0,4529,4528
openb-pod-4530,12000,15360,1,1000,,LS,Running,11811816,11916396,11820629,0,4530,4529
openb-pod-4531,8000,16384,1,1000,,LS,Running,11812511,12591397,11812512,0,4531,4530
openb-pod-4532,11400,48128,1,1000,,LS,Running,11813094,11813217,11813130,0,4532,4531
openb-pod-4533,32000,49152,0,0,,BestEffort,Running,11813182,11813333,11813185,0,4533,4532
openb-pod-4534,8000,30517,1,110,,BestEffort,Running,11813382,11814445,11813382,0,4534,4533
openb-pod-4535,18708,64512,1,1000,,LS,Pending,11813959,11814068,,0,4535,4534
openb-pod-4536,8000,30517,1,470,,BestEffort,Running,11814212,11814774,11814696,0,4536,4535
openb-pod-4537,11400,48128,1,1000,,LS,Running,11814247,11814509,11814249,0,4537,4536
openb-pod-4538,32000,49152,0,0,,BestEffort,Running,11814331,11814509,11814335,0,4538,4537
openb-pod-4539,12000,24576,1,1000,,LS,Running,11814336,11824511,11815173,0,4539,4538
openb-pod-4540,4000,22888,1,220,,BestEffort,Running,11814525,11814602,11814525,0,4540,4539
openb-pod-4541,4000,22888,1,220,,BestEffort,Running,11814525,11814663,11814525,0,4541,4540
openb-pod-4542,4000,22888,1,320,,BestEffort,Running,11814528,11814662,11814529,0,4542,4541
openb-pod-4543,11400,48128,1,1000,,LS,Running,11814531,11816047,11814533,0,4543,4542
openb-pod-4544,11400,48128,1,1000,,LS,Running,11814569,11816083,11814605,0,4544,4543
openb-pod-4545,11400,48128,1,1000,,LS,Running,11814597,11816205,11814630,0,4545,4544
openb-pod-4546,3152,5600,1,810,,BestEffort,Failed,11814683,11834031,11814684,0,4546,4545
openb-pod-4547,8000,16384,1,1000,,LS,Running,11815057,11848175,11815193,0,4547,4546
openb-pod-4548,11400,48128,1,1000,,LS,Running,11815160,11815848,11815161,0,4548,4547
openb-pod-4549,12500,57344,0,0,,LS,Running,11815527,11815627,11815559,0,4549,4548
openb-pod-4550,18708,64512,1,1000,,LS,Pending,11815751,11815820,,0,4550,4549
openb-pod-4551,16000,65536,1,1000,,LS,Running,11815888,11820627,11815889,0,4551,4550
openb-pod-4552,8000,30517,1,470,,BestEffort,Pending,11816046,11816370,,0,4552,4551
openb-pod-4553,11908,47104,1,470,,LS,Pending,11816308,11816464,,0,4553,4552
openb-pod-4554,12500,57344,0,0,,LS,Pending,11816546,11816601,,0,4554,4553
openb-pod-4555,11400,48128,1,1000,,LS,Running,11817488,11817684,11817524,0,4555,4554
openb-pod-4556,11400,48128,1,1000,,LS,Running,11817489,11817702,11817525,0,4556,4555
openb-pod-4557,11400,48128,1,1000,,LS,Running,11817493,11817677,11817525,0,4557,4556
openb-pod-4558,16000,65536,1,1000,,LS,Running,11817517,11824836,11817519,0,4558,4557
openb-pod-4559,3152,5600,1,810,,BestEffort,Failed,11817565,11817763,11817566,0,4559,4558
openb-pod-4560,12500,57344,0,0,,LS,Running,11817629,11818074,11817630,0,4560,4559
openb-pod-4561,11400,48128,1,1000,,LS,Running,11817630,11818031,11817632,0,4561,4560
openb-pod-4562,11400,48128,1,1000,,LS,Running,11817632,11818701,11817636,0,4562,4561
openb-pod-4563,12500,57344,0,0,,LS,Running,11817664,11817937,11817666,0,4563,4562
openb-pod-4564,12500,57344,0,0,,LS,Running,11817664,11817937,11817666,0,4564,4563
openb-pod-4565,11400,48128,1,1000,,LS,Running,11817727,11817831,11817728,0,4565,4564
openb-pod-4566,11400,48128,1,1000,,LS,Running,11817729,11818357,11817765,0,4566,4565
openb-pod-4567,11400,48128,1,1000,,LS,Running,11817789,11818661,11817825,0,4567,4566
openb-pod-4568,11400,48128,1,1000,,LS,Running,11817790,11818804,11817825,0,4568,4567
openb-pod-4569,11400,48128,1,1000,,LS,Running,11817854,11818537,11817856,0,4569,4568
openb-pod-4570,4000,15258,1,320,,BestEffort,Running,11818453,11823359,11818454,0,4570,4569
openb-pod-4571,3152,5600,1,810,,BestEffort,Failed,11818455,11819391,11818455,0,4571,4570
openb-pod-4572,11400,48128,1,1000,,LS,Running,11818642,11818753,11818675,0,4572,4571
openb-pod-4573,11400,48128,1,1000,,LS,Running,11818644,11818727,11818645,0,4573,4572
openb-pod-4574,11400,48128,1,1000,,LS,Running,11818675,11818753,11818677,0,4574,4573
openb-pod-4575,3152,5600,1,810,,BestEffort,Failed,11819385,11820318,11819386,0,4575,4574
openb-pod-4576,1000,6144,1,1000,,LS,Running,11819948,11829358,11820645,0,4576,4575
openb-pod-4577,12500,57344,0,0,,LS,Running,11819979,11820551,11819982,0,4577,4576
openb-pod-4578,11908,47104,1,650,,LS,Running,11820079,11826951,11820116,0,4578,4577
openb-pod-4579,12000,24576,1,1000,,LS,Running,11820096,11843917,11820690,0,4579,4578
openb-pod-4580,11908,47104,1,650,,LS,Running,11820181,11827057,11820182,0,4580,4579
openb-pod-4581,11400,48128,1,1000,,LS,Running,11820238,11820351,11820271,0,4581,4580
openb-pod-4582,11400,48128,1,1000,,LS,Running,11820286,11820392,11820288,0,4582,4581
openb-pod-4583,3152,5600,1,810,,BestEffort,Failed,11820326,11821253,11820326,0,4583,4582
openb-pod-4584,11908,47104,1,650,,LS,Running,11820327,11821687,11820360,0,4584,4583
openb-pod-4585,11908,47104,1,650,,LS,Running,11820382,11821686,11820384,0,4585,4584
openb-pod-4586,3152,5600,1,810,,BestEffort,Failed,11820433,11835525,11820433,0,4586,4585
openb-pod-4587,11908,47104,1,650,,LS,Pending,11820645,11820679,,0,4587,4586
openb-pod-4588,8000,16384,1,1000,,LS,Running,11820743,11844224,11821651,0,4588,4587
openb-pod-4589,12500,57344,0,0,,LS,Running,11821371,11821952,11821374,0,4589,4588
openb-pod-4590,18708,64512,1,1000,,LS,Running,11821457,11822133,11821491,0,4590,4589
openb-pod-4591,18708,64512,1,1000,,LS,Running,11821544,11822108,11821545,0,4591,4590
openb-pod-4592,3152,5600,1,810,,BestEffort,Failed,11821598,11822540,11821598,0,4592,4591
openb-pod-4593,11400,48128,1,1000,,LS,Running,11822436,11822663,11822438,0,4593,4592
openb-pod-4594,11908,47104,1,650,,LS,Running,11822682,11822780,11822717,0,4594,4593
openb-pod-4595,15900,90112,1,1000,,LS,Running,11823513,11827245,11823546,0,4595,4594
openb-pod-4596,12000,24576,1,1000,,Burstable,Succeeded,11823937,11827594,11823937,0,4596,4595
openb-pod-4597,12000,24576,1,1000,,LS,Pending,11826575,11827414,,0,4597,4596
openb-pod-4598,8000,16384,1,1000,,LS,Running,11826753,11827971,11826786,0,4598,4597
openb-pod-4599,8000,15625,1,1000,,LS,Running,11826864,11827273,11826866,0,4599,4598
openb-pod-4600,11400,48128,1,1000,,LS,Running,11826872,11826995,11826907,0,4600,4599
openb-pod-4601,9400,52224,1,1000,,LS,Running,11826901,11828067,11826905,0,4601,4600
openb-pod-4602,3152,5600,1,810,,BestEffort,Failed,11826974,11833460,11826974,0,4602,4601
openb-pod-4603,15200,80896,1,1000,,LS,Failed,11827690,11832076,11827690,0,4603,4602
openb-pod-4604,3152,5600,1,810,,BestEffort,Failed,11828474,11829409,11828474,0,4604,4603
openb-pod-4605,11400,48128,1,1000,,LS,Running,11828590,11829524,11828628,0,4605,4604
openb-pod-4606,11400,48128,1,1000,,LS,Running,11828682,11829498,11828717,0,4606,4605
openb-pod-4607,11400,48128,1,1000,,LS,Running,11828684,11829498,11828686,0,4607,4606
openb-pod-4608,8000,30517,1,470,,BestEffort,Running,11828803,11828979,11828938,0,4608,4607
openb-pod-4609,3152,5600,1,810,,BestEffort,Failed,11828869,11829798,11828870,0,4609,4608
openb-pod-4610,15700,58368,1,1000,,LS,Running,11828906,11829014,11828942,0,4610,4609
openb-pod-4611,3152,5600,1,810,,BestEffort,Failed,11829087,11830015,11829087,0,4611,4610
openb-pod-4612,11908,47104,1,470,,LS,Running,11829145,11829202,11829177,0,4612,4611
openb-pod-4613,3152,5600,1,810,,BestEffort,Failed,11829849,11830778,11829849,0,4613,4612
openb-pod-4614,8000,30517,1,470,,BestEffort,Running,11829866,11830470,11829866,0,4614,4613
openb-pod-4615,8000,32768,1,1000,,LS,Running,11830306,11846349,11830448,0,4615,4614
openb-pod-4616,12500,57344,0,0,,LS,Running,11830519,11830935,11830521,0,4616,4615
openb-pod-4617,9400,52224,1,1000,,LS,Running,11830763,11830934,11830765,0,4617,4616
openb-pod-4618,9400,52224,1,1000,,LS,Running,11830867,11830933,11830902,0,4618,4617
openb-pod-4619,9400,52224,1,1000,,LS,Running,11831607,11831796,11831609,0,4619,4618
openb-pod-4620,9400,52224,1,1000,,LS,Running,11831649,11831817,11831682,0,4620,4619
openb-pod-4621,9400,52224,1,1000,,LS,Running,11832538,11832777,11832572,0,4621,4620
openb-pod-4622,8000,30517,1,470,,BestEffort,Pending,11832695,11833188,,0,4622,4621
openb-pod-4623,8000,16384,1,1000,,LS,Running,11832695,12902960,11832768,0,4623,4622
openb-pod-4624,11300,49152,1,1000,,LS,Running,11833215,11835246,11833248,0,4624,4623
openb-pod-4625,11300,49152,1,1000,,LS,Running,11833283,11835201,11833285,0,4625,4624
openb-pod-4626,11900,77824,1,1000,,LS,Running,11833455,11833907,11833456,0,4626,4625
openb-pod-4627,11300,49152,1,1000,,LS,Running,11833733,11835236,11833736,0,4627,4626
openb-pod-4628,11300,49152,1,1000,,LS,Running,11833907,11835104,11833943,0,4628,4627
openb-pod-4629,4000,22888,1,320,,BestEffort,Pending,11834245,11834331,,0,4629,4628
openb-pod-4630,16000,32768,1,1000,,LS,Succeeded,11834589,11838227,11834589,0,4630,4629
openb-pod-4631,11300,49152,1,1000,,LS,Running,11834608,11835276,11834644,0,4631,4630
openb-pod-4632,8000,30517,1,470,,BestEffort,Running,11835099,11835381,11835309,0,4632,4631
openb-pod-4633,6000,32768,1,1000,,LS,Running,11835156,11835819,11835159,0,4633,4632
openb-pod-4634,11908,47104,1,650,,LS,Running,11835172,11836100,11835208,0,4634,4633
openb-pod-4635,16400,84992,1,1000,,LS,Pending,11835303,11835352,,0,4635,4634
openb-pod-4636,16400,84992,1,1000,,LS,Running,11835308,11835352,11835309,0,4636,4635
openb-pod-4637,11300,49152,1,1000,,LS,Running,11835454,11835654,11835593,0,4637,4636
openb-pod-4638,3152,5600,1,810,,BestEffort,Failed,11835560,11835765,11835629,0,4638,4637
openb-pod-4639,11300,49152,1,1000,,LS,Running,11835682,11838884,11835720,0,4639,4638
openb-pod-4640,11300,49152,1,1000,,LS,Running,11835689,11836120,11835793,0,4640,4639
openb-pod-4641,11300,49152,1,1000,,LS,Running,11835689,11835973,11835794,0,4641,4640
openb-pod-4642,11300,49152,1,1000,,LS,Pending,11835691,11835865,,0,4642,4641
openb-pod-4643,11300,49152,1,1000,,LS,Running,11835731,11835918,11835869,0,4643,4642
openb-pod-4644,3152,5600,1,810,,BestEffort,Failed,11835749,11845645,11835749,0,4644,4643
openb-pod-4645,11300,49152,1,1000,,LS,Running,11835770,11838226,11835772,0,4645,4644
openb-pod-4646,4000,22888,1,230,,BestEffort,Running,11835851,11835918,11835852,0,4646,4645
openb-pod-4647,11300,49152,1,1000,,LS,Running,11835985,11837328,11836019,0,4647,4646
openb-pod-4648,8000,30517,1,470,,BestEffort,Pending,11836115,11836690,,0,4648,4647
openb-pod-4649,11300,49152,1,1000,,LS,Running,11836437,11838856,11836439,0,4649,4648
openb-pod-4650,32000,49152,0,0,,BestEffort,Running,11836505,11836657,11836508,0,4650,4649
openb-pod-4651,32000,49152,0,0,,BestEffort,Running,11836506,11836658,11836510,0,4651,4650
openb-pod-4652,32000,49152,0,0,,BestEffort,Running,11837081,11837233,11837083,0,4652,4651
openb-pod-4653,3152,5600,1,810,,BestEffort,Failed,11837262,11837863,11837262,0,4653,4652
openb-pod-4654,32000,49152,0,0,,BestEffort,Running,11837656,11837839,11837657,0,4654,4653
openb-pod-4655,3152,5600,1,810,,BestEffort,Failed,11837738,11837868,11837738,0,4655,4654
openb-pod-4656,11300,49152,1,1000,,LS,Running,11838043,11838774,11838078,0,4656,4655
openb-pod-4657,4000,22888,1,320,,BestEffort,Running,11838173,11845538,11838173,0,4657,4656
openb-pod-4658,4000,15258,1,160,,BestEffort,Running,11838246,11846311,11838270,0,4658,4657
openb-pod-4659,3152,5600,1,810,,BestEffort,Failed,11838713,11839642,11838713,0,4659,4658
openb-pod-4660,14200,58368,1,1000,,LS,Running,11838844,11839539,11838845,0,4660,4659
openb-pod-4661,18708,64512,1,1000,,LS,Running,11839411,11839866,11839584,0,4661,4660
openb-pod-4662,11300,49152,1,1000,,LS,Running,11839585,11840262,11839619,0,4662,4661
openb-pod-4663,18708,64512,1,1000,,LS,Running,11839833,11840172,11839835,0,4663,4662
openb-pod-4664,11908,47104,1,650,,LS,Running,11839837,11840737,11839840,0,4664,4663
openb-pod-4665,8000,30517,1,470,,BestEffort,Running,11839991,11840292,11840095,0,4665,4664
openb-pod-4666,3152,5600,1,810,,BestEffort,Failed,11840018,11840300,11840019,0,4666,4665
openb-pod-4667,11300,49152,1,1000,,LS,Running,11840057,11841136,11840060,0,4667,4666
openb-pod-4668,4000,15258,1,160,,BestEffort,Running,11840187,11888402,11840190,0,4668,4667
openb-pod-4669,3152,5600,1,810,,BestEffort,Failed,11840331,11840591,11840367,0,4669,4668
openb-pod-4670,11300,49152,1,1000,,LS,Running,11840331,11841726,11840333,0,4670,4669
openb-pod-4671,11300,49152,1,1000,,LS,Running,11840675,11841810,11840745,0,4671,4670
openb-pod-4672,11908,47104,1,470,,LS,Running,11840956,11841252,11841164,0,4672,4671
openb-pod-4673,11300,49152,1,1000,,LS,Running,11840957,11841751,11840958,0,4673,4672
openb-pod-4674,11300,49152,1,1000,,LS,Running,11841027,11842359,11841028,0,4674,4673
openb-pod-4675,11900,77824,1,1000,,LS,Running,11841323,11841498,11841324,0,4675,4674
openb-pod-4676,11300,49152,1,1000,,LS,Running,11841324,11841810,11841326,0,4676,4675
openb-pod-4677,11300,49152,1,1000,,LS,Running,11841600,11842757,11841605,0,4677,4676
openb-pod-4678,11300,49152,1,1000,,LS,Running,11841601,11842732,11841604,0,4678,4677
openb-pod-4679,11300,49152,1,1000,,LS,Running,11841637,11842695,11841638,0,4679,4678
openb-pod-4680,11300,49152,1,1000,,LS,Running,11842456,11842814,11842491,0,4680,4679
openb-pod-4681,11300,49152,1,1000,,LS,Running,11842459,11842732,11842461,0,4681,4680
openb-pod-4682,11300,49152,1,1000,,LS,Running,11842495,11842838,11842497,0,4682,4681
openb-pod-4683,18708,64512,1,1000,,LS,Running,11843059,11843276,11843095,0,4683,4682
openb-pod-4684,18708,64512,1,1000,,LS,Running,11843104,11843694,11843105,0,4684,4683
openb-pod-4685,12500,57344,0,0,,LS,Running,11843389,11843516,11843390,0,4685,4684
openb-pod-4686,11908,47104,1,650,,LS,Running,11843509,11843574,11843511,0,4686,4685
openb-pod-4687,11300,49152,1,1000,,LS,Running,11843984,11844188,11843985,0,4687,4686
openb-pod-4688,11300,49152,1,1000,,LS,Running,11843987,11844172,11843990,0,4688,4687
openb-pod-4689,6000,6144,1,460,,LS,Running,11845115,11845713,11845115,0,4689,4688
openb-pod-4690,4000,15258,1,160,,BestEffort,Running,11845665,11846312,11845681,0,4690,4689
openb-pod-4691,3152,5600,1,810,,BestEffort,Failed,11846749,11847472,11846749,0,4691,4690
openb-pod-4692,3152,5600,1,810,,BestEffort,Failed,11846917,11847081,11846917,0,4692,4691
openb-pod-4693,4000,15258,1,160,,BestEffort,Running,11846927,11847921,11846941,0,4693,4692
openb-pod-4694,11300,49152,1,1000,,LS,Running,11847410,11848521,11847447,0,4694,4693
openb-pod-4695,12000,24576,1,1000,,LS,Running,11847454,11852734,11848220,0,4695,4694
openb-pod-4696,8000,16384,1,1000,,LS,Running,11847638,11864795,11848162,0,4696,4695
openb-pod-4697,15200,80896,1,1000,,LS,Failed,11847680,11848886,11847680,0,4697,4696
openb-pod-4698,8000,30517,1,470,,BestEffort,Running,11847733,11848507,11847871,0,4698,4697
openb-pod-4699,3152,5600,1,810,,BestEffort,Failed,11847921,11848004,11847957,0,4699,4698
openb-pod-4700,3152,5600,1,810,,BestEffort,Running,11847923,11906175,11848027,0,4700,4699
openb-pod-4701,11300,49152,1,1000,,LS,Running,11847952,11848521,11847953,0,4701,4700
openb-pod-4702,11300,49152,1,1000,,LS,Running,11847954,11848075,11848022,0,4702,4701
openb-pod-4703,11300,49152,1,1000,,LS,Running,11848618,11849176,11848620,0,4703,4702
openb-pod-4704,11300,49152,1,1000,,LS,Running,11848623,11849393,11848625,0,4704,4703
openb-pod-4705,11300,49152,1,1000,,LS,Running,11848624,11849285,11848625,0,4705,4704
openb-pod-4706,11300,49152,1,1000,,LS,Running,11848625,11849443,11848627,0,4706,4705
openb-pod-4707,11300,49152,1,1000,,LS,Running,11848656,11849373,11848657,0,4707,4706
openb-pod-4708,11300,49152,1,1000,,LS,Running,11848659,11849373,11848693,0,4708,4707
openb-pod-4709,3152,5600,1,810,,BestEffort,Failed,11848974,11849949,11848974,0,4709,4708
openb-pod-4710,11300,49152,1,1000,,LS,Running,11849937,11850512,11849938,0,4710,4709
openb-pod-4711,11300,49152,1,1000,,LS,Running,11849939,11850281,11849973,0,4711,4710
openb-pod-4712,11300,49152,1,1000,,LS,Running,11850000,11850328,11850032,0,4712,4711
openb-pod-4713,16000,65536,1,1000,,LS,Running,11850514,11855977,11850516,0,4713,4712
openb-pod-4714,11300,49152,1,1000,,LS,Running,11851030,11851318,11851032,0,4714,4713
openb-pod-4715,11300,49152,1,1000,,LS,Running,11851089,11851180,11851123,0,4715,4714
openb-pod-4716,12000,24576,1,1000,,Guaranteed,Running,11851176,11853033,11851176,0,4716,4715
openb-pod-4717,11300,49152,1,1000,,LS,Running,11852265,11852317,11852269,0,4717,4716
openb-pod-4718,16400,125952,1,1000,,LS,Running,11852367,11853917,11852368,0,4718,4717
openb-pod-4719,16400,125952,1,1000,,LS,Running,11852367,11852528,11852472,0,4719,4718
openb-pod-4720,16400,125952,1,1000,,LS,Running,11852367,11853569,11852368,0,4720,4719
openb-pod-4721,12500,57344,0,0,,LS,Running,11853148,11853271,11853183,0,4721,4720
openb-pod-4722,12000,24576,1,1000,,LS,Running,11853154,11856155,11854832,0,4722,4721
openb-pod-4723,12500,57344,0,0,,LS,Running,11853218,11853308,11853253,0,4723,4722
openb-pod-4724,11900,77824,1,1000,,LS,Running,11853330,11853395,11853362,0,4724,4723
openb-pod-4725,64000,262144,8,1000,,LS,Running,11853790,11917984,11853791,0,4725,4724
openb-pod-4726,11300,49152,1,1000,,LS,Running,11853962,11854267,11853999,0,4726,4725
openb-pod-4727,88000,327680,8,1000,,Burstable,Failed,11855076,11855134,11855076,0,4727,4726
openb-pod-4728,8000,30517,1,470,,BestEffort,Running,11855311,11860253,11855342,0,4728,4727
openb-pod-4729,12000,15360,1,1000,,LS,Running,11855976,11866057,11857967,0,4729,4728
openb-pod-4730,11300,49152,1,1000,,LS,Running,11856142,11857042,11856144,0,4730,4729
openb-pod-4731,11300,49152,1,1000,,LS,Running,11856143,11857033,11856179,0,4731,4730
openb-pod-4732,3152,5600,1,810,,BestEffort,Failed,11856145,11856170,11856145,0,4732,4731
openb-pod-4733,12000,15360,1,1000,,LS,Running,11856158,11866536,11856997,0,4733,4732
openb-pod-4734,11300,49152,1,1000,,LS,Running,11856170,11857050,11856172,0,4734,4733
openb-pod-4735,16000,65536,1,1000,,LS,Running,11856276,11860837,11856278,0,4735,4734
openb-pod-4736,12000,24576,1,1000,,Burstable,Succeeded,11856340,11856377,11856340,0,4736,4735
openb-pod-4737,11300,49152,1,1000,,LS,Running,11857149,11858101,11857151,0,4737,4736
openb-pod-4738,11300,49152,1,1000,,LS,Running,11857207,11858143,11857209,0,4738,4737
openb-pod-4739,11300,49152,1,1000,,LS,Running,11857231,11858101,11857233,0,4739,4738
openb-pod-4740,11300,49152,1,1000,,LS,Running,11857383,11857583,11857419,0,4740,4739
openb-pod-4741,11300,49152,1,1000,,LS,Running,11857663,11858131,11857664,0,4741,4740
openb-pod-4742,3152,5600,1,810,,BestEffort,Failed,11857852,11859170,11857852,0,4742,4741
openb-pod-4743,8000,32768,1,1000,,LS,Running,11858477,12022896,11858758,0,4743,4742
openb-pod-4744,11300,49152,1,1000,,LS,Running,11859873,11859972,11859909,0,4744,4743
openb-pod-4745,3152,5600,1,810,,BestEffort,Failed,11860004,11861090,11860004,0,4745,4744
openb-pod-4746,32000,49152,0,0,,BestEffort,Running,11860314,11860462,11860316,0,4746,4745
openb-pod-4747,11300,49152,1,1000,,LS,Running,11860785,11860878,11860819,0,4747,4746
openb-pod-4748,32000,49152,0,0,,BestEffort,Running,11860887,11861039,11860892,0,4748,4747
openb-pod-4749,3152,5600,1,810,,BestEffort,Failed,11861727,11862696,11861727,0,4749,4748
openb-pod-4750,15400,51200,0,0,,LS,Running,11863756,11863884,11863759,0,4750,4749
openb-pod-4751,8000,30517,0,0,,BestEffort,Running,11864021,11866324,11864021,0,4751,4750
openb-pod-4752,8000,30517,0,0,,BestEffort,Running,11864027,11866325,11864027,0,4752,4751
openb-pod-4753,8000,30517,0,0,,BestEffort,Running,11864029,11866325,11864029,0,4753,4752
openb-pod-4754,12000,24576,1,1000,,Burstable,Succeeded,11864495,11864544,11864496,0,4754,4753
openb-pod-4755,12000,47104,1,1000,,Burstable,Running,11866897,11960323,11866897,0,4755,4754
openb-pod-4756,11300,49152,1,1000,,LS,Running,11867516,11868373,11867551,0,4756,4755
openb-pod-4757,11300,49152,1,1000,,LS,Running,11867542,11868373,11867576,0,4757,4756
openb-pod-4758,11300,49152,1,1000,,LS,Running,11867568,11868373,11867601,0,4758,4757
openb-pod-4759,11300,49152,1,1000,,LS,Running,11867568,11868435,11867600,0,4759,4758
openb-pod-4760,11300,49152,1,1000,,LS,Running,11867568,11868373,11867601,0,4760,4759
openb-pod-4761,12000,24576,1,1000,,LS,Running,11868457,11880936,11868457,0,4761,4760
openb-pod-4762,4000,24576,1,1000,,LS,Succeeded,11869033,11873033,11869034,0,4762,4761
openb-pod-4763,5000,10240,1,1000,,LS,Running,11869272,12902960,11869272,0,4763,4762
openb-pod-4764,3152,5600,1,810,,BestEffort,Failed,11870187,11871306,11870187,0,4764,4763
openb-pod-4765,11400,77824,1,1000,,LS,Running,11872537,11877269,11872570,0,4765,4764
openb-pod-4766,4000,22888,1,320,,BestEffort,Running,11874250,11904785,11874250,0,4766,4765
openb-pod-4767,4000,15258,1,160,,BestEffort,Running,11874937,11877973,11874937,0,4767,4766
openb-pod-4768,4000,24576,1,1000,,LS,Succeeded,11878032,11882111,11878032,0,4768,4767
openb-pod-4769,3152,5600,1,810,,BestEffort,Failed,11882674,11883802,11882674,0,4769,4768
openb-pod-4770,32000,49152,0,0,,BestEffort,Running,11884039,11884190,11884040,0,4770,4769
openb-pod-4771,32000,49152,0,0,,BestEffort,Running,11884039,11884189,11884042,0,4771,4770
openb-pod-4772,3152,5600,1,810,,BestEffort,Failed,11888075,11889197,11888075,0,4772,4771
openb-pod-4773,4000,24576,1,1000,,LS,Succeeded,11888766,11892818,11888766,0,4773,4772
openb-pod-4774,4000,22888,1,330,,BestEffort,Running,11889815,11899478,11889815,0,4774,4773
openb-pod-4775,4000,22888,1,330,,BestEffort,Running,11889815,11945561,11889815,0,4775,4774
openb-pod-4776,4000,15258,1,230,,BestEffort,Running,11892119,11892493,11892119,0,4776,4775
openb-pod-4777,8000,30517,0,0,,BestEffort,Running,11892845,11896383,11892845,0,4777,4776
openb-pod-4778,3152,5600,1,810,,BestEffort,Failed,11893941,11894034,11893941,0,4778,4777
openb-pod-4779,11300,49152,1,1000,,LS,Running,11894420,11894659,11894423,0,4779,4778
openb-pod-4780,3152,5600,1,810,,BestEffort,Failed,11894543,11895719,11894543,0,4780,4779
openb-pod-4781,8000,30517,1,470,,BestEffort,Running,11896384,11896602,11896417,0,4781,4780
openb-pod-4782,3152,5600,1,810,,BestEffort,Failed,11897695,11898627,11897695,0,4782,4781
openb-pod-4783,16400,125952,1,1000,,LS,Running,11897893,11898250,11897894,0,4783,4782
openb-pod-4784,11908,47104,1,470,,LS,Running,11898242,11898754,11898243,0,4784,4783
openb-pod-4785,4000,22888,1,220,,BestEffort,Running,11898246,11910098,11898246,0,4785,4784
openb-pod-4786,8000,30517,1,470,,BestEffort,Running,11898490,11900838,11898490,0,4786,4785
openb-pod-4787,3152,5600,1,590,,BestEffort,Failed,11899691,11900816,11899691,0,4787,4786
openb-pod-4788,11300,49152,1,1000,,LS,Running,11900666,11903017,11900701,0,4788,4787
openb-pod-4789,3152,5600,1,810,,BestEffort,Failed,11901562,11904723,11901562,0,4789,4788
openb-pod-4790,8000,30517,1,470,,BestEffort,Pending,11902347,11902468,,0,4790,4789
openb-pod-4791,8000,30517,1,470,,BestEffort,Running,11902717,11903122,11902817,0,4791,4790
openb-pod-4792,4000,15258,1,160,,BestEffort,Running,11902742,11902803,11902749,0,4792,4791
openb-pod-4793,4000,15258,1,160,,BestEffort,Pending,11902742,11902803,,0,4793,4792
openb-pod-4794,8000,30517,1,470,,BestEffort,Running,11902849,11903065,11902849,0,4794,4793
openb-pod-4795,8000,30517,1,650,,BestEffort,Running,11903021,11905141,11903021,0,4795,4794
openb-pod-4796,4000,15258,1,160,,BestEffort,Running,11903040,11910437,11903045,0,4796,4795
openb-pod-4797,4000,31250,1,1000,,LS,Running,11903655,11907123,11903655,0,4797,4796
openb-pod-4798,11300,49152,1,1000,,LS,Running,11903885,11904189,11903887,0,4798,4797
openb-pod-4799,18708,64512,1,1000,,LS,Running,11904064,11905330,11904102,0,4799,4798
openb-pod-4800,8000,30517,1,470,,BestEffort,Pending,11904268,11906348,,0,4800,4799
openb-pod-4801,11300,49152,1,1000,,LS,Running,11904721,11904981,11904827,0,4801,4800
openb-pod-4802,3152,5600,1,810,,BestEffort,Failed,11904731,11905003,11904798,0,4802,4801
openb-pod-4803,3152,5600,1,810,,BestEffort,Failed,11904769,11905022,11904803,0,4803,4802
openb-pod-4804,3152,5600,1,810,,BestEffort,Failed,11904776,11905036,11904808,0,4804,4803
openb-pod-4805,3152,5600,1,810,,BestEffort,Failed,11905093,11905536,11905093,0,4805,4804
openb-pod-4806,18708,64512,1,1000,,LS,Running,11905202,11906152,11905411,0,4806,4805
openb-pod-4807,4000,15258,1,320,,BestEffort,Running,11905324,11905660,11905324,0,4807,4806
openb-pod-4808,3152,5600,1,810,,BestEffort,Failed,11905346,11905684,11905346,0,4808,4807
openb-pod-4809,11300,49152,1,1000,,LS,Running,11905484,11906831,11905867,0,4809,4808
openb-pod-4810,3152,5600,1,810,,BestEffort,Failed,11905503,11906055,11905573,0,4810,4809
openb-pod-4811,3152,5600,1,810,,BestEffort,Failed,11906357,11907197,11906388,0,4811,4810
openb-pod-4812,3152,5600,1,810,,BestEffort,Failed,11906372,11915491,11906372,0,4812,4811
openb-pod-4813,3152,5600,1,810,,BestEffort,Failed,11906529,11907234,11906598,0,4813,4812
openb-pod-4814,3152,5600,1,810,,BestEffort,Failed,11906578,11907162,11906608,0,4814,4813
openb-pod-4815,4000,22888,1,330,,BestEffort,Running,11906648,11913040,11909614,0,4815,4814
openb-pod-4816,18708,64512,1,1000,,LS,Running,11906716,11907283,11906752,0,4816,4815
openb-pod-4817,12500,57344,0,0,,LS,Running,11906719,11907003,11906753,0,4817,4816
openb-pod-4818,18708,64512,1,1000,,LS,Running,11906809,11907311,11906810,0,4818,4817
openb-pod-4819,12500,57344,0,0,,LS,Running,11906844,11906965,11906848,0,4819,4818
openb-pod-4820,4000,22888,1,320,,BestEffort,Running,11906854,11907471,11906854,0,4820,4819
openb-pod-4821,11300,49152,1,1000,,LS,Running,11907151,11909694,11907287,0,4821,4820
openb-pod-4822,11300,49152,1,1000,,LS,Running,11907156,11909625,11908524,0,4822,4821
openb-pod-4823,3152,5600,1,810,,BestEffort,Failed,11907161,11907319,11907194,0,4823,4822
openb-pod-4824,4000,15258,1,320,,BestEffort,Pending,11907180,11907205,,0,4824,4823
openb-pod-4825,8000,30517,0,0,,BestEffort,Running,11907181,11911532,11907181,0,4825,4824
openb-pod-4826,11300,49152,1,1000,,LS,Running,11907199,11909557,11907269,0,4826,4825
openb-pod-4827,3152,5600,1,810,,BestEffort,Failed,11907206,11908370,11907309,0,4827,4826
openb-pod-4828,3152,5600,1,810,,BestEffort,Failed,11907219,11907273,11907253,0,4828,4827
openb-pod-4829,3152,5600,1,810,,BestEffort,Failed,11907260,11908351,11907260,0,4829,4828
openb-pod-4830,11300,49152,1,1000,,LS,Running,11907359,11909156,11907637,0,4830,4829
openb-pod-4831,11300,49152,1,1000,,LS,Running,11907577,11907932,11907857,0,4831,4830
openb-pod-4832,6000,8192,1,460,,LS,Running,11907760,11913518,11907760,0,4832,4831
openb-pod-4833,32000,49152,0,0,,BestEffort,Running,11907942,11908127,11907946,0,4833,4832
openb-pod-4834,32000,49152,0,0,,BestEffort,Running,11908647,11908796,11908650,0,4834,4833
openb-pod-4835,32000,49152,0,0,,BestEffort,Running,11908647,11908827,11908651,0,4835,4834
openb-pod-4836,3152,5600,1,810,,BestEffort,Failed,11909278,11909448,11909279,0,4836,4835
openb-pod-4837,6000,6144,1,460,,LS,Running,11909435,11910155,11909500,0,4837,4836
openb-pod-4838,11908,47104,1,470,,LS,Pending,11909762,11909871,,0,4838,4837
openb-pod-4839,11300,49152,1,1000,,LS,Running,11909898,11912203,11909899,0,4839,4838
openb-pod-4840,11300,49152,1,1000,,LS,Running,11910028,11910892,11910063,0,4840,4839
openb-pod-4841,11300,49152,1,1000,,LS,Running,11910031,11910987,11910032,0,4841,4840
openb-pod-4842,4000,24576,1,1000,,LS,Succeeded,11910667,11914419,11910667,0,4842,4841
openb-pod-4843,8000,30517,1,470,,BestEffort,Pending,11910672,11910810,,0,4843,4842
openb-pod-4844,14200,58368,1,1000,,LS,Running,11910750,11910861,11910751,0,4844,4843
openb-pod-4845,15400,51200,0,0,,LS,Running,11911103,11911257,11911138,0,4845,4844
openb-pod-4846,11300,49152,1,1000,,LS,Running,11911186,11912439,11911188,0,4846,4845
openb-pod-4847,11300,49152,1,1000,,LS,Running,11911186,11912353,11911188,0,4847,4846
openb-pod-4848,11300,49152,1,1000,,LS,Running,11911261,11911736,11911267,0,4848,4847
openb-pod-4849,11300,49152,1,1000,,LS,Running,11912665,11913530,11912699,0,4849,4848
openb-pod-4850,11300,49152,1,1000,,LS,Running,11912758,11913319,11912760,0,4850,4849
openb-pod-4851,11300,49152,1,1000,,LS,Running,11913177,11913564,11913214,0,4851,4850
openb-pod-4852,11908,47104,1,470,,LS,Pending,11913406,11913626,,0,4852,4851
openb-pod-4853,14200,58368,1,1000,,LS,Running,11913464,11915786,11913499,0,4853,4852
openb-pod-4854,14200,58368,1,1000,,LS,Running,11913558,11915187,11913560,0,4854,4853
openb-pod-4855,8000,30517,1,470,,BestEffort,Running,11913583,11913945,11913894,0,4855,4854
openb-pod-4856,8000,30517,1,470,,BestEffort,Running,11913779,11914064,11913954,0,4856,4855
openb-pod-4857,16400,125952,1,1000,,LS,Running,11913838,11916902,11913840,0,4857,4856
openb-pod-4858,11300,49152,1,1000,,LS,Running,11914032,11914508,11914138,0,4858,4857
openb-pod-4859,11908,47104,1,470,,LS,Running,11914328,11915230,11914365,0,4859,4858
openb-pod-4860,3152,5600,1,810,,BestEffort,Failed,11914356,11915557,11914389,0,4860,4859
openb-pod-4861,11300,49152,1,1000,,LS,Running,11914361,11914508,11914434,0,4861,4860
openb-pod-4862,3152,5600,1,810,,BestEffort,Failed,11914881,11915052,11914881,0,4862,4861
openb-pod-4863,11300,49152,1,1000,,LS,Running,11915052,11915910,11915089,0,4863,4862
openb-pod-4864,4000,15258,1,160,,BestEffort,Running,11915459,11923635,11915490,0,4864,4863
openb-pod-4865,11300,49152,1,1000,,LS,Running,11916181,11916417,11916215,0,4865,4864
openb-pod-4866,11300,49152,1,1000,,LS,Running,11916640,11916997,11916675,0,4866,4865
openb-pod-4867,11300,49152,1,1000,,LS,Running,11916641,11916901,11916674,0,4867,4866
openb-pod-4868,11300,49152,1,1000,,LS,Running,11917579,11920537,11917615,0,4868,4867
openb-pod-4869,12000,24576,1,1000,,Burstable,Succeeded,11917753,11917805,11917753,0,4869,4868
openb-pod-4870,11300,49152,1,1000,,LS,Running,11918210,11918443,11918245,0,4870,4869
openb-pod-4871,11300,49152,1,1000,,LS,Running,11918377,11919840,11918380,0,4871,4870
openb-pod-4872,8000,30517,1,470,,BestEffort,Running,11919723,11919877,11919723,0,4872,4871
openb-pod-4873,11908,47104,1,470,,LS,Running,11920139,11920967,11920279,0,4873,4872
openb-pod-4874,14200,58368,1,1000,,LS,Running,11920190,11921503,11920192,0,4874,4873
openb-pod-4875,11908,47104,1,650,,LS,Running,11920288,11922148,11920289,0,4875,4874
openb-pod-4876,11908,47104,1,650,,LS,Running,11920397,11921969,11920430,0,4876,4875
openb-pod-4877,11908,47104,1,650,,LS,Pending,11920619,11920675,,0,4877,4876
openb-pod-4878,18708,64512,1,1000,,LS,Running,11920878,11920974,11920914,0,4878,4877
openb-pod-4879,11300,49152,1,1000,,LS,Running,11921015,11925246,11921016,0,4879,4878
openb-pod-4880,3152,5600,1,810,,BestEffort,Pending,11921062,11921115,,0,4880,4879
openb-pod-4881,3152,5600,1,810,,BestEffort,Pending,11921065,11921847,,0,4881,4880
openb-pod-4882,11300,49152,1,1000,,LS,Running,11921106,11921293,11921245,0,4882,4881
openb-pod-4883,4000,22888,1,220,,BestEffort,Running,11921473,11996097,11921473,0,4883,4882
openb-pod-4884,3152,5600,1,810,,BestEffort,Failed,11921845,11921902,11921846,0,4884,4883
openb-pod-4885,16000,31250,0,0,,LS,Running,11922047,11922529,11922050,0,4885,4884
openb-pod-4886,4000,32768,1,1000,,LS,Running,11922578,11972002,11922650,0,4886,4885
openb-pod-4887,4000,22888,1,480,,BestEffort,Running,11923023,11924884,11923025,0,4887,4886
openb-pod-4888,11300,49152,1,1000,,LS,Running,11923169,11923394,11923206,0,4888,4887
openb-pod-4889,12500,57344,0,0,,LS,Pending,11923409,11923534,,0,4889,4888
openb-pod-4890,15400,51200,0,0,,LS,Running,11923586,11924163,11923620,0,4890,4889
openb-pod-4891,8000,32768,1,1000,,LS,Running,11924519,11929964,11925256,0,4891,4890
openb-pod-4892,11300,49152,1,1000,,LS,Running,11925554,11927046,11925555,0,4892,4891
openb-pod-4893,11300,49152,1,1000,,LS,Pending,11925603,11925724,,0,4893,4892
openb-pod-4894,11300,49152,1,1000,,LS,Running,11925606,11927046,11925607,0,4894,4893
openb-pod-4895,88000,327680,8,1000,,Burstable,Running,11925636,12902960,11925637,0,4895,4894
openb-pod-4896,11300,49152,1,1000,,LS,Running,11925653,11925736,11925693,0,4896,4895
openb-pod-4897,3152,5600,1,590,,BestEffort,Pending,11925659,11925972,,0,4897,4896
openb-pod-4898,3152,5600,1,810,,BestEffort,Failed,11925774,11926162,11925775,0,4898,4897
openb-pod-4899,11300,49152,1,1000,,LS,Running,11925775,11926206,11925846,0,4899,4898
openb-pod-4900,4000,30517,1,320,,BestEffort,Running,11926464,11967301,11926476,0,4900,4899
openb-pod-4901,11300,49152,1,1000,,LS,Running,11926548,11930440,11926549,0,4901,4900
openb-pod-4902,4000,31250,1,1000,,LS,Running,11926580,11931371,11926789,0,4902,4901
openb-pod-4903,3152,5600,1,810,,BestEffort,Failed,11926951,11939417,11926951,0,4903,4902
openb-pod-4904,15200,80896,1,1000,,LS,Failed,11927040,11931485,11927040,0,4904,4903
openb-pod-4905,11300,49152,1,1000,,LS,Pending,11927961,11928021,,0,4905,4904
openb-pod-4906,11300,49152,1,1000,,LS,Running,11928211,11928311,11928246,0,4906,4905
openb-pod-4907,1000,6144,1,1000,,LS,Running,11928527,11933359,11928530,0,4907,4906
openb-pod-4908,11300,49152,1,1000,,LS,Running,11928610,11929974,11928647,0,4908,4907
openb-pod-4909,11300,49152,1,1000,,LS,Running,11928743,11930339,11928777,0,4909,4908
openb-pod-4910,11300,49152,1,1000,,LS,Running,11928792,11928942,11928862,0,4910,4909
openb-pod-4911,3152,5600,1,810,,BestEffort,Failed,11928793,11934515,11928862,0,4911,4910
openb-pod-4912,3152,5600,1,810,,BestEffort,Failed,11928802,11934479,11928802,0,4912,4911
openb-pod-4913,11300,49152,1,1000,,LS,Pending,11928884,11928987,,0,4913,4912
openb-pod-4914,12000,24576,1,1000,,LS,Running,11930080,11931970,11931025,0,4914,4913
openb-pod-4915,11300,49152,1,1000,,LS,Running,11930130,11930428,11930407,0,4915,4914
openb-pod-4916,11300,49152,1,1000,,LS,Pending,11930296,11930427,,0,4916,4915
openb-pod-4917,11300,49152,1,1000,,LS,Running,11930472,11930533,11930474,0,4917,4916
openb-pod-4918,11300,49152,1,1000,,LS,Running,11930517,11930579,11930518,0,4918,4917
openb-pod-4919,11300,49152,1,1000,,LS,Running,11930571,11931155,11930607,0,4919,4918
openb-pod-4920,32000,49152,0,0,,BestEffort,Running,11931262,11931415,11931265,0,4920,4919
openb-pod-4921,32000,49152,0,0,,BestEffort,Running,11931262,11931446,11931264,0,4921,4920
openb-pod-4922,11300,49152,1,1000,,LS,Running,11931412,11931860,11931447,0,4922,4921
openb-pod-4923,8000,30517,1,470,,BestEffort,Running,11931730,11932675,11932527,0,4923,4922
openb-pod-4924,32000,49152,0,0,,BestEffort,Running,11932199,11932380,11932202,0,4924,4923
openb-pod-4925,32000,49152,0,0,,BestEffort,Running,11932200,11932350,11932204,0,4925,4924
openb-pod-4926,8000,30517,1,470,,BestEffort,Running,11932418,11932892,11932727,0,4926,4925
openb-pod-4927,11908,47104,1,470,,LS,Pending,11933029,11933110,,0,4927,4926
openb-pod-4928,11908,47104,1,650,,LS,Running,11933176,11933945,11933179,0,4928,4927
openb-pod-4929,8000,30517,1,470,,BestEffort,Pending,11933428,11934391,,0,4929,4928
openb-pod-4930,1000,6144,1,1000,,LS,Running,11933564,11934759,11933568,0,4930,4929
openb-pod-4931,12500,57344,0,0,,LS,Running,11933936,11934526,11933971,0,4931,4930
openb-pod-4932,12500,57344,0,0,,LS,Running,11934144,11934249,11934145,0,4932,4931
openb-pod-4933,18708,64512,1,1000,,LS,Running,11934194,11934913,11934196,0,4933,4932
openb-pod-4934,11300,49152,1,1000,,LS,Running,11934334,11934701,11934336,0,4934,4933
openb-pod-4935,11300,49152,1,1000,,LS,Running,11934397,11934787,11934432,0,4935,4934
openb-pod-4936,3152,5600,1,810,,BestEffort,Failed,11934513,11939104,11934513,0,4936,4935
openb-pod-4937,8000,30517,1,650,,BestEffort,Running,11934607,11939796,11934642,0,4937,4936
openb-pod-4938,1000,6144,1,1000,,LS,Running,11935364,11936615,11935366,0,4938,4937
openb-pod-4939,11908,47104,1,470,,LS,Running,11935530,11937489,11935531,0,4939,4938
openb-pod-4940,18708,64512,1,1000,,LS,Running,11935673,11935790,11935707,0,4940,4939
openb-pod-4941,18708,64512,1,1000,,LS,Running,11935768,11936224,11935770,0,4941,4940
openb-pod-4942,11300,49152,1,1000,,LS,Running,11936423,11937579,11936424,0,4942,4941
openb-pod-4943,12500,57344,0,0,,LS,Running,11936457,11936832,11936459,0,4943,4942
openb-pod-4944,11300,49152,1,1000,,LS,Running,11936563,11937156,11936599,0,4944,4943
openb-pod-4945,11300,49152,1,1000,,LS,Running,11936661,11937458,11936697,0,4945,4944
openb-pod-4946,11300,49152,1,1000,,LS,Running,11936716,11937185,11936753,0,4946,4945
openb-pod-4947,11300,49152,1,1000,,LS,Running,11936811,11937184,11936813,0,4947,4946
openb-pod-4948,18708,64512,1,1000,,LS,Running,11937019,11937282,11937020,0,4948,4947
openb-pod-4949,12000,24576,1,1000,,LS,Running,11937392,11938713,11938051,0,4949,4948
openb-pod-4950,14200,58368,1,1000,,LS,Running,11937972,11938660,11938008,0,4950,4949
openb-pod-4951,12000,24576,1,1000,,Burstable,Failed,11938064,11938084,11938064,0,4951,4950
openb-pod-4952,8000,30517,1,470,,BestEffort,Pending,11938716,11939085,,0,4952,4951
openb-pod-4953,11908,47104,1,650,,LS,Running,11938752,11940178,11938787,0,4953,4952
openb-pod-4954,11908,47104,1,650,,LS,Running,11938796,11940348,11938798,0,4954,4953
openb-pod-4955,11908,47104,1,650,,LS,Running,11938838,11939786,11938874,0,4955,4954
openb-pod-4956,3152,5600,1,810,,BestEffort,Failed,11939383,11939770,11939453,0,4956,4955
openb-pod-4957,11300,49152,1,1000,,LS,Running,11939384,11939866,11939453,0,4957,4956
openb-pod-4958,8000,30517,0,0,,BestEffort,Running,11939805,11941743,11939805,0,4958,4957
openb-pod-4959,11300,49152,1,1000,,LS,Running,11942641,11943452,11942674,0,4959,4958
openb-pod-4960,11300,49152,1,1000,,LS,Running,11942699,11943395,11942701,0,4960,4959
openb-pod-4961,11300,49152,1,1000,,LS,Running,11942700,11943395,11942705,0,4961,4960
openb-pod-4962,11300,49152,1,1000,,LS,Pending,11942700,11942785,,0,4962,4961
openb-pod-4963,8200,33792,1,1000,,LS,Failed,11946279,11947653,11946279,0,4963,4962
openb-pod-4964,12000,24576,1,1000,,Burstable,Succeeded,11946455,11950115,11946455,0,4964,4963
openb-pod-4965,4000,22888,1,320,,BestEffort,Running,11946988,11950648,11946988,0,4965,4964
openb-pod-4966,11300,49152,1,1000,,LS,Running,11947213,11947773,11947215,0,4966,4965
openb-pod-4967,11300,49152,1,1000,,LS,Running,11949334,11949842,11949336,0,4967,4966
openb-pod-4968,11300,49152,1,1000,,LS,Running,11949489,11949971,11949524,0,4968,4967
openb-pod-4969,12000,15360,1,1000,,LS,Running,11949519,11951620,11949693,0,4969,4968
openb-pod-4970,3152,5600,1,590,,BestEffort,Pending,11949604,11949700,,0,4970,4969
openb-pod-4971,4000,30517,1,320,,BestEffort,Running,11949690,11960310,11949724,0,4971,4970
openb-pod-4972,8000,30517,0,0,,BestEffort,Running,11950463,11952180,11950463,0,4972,4971
openb-pod-4973,8000,30517,0,0,,BestEffort,Running,11950469,11952123,11950470,0,4973,4972
openb-pod-4974,11300,49152,1,1000,,LS,Pending,11950636,11950735,,0,4974,4973
openb-pod-4975,3152,5600,1,810,,BestEffort,Failed,11950649,11950774,11950650,0,4975,4974
openb-pod-4976,11300,49152,1,1000,,LS,Pending,11950682,11950808,,0,4976,4975
openb-pod-4977,11300,49152,1,1000,,LS,Running,11950739,11951377,11950742,0,4977,4976
openb-pod-4978,8000,30517,0,0,,BestEffort,Running,11950804,11952120,11950804,0,4978,4977
openb-pod-4979,11300,49152,1,1000,,LS,Pending,11951505,11951593,,0,4979,4978
openb-pod-4980,3152,5600,1,810,,BestEffort,Failed,11951613,12010331,11951613,0,4980,4979
openb-pod-4981,11908,47104,1,470,,LS,Pending,11951724,11951812,,0,4981,4980
openb-pod-4982,11300,49152,1,1000,,LS,Running,11951902,11952000,11951936,0,4982,4981
openb-pod-4983,11300,49152,1,1000,,LS,Running,11953181,11953278,11953183,0,4983,4982
openb-pod-4984,8000,16384,1,1000,,LS,Running,11953360,11954798,11953362,0,4984,4983
openb-pod-4985,32000,49152,0,0,,BestEffort,Running,11955433,11955599,11955438,0,4985,4984
openb-pod-4986,32000,49152,0,0,,BestEffort,Running,11955434,11955598,11955440,0,4986,4985
openb-pod-4987,32000,49152,0,0,,BestEffort,Running,11957093,11957248,11957096,0,4987,4986
openb-pod-4988,6000,22888,1,160,,BestEffort,Running,11959393,11981895,11959393,0,4988,4987
openb-pod-4989,8000,16384,1,1000,,LS,Running,11962955,11963615,11962958,0,4989,4988
openb-pod-4990,16000,65536,1,1000,,LS,Running,11964340,11966020,11964442,0,4990,4989
openb-pod-4991,8000,16384,1,1000,,LS,Running,11964879,11970758,11964880,0,4991,4990
openb-pod-4992,6000,12288,1,460,,LS,Running,11965055,11966853,11965055,0,4992,4991
openb-pod-4993,16000,65536,1,1000,,LS,Running,11971714,11973156,11971716,0,4993,4992
openb-pod-4994,15200,80896,1,1000,,LS,Failed,11977991,11982451,11977991,0,4994,4993
openb-pod-4995,8000,30517,0,0,,BestEffort,Running,11979239,12006960,11979239,0,4995,4994
openb-pod-4996,8000,30517,0,0,,BestEffort,Running,11979258,11992354,11979258,0,4996,4995
openb-pod-4997,4000,24576,1,1000,,LS,Succeeded,11979677,11983757,11979677,0,4997,4996
openb-pod-4998,32000,49152,0,0,,BestEffort,Running,11979976,11980124,11979979,0,4998,4997
openb-pod-4999,32000,49152,0,0,,BestEffort,Running,11979977,11980123,11979985,0,4999,4998
openb-pod-5000,6000,6144,1,460,,LS,Running,11980535,11987915,11980535,0,5000,4999
openb-pod-5001,32000,49152,0,0,,BestEffort,Running,11980552,11980697,11980555,0,5001,5000
openb-pod-5002,11300,49152,1,1000,,LS,Running,11981652,11981718,11981655,0,5002,5001
openb-pod-5003,4000,22888,1,320,,BestEffort,Running,11981661,11986816,11981661,0,5003,5002
openb-pod-5004,4000,22888,1,350,,BestEffort,Pending,11982223,11982471,,0,5004,5003
openb-pod-5005,4000,22888,1,320,,BestEffort,Running,11982472,11986816,11982472,0,5005,5004
openb-pod-5006,4000,22888,1,110,,BestEffort,Running,11982474,11986816,11982474,0,5006,5005
openb-pod-5007,8000,30517,1,470,,BestEffort,Running,11982620,11982970,11982620,0,5007,5006
openb-pod-5008,11300,49152,1,1000,,LS,Pending,11982927,11982951,,0,5008,5007
openb-pod-5009,11300,49152,1,1000,,LS,Running,11983002,11983624,11983004,0,5009,5008
openb-pod-5010,11300,49152,1,1000,,LS,Running,11983025,11983624,11983027,0,5010,5009
openb-pod-5011,8000,30517,1,470,,BestEffort,Running,11983287,11984152,11983287,0,5011,5010
openb-pod-5012,11908,47104,1,650,,LS,Running,11984343,11985562,11984345,0,5012,5011
openb-pod-5013,11908,47104,1,650,,LS,Running,11984376,11984467,11984411,0,5013,5012
openb-pod-5014,11908,47104,1,650,,LS,Running,11984455,11985815,11984458,0,5014,5013
openb-pod-5015,11908,47104,1,470,,LS,Pending,11984493,11984562,,0,5015,5014
openb-pod-5016,11908,47104,1,650,,LS,Running,11984498,11985716,11984500,0,5016,5015
openb-pod-5017,11908,47104,1,650,,LS,Running,11984555,11984654,11984591,0,5017,5016
openb-pod-5018,11908,47104,1,650,,LS,Pending,11984677,11984733,,0,5018,5017
openb-pod-5019,4000,22888,1,320,,BestEffort,Running,11985241,11996377,11985241,0,5019,5018
openb-pod-5020,8200,33792,1,1000,,LS,Failed,11986187,11987457,11986188,0,5020,5019
openb-pod-5021,9810,41560,1,1000,,LS,Running,11986558,11987298,11986559,0,5021,5020
openb-pod-5022,18708,64512,1,1000,,LS,Running,11986916,11987068,11986918,0,5022,5021
openb-pod-5023,11300,49152,1,1000,,LS,Running,11987116,11987226,11987152,0,5023,5022
openb-pod-5024,11908,47104,1,650,,LS,Running,11987505,11989488,11987507,0,5024,5023
openb-pod-5025,4000,22888,1,320,,BestEffort,Running,11987556,11990779,11987558,0,5025,5024
openb-pod-5026,4000,24576,1,1000,,LS,Succeeded,11987584,11987722,11987584,0,5026,5025
openb-pod-5027,11908,47104,1,650,,LS,Running,11987613,11989342,11987615,0,5027,5026
openb-pod-5028,11908,47104,1,650,,LS,Running,11987650,11989104,11987653,0,5028,5027
openb-pod-5029,4000,22888,1,230,,BestEffort,Pending,11987699,11987718,,0,5029,5028
openb-pod-5030,11908,47104,1,650,,LS,Running,11987742,11989342,11987776,0,5030,5029
openb-pod-5031,11908,47104,1,650,,LS,Running,11987836,11989526,11987837,0,5031,5030
openb-pod-5032,8000,30517,1,470,,BestEffort,Pending,11989180,11989303,,0,5032,5031
openb-pod-5033,88000,327680,8,1000,,Burstable,Succeeded,11989417,12091415,11989417,0,5033,5032
openb-pod-5034,18708,64512,1,1000,,LS,Running,11989866,11990272,11989868,0,5034,5033
openb-pod-5035,18708,64512,1,1000,,LS,Running,11989920,11990334,11989953,0,5035,5034
openb-pod-5036,3152,5600,1,590,,BestEffort,Pending,11989974,11990223,,0,5036,5035
openb-pod-5037,12000,24576,1,1000,,Burstable,Failed,11990290,11990320,11990291,0,5037,5036
openb-pod-5038,14000,60000,2,1000,,Burstable,Running,11990296,12902960,11990297,0,5038,5037
openb-pod-5039,11300,49152,1,1000,,LS,Running,11990406,11992359,11990442,0,5039,5038
openb-pod-5040,11300,49152,1,1000,,LS,Pending,11990680,11990715,,0,5040,5039
openb-pod-5041,12000,24576,1,1000,,LS,Running,11990681,11994940,11994562,0,5041,5040
openb-pod-5042,16000,65536,1,1000,,LS,Running,11990797,11995435,11990799,0,5042,5041
openb-pod-5043,4000,22888,1,320,,BestEffort,Running,11991997,11996377,11991997,0,5043,5042
openb-pod-5044,11908,47104,1,650,,LS,Running,11992122,11993852,11992158,0,5044,5043
openb-pod-5045,11908,47104,1,650,,LS,Running,11992126,11993819,11992158,0,5045,5044
openb-pod-5046,4000,30517,1,110,,BestEffort,Running,11992210,11994848,11992212,0,5046,5045
openb-pod-5047,8000,30517,1,650,,BestEffort,Running,11992226,11994532,11992227,0,5047,5046
openb-pod-5048,3152,5600,1,810,,BestEffort,Failed,11992394,11993178,11992425,0,5048,5047
openb-pod-5049,8200,33792,1,1000,,LS,Failed,11992397,11996722,11992397,0,5049,5048
openb-pod-5050,11908,47104,1,650,,LS,Running,11992619,11993614,11992621,0,5050,5049
openb-pod-5051,11908,47104,1,650,,LS,Running,11992625,11993689,11992627,0,5051,5050
openb-pod-5052,12000,24576,1,1000,,LS,Running,11993199,12007620,11994212,0,5052,5051
openb-pod-5053,11908,47104,1,470,,LS,Running,11993551,11995212,11993553,0,5053,5052
openb-pod-5054,11908,47104,1,650,,LS,Running,11994319,11994900,11994320,0,5054,5053
openb-pod-5055,11908,47104,1,650,,LS,Running,11994419,11994818,11994454,0,5055,5054
openb-pod-5056,11908,47104,1,650,,LS,Running,11994451,11994537,11994484,0,5056,5055
openb-pod-5057,6000,22888,1,160,,BestEffort,Running,11994478,11998218,11994510,0,5057,5056
openb-pod-5058,11300,49152,1,1000,,LS,Running,11994843,11995099,11994845,0,5058,5057
openb-pod-5059,9810,41560,1,1000,,LS,Running,11995067,11995586,11995068,0,5059,5058
openb-pod-5060,4000,24576,1,1000,,LS,Succeeded,11995425,11999547,11995425,0,5060,5059
openb-pod-5061,11908,47104,1,470,,LS,Running,11996641,11996745,11996643,0,5061,5060
openb-pod-5062,11908,47104,1,650,,LS,Running,11996775,11996868,11996811,0,5062,5061
openb-pod-5063,11908,47104,1,650,,LS,Running,11996978,11997058,11997014,0,5063,5062
openb-pod-5064,11908,47104,1,650,,LS,Pending,11997006,11997059,,0,5064,5063
openb-pod-5065,11300,49152,1,1000,,LS,Running,11997128,11997662,11997131,0,5065,5064
openb-pod-5066,18708,64512,1,1000,,LS,Pending,11997165,11998410,,0,5066,5065
openb-pod-5067,11300,49152,1,1000,,LS,Running,11997214,11997410,11997354,0,5067,5066
openb-pod-5068,1000,2048,1,320,,BestEffort,Running,11997328,12002744,11997328,0,5068,5067
openb-pod-5069,8000,30517,1,470,,BestEffort,Pending,11997398,11997694,,0,5069,5068
openb-pod-5070,11908,47104,1,470,,LS,Running,11997635,11999936,11997636,0,5070,5069
openb-pod-5071,18708,64512,1,1000,,LS,Running,11998943,11999973,11999015,0,5071,5070
openb-pod-5072,11300,49152,1,1000,,LS,Running,11999071,11999493,11999073,0,5072,5071
openb-pod-5073,11300,49152,1,1000,,LS,Running,11999101,11999514,11999136,0,5073,5072
openb-pod-5074,16000,65536,1,1000,,LS,Running,11999620,12011620,11999655,0,5074,5073
openb-pod-5075,18708,64512,1,1000,,LS,Running,12000287,12000774,12000320,0,5075,5074
openb-pod-5076,12000,24576,1,1000,,LS,Succeeded,12000332,12000355,12000332,0,5076,5075
openb-pod-5077,11300,49152,1,1000,,LS,Running,12000385,12001376,12000419,0,5077,5076
openb-pod-5078,11300,49152,1,1000,,LS,Running,12000510,12001259,12000544,0,5078,5077
openb-pod-5079,11300,49152,1,1000,,LS,Running,12000511,12001306,12000513,0,5079,5078
openb-pod-5080,8000,30517,1,320,,BestEffort,Running,12000541,12041258,12000541,0,5080,5079
openb-pod-5081,8000,30517,1,470,,BestEffort,Pending,12000569,12000648,,0,5081,5080
openb-pod-5082,11300,49152,1,1000,,LS,Running,12000600,12001259,12000602,0,5082,5081
openb-pod-5083,18708,64512,1,1000,,LS,Running,12001087,12001244,12001190,0,5083,5082
openb-pod-5084,11908,47104,1,470,,LS,Running,12001136,12001782,12001204,0,5084,5083
openb-pod-5085,15400,51200,0,0,,LS,Running,12001169,12001283,12001205,0,5085,5084
openb-pod-5086,11300,49152,1,1000,,LS,Running,12001774,12001991,12001809,0,5086,5085
openb-pod-5087,11300,49152,1,1000,,LS,Running,12001841,12003190,12001874,0,5087,5086
openb-pod-5088,11300,49152,1,1000,,LS,Running,12001925,12002234,12001927,0,5088,5087
openb-pod-5089,11300,49152,1,1000,,LS,Running,12001951,12003191,12001954,0,5089,5088
openb-pod-5090,11300,49152,1,1000,,LS,Running,12001952,12002736,12001985,0,5090,5089
openb-pod-5091,11300,49152,1,1000,,LS,Running,12001953,12003146,12001954,0,5091,5090
openb-pod-5092,32000,49152,0,0,,BestEffort,Running,12003298,12003462,12003302,0,5092,5091
openb-pod-5093,8000,30517,1,470,,BestEffort,Running,12003373,12003577,12003541,0,5093,5092
openb-pod-5094,8000,30517,1,470,,BestEffort,Pending,12004493,12004928,,0,5094,5093
openb-pod-5095,8000,30517,1,470,,BestEffort,Pending,12004555,12004733,,0,5095,5094
openb-pod-5096,12500,57344,0,0,,LS,Running,12004681,12005127,12004716,0,5096,5095
openb-pod-5097,6000,6144,1,460,,LS,Running,12005315,12005854,12005315,0,5097,5096
openb-pod-5098,8000,30517,1,470,,BestEffort,Running,12005370,12005498,12005472,0,5098,5097
openb-pod-5099,8000,30517,1,470,,BestEffort,Running,12005372,12005641,12005512,0,5099,5098
openb-pod-5100,8000,30517,1,470,,BestEffort,Pending,12005640,12006407,,0,5100,5099
openb-pod-5101,12500,57344,0,0,,LS,Running,12005676,12005924,12005678,0,5101,5100
openb-pod-5102,12500,57344,0,0,,LS,Running,12005711,12005838,12005746,0,5102,5101
openb-pod-5103,12500,57344,0,0,,LS,Running,12005738,12005818,12005740,0,5103,5102
openb-pod-5104,11300,49152,1,1000,,LS,Running,12005738,12006776,12005739,0,5104,5103
openb-pod-5105,8000,16384,1,1000,,LS,Running,12005820,12008200,12005854,0,5105,5104
openb-pod-5106,11300,49152,1,1000,,LS,Running,12006128,12006438,12006131,0,5106,5105
openb-pod-5107,4000,30517,1,320,,BestEffort,Running,12006175,12011336,12006176,0,5107,5106
openb-pod-5108,12000,24576,1,1000,,LS,Running,12006340,12044679,12006479,0,5108,5107
openb-pod-5109,8000,30517,1,470,,BestEffort,Running,12006624,12007564,12006727,0,5109,5108
openb-pod-5110,11300,49152,1,1000,,LS,Running,12007860,12007910,12007862,0,5110,5109
openb-pod-5111,6000,6144,1,460,,LS,Running,12007895,12008433,12007930,0,5111,5110
openb-pod-5112,4000,24576,1,1000,,LS,Succeeded,12008826,12013035,12008826,0,5112,5111
openb-pod-5113,6000,12288,1,460,,LS,Running,12008853,12009392,12008920,0,5113,5112
openb-pod-5114,4000,31250,1,1000,,LS,Running,12008909,12030003,12008909,0,5114,5113
openb-pod-5115,11300,49152,1,1000,,LS,Running,12009117,12009225,12009186,0,5115,5114
openb-pod-5116,11908,47104,1,650,,LS,Running,12009283,12009848,12009317,0,5116,5115
openb-pod-5117,11300,49152,1,1000,,LS,Running,12009955,12010038,12009991,0,5117,5116
openb-pod-5118,8000,30517,1,470,,BestEffort,Running,12010293,12010613,12010327,0,5118,5117
openb-pod-5119,3152,5600,1,810,,BestEffort,Failed,12010439,12010874,12010440,0,5119,5118
openb-pod-5120,3152,5600,1,810,,BestEffort,Failed,12010441,12010883,12010442,0,5120,5119
openb-pod-5121,11300,49152,1,1000,,LS,Running,12010694,12011531,12010796,0,5121,5120
openb-pod-5122,3152,5600,1,810,,BestEffort,Failed,12010740,12011034,12010740,0,5122,5121
openb-pod-5123,3152,5600,1,810,,BestEffort,Failed,12010802,12011127,12010802,0,5123,5122
openb-pod-5124,3152,5600,1,810,,BestEffort,Failed,12010906,12011449,12010906,0,5124,5123
openb-pod-5125,3152,5600,1,810,,BestEffort,Failed,12011032,12011317,12011032,0,5125,5124
openb-pod-5126,3152,5600,1,810,,BestEffort,Failed,12011501,12011745,12011501,0,5126,5125
openb-pod-5127,4000,24576,1,1000,,LS,Succeeded,12011514,12011966,12011514,0,5127,5126
openb-pod-5128,4000,16384,1,1000,,LS,Pending,12011543,12011646,,0,5128,5127
openb-pod-5129,3152,5600,1,590,,BestEffort,Failed,12011591,12011701,12011591,0,5129,5128
openb-pod-5130,11300,49152,1,1000,,LS,Running,12011592,12011905,12011594,0,5130,5129
openb-pod-5131,12000,24576,1,1000,,Burstable,Succeeded,12011675,12086315,12011675,0,5131,5130
openb-pod-5132,18708,64512,1,1000,,LS,Running,12011768,12012759,12011769,0,5132,5131
openb-pod-5133,18708,64512,1,1000,,LS,Running,12011810,12013052,12011812,0,5133,5132
openb-pod-5134,3152,5600,1,810,,BestEffort,Failed,12011854,12012128,12011854,0,5134,5133
openb-pod-5135,18708,64512,1,1000,,LS,Running,12011922,12012584,12011923,0,5135,5134
openb-pod-5136,11300,49152,1,1000,,LS,Running,12012178,12013249,12012180,0,5136,5135
openb-pod-5137,11300,49152,1,1000,,LS,Running,12012218,12014134,12012220,0,5137,5136
openb-pod-5138,11300,49152,1,1000,,LS,Running,12012253,12013261,12012603,0,5138,5137
openb-pod-5139,3152,5600,1,810,,BestEffort,Failed,12012507,12012913,12012612,0,5139,5138
openb-pod-5140,3152,5600,1,810,,BestEffort,Failed,12012666,12012898,12012666,0,5140,5139
openb-pod-5141,11908,47104,1,470,,LS,Pending,12013113,12013211,,0,5141,5140
openb-pod-5142,11908,47104,1,470,,LS,Pending,12013115,12013213,,0,5142,5141
openb-pod-5143,3152,5600,1,810,,BestEffort,Failed,12013240,12014557,12013240,0,5143,5142
openb-pod-5144,11300,49152,1,1000,,LS,Running,12013462,12014053,12013464,0,5144,5143
openb-pod-5145,11300,49152,1,1000,,LS,Running,12013489,12013965,12013492,0,5145,5144
openb-pod-5146,11300,49152,1,1000,,LS,Running,12013497,12013965,12013533,0,5146,5145
openb-pod-5147,11300,49152,1,1000,,LS,Pending,12014160,12014187,,0,5147,5146
openb-pod-5148,14200,58368,1,1000,,LS,Running,12014219,12014938,12014253,0,5148,5147
openb-pod-5149,3152,5600,1,810,,BestEffort,Failed,12014272,12014488,12014272,0,5149,5148
openb-pod-5150,3152,5600,1,810,,BestEffort,Failed,12014383,12014557,12014383,0,5150,5149
openb-pod-5151,8000,30517,1,470,,BestEffort,Pending,12014384,12014540,,0,5151,5150
openb-pod-5152,3152,5600,1,590,,BestEffort,Failed,12014525,12014540,12014525,0,5152,5151
openb-pod-5153,3152,5600,1,810,,BestEffort,Failed,12014573,12017820,12014578,0,5153,5152
openb-pod-5154,8000,30517,1,470,,BestEffort,Running,12015317,12025246,12015728,0,5154,5153
openb-pod-5155,11300,49152,1,1000,,LS,Running,12015653,12015748,12015688,0,5155,5154
openb-pod-5156,18708,64512,1,1000,,LS,Running,12016061,12016186,12016133,0,5156,5155
openb-pod-5157,11300,49152,1,1000,,LS,Running,12017295,12019381,12017329,0,5157,5156
openb-pod-5158,11300,49152,1,1000,,LS,Running,12017432,12019348,12017435,0,5158,5157
openb-pod-5159,11300,49152,1,1000,,LS,Running,12017815,12018860,12017817,0,5159,5158
openb-pod-5160,11300,49152,1,1000,,LS,Running,12017822,12019298,12017823,0,5160,5159
openb-pod-5161,11300,49152,1,1000,,LS,Running,12019932,12020092,12019933,0,5161,5160
openb-pod-5162,18708,64512,1,1000,,LS,Pending,12020112,12020143,,0,5162,5161
openb-pod-5163,16000,32768,1,1000,,LS,Succeeded,12021178,12024789,12021178,0,5163,5162
openb-pod-5164,12500,57344,0,0,,LS,Running,12021268,12021533,12021271,0,5164,5163
openb-pod-5165,12500,57344,0,0,,LS,Pending,12021381,12021470,,0,5165,5164
openb-pod-5166,11300,49152,1,1000,,LS,Running,12021668,12022622,12021705,0,5166,5165
openb-pod-5167,11300,49152,1,1000,,LS,Running,12021693,12022692,12021729,0,5167,5166
openb-pod-5168,11300,49152,1,1000,,LS,Running,12021766,12022667,12021770,0,5168,5167
openb-pod-5169,12000,24576,1,1000,,LS,Succeeded,12021878,12021903,12021878,0,5169,5168
openb-pod-5170,11300,49152,1,1000,,LS,Running,12022838,12023097,12022839,0,5170,5169
openb-pod-5171,11300,49152,1,1000,,LS,Running,12022866,12023097,12022869,0,5171,5170
openb-pod-5172,11300,49152,1,1000,,LS,Running,12022913,12023117,12022915,0,5172,5171
openb-pod-5173,4000,32768,1,1000,,LS,Running,12023918,12025983,12024307,0,5173,5172
openb-pod-5174,12000,15360,1,1000,,LS,Running,12023920,12086256,12024093,0,5174,5173
openb-pod-5175,12000,16384,1,1000,,LS,Running,12024110,12539673,12024803,0,5175,5174
openb-pod-5176,18708,64512,1,1000,,LS,Running,12024299,12024340,12024301,0,5176,5175
openb-pod-5177,12500,57344,0,0,,LS,Running,12024302,12024603,12024338,0,5177,5176
openb-pod-5178,12500,57344,0,0,,LS,Running,12024305,12024886,12024340,0,5178,5177
openb-pod-5179,12500,57344,0,0,,LS,Running,12024331,12024609,12024333,0,5179,5178
openb-pod-5180,8000,30517,1,470,,BestEffort,Running,12024333,12024727,12024574,0,5180,5179
openb-pod-5181,3152,5600,1,810,,BestEffort,Failed,12024449,12025392,12024449,0,5181,5180
openb-pod-5182,11300,49152,1,1000,,LS,Running,12024484,12025051,12024486,0,5182,5181
openb-pod-5183,11300,49152,1,1000,,LS,Running,12024526,12024580,12024528,0,5183,5182
openb-pod-5184,11300,49152,1,1000,,LS,Running,12024851,12025115,12024884,0,5184,5183
openb-pod-5185,11300,49152,1,1000,,LS,Running,12024851,12025051,12024852,0,5185,5184
openb-pod-5186,11300,49152,1,1000,,LS,Running,12025325,12026914,12025327,0,5186,5185
openb-pod-5187,8000,30517,1,470,,BestEffort,Pending,12025659,12026358,,0,5187,5186
openb-pod-5188,11300,49152,1,1000,,LS,Running,12026314,12026857,12026351,0,5188,5187
openb-pod-5189,32000,49152,0,0,,BestEffort,Running,12026427,12026575,12026430,0,5189,5188
openb-pod-5190,8000,32768,1,1000,,LS,Running,12026564,12902960,12028484,0,5190,5189
openb-pod-5191,11300,49152,1,1000,,LS,Running,12026951,12029952,12026986,0,5191,5190
openb-pod-5192,11300,49152,1,1000,,LS,Running,12027059,12027487,12027091,0,5192,5191
openb-pod-5193,11300,49152,1,1000,,LS,Running,12027059,12027461,12027097,0,5193,5192
openb-pod-5194,11300,49152,1,1000,,LS,Running,12027062,12027237,12027097,0,5194,5193
openb-pod-5195,11300,49152,1,1000,,LS,Running,12027089,12027559,12027091,0,5195,5194
openb-pod-5196,11300,49152,1,1000,,LS,Running,12027526,12028332,12027529,0,5196,5195
openb-pod-5197,11300,49152,1,1000,,LS,Running,12027632,12028495,12027634,0,5197,5196
openb-pod-5198,120200,640000,8,1000,,LS,Failed,12028323,12032733,12028323,0,5198,5197
openb-pod-5199,11300,49152,1,1000,,LS,Running,12028917,12029202,12028952,0,5199,5198
openb-pod-5200,11300,49152,1,1000,,LS,Running,12029080,12029880,12029115,0,5200,5199
openb-pod-5201,8000,30517,1,470,,BestEffort,Pending,12029554,12029643,,0,5201,5200
openb-pod-5202,11300,49152,1,1000,,LS,Running,12030548,12031161,12030551,0,5202,5201
openb-pod-5203,11300,49152,1,1000,,LS,Running,12030556,12030838,12030558,0,5203,5202
openb-pod-5204,11300,49152,1,1000,,LS,Running,12030577,12030631,12030578,0,5204,5203
openb-pod-5205,11300,49152,1,1000,,LS,Running,12030577,12030675,12030611,0,5205,5204
openb-pod-5206,8000,30517,1,470,,BestEffort,Running,12032696,12032864,12032800,0,5206,5205
openb-pod-5207,11300,49152,1,1000,,LS,Running,12034851,12036187,12034854,0,5207,5206
openb-pod-5208,11300,49152,1,1000,,LS,Running,12034883,12036075,12034920,0,5208,5207
openb-pod-5209,8000,30517,1,470,,BestEffort,Running,12034993,12035128,12035061,0,5209,5208
openb-pod-5210,11300,49152,1,1000,,LS,Running,12035435,12035496,12035467,0,5210,5209
openb-pod-5211,8000,30517,1,470,,BestEffort,Running,12035438,12035766,12035716,0,5211,5210
openb-pod-5212,8000,30517,1,470,,BestEffort,Pending,12035534,12035612,,0,5212,5211
openb-pod-5213,18708,64512,1,1000,,LS,Running,12039705,12040254,12039706,0,5213,5212
openb-pod-5214,18708,64512,1,1000,,LS,Pending,12039767,12039883,,0,5214,5213
openb-pod-5215,18708,64512,1,1000,,LS,Running,12039982,12041233,12039983,0,5215,5214
openb-pod-5216,8000,30517,1,320,,BestEffort,Running,12040223,12046228,12040223,0,5216,5215
openb-pod-5217,14200,58368,1,1000,,LS,Running,12041540,12041593,12041546,0,5217,5216
openb-pod-5218,14200,58368,1,1000,,LS,Running,12041674,12048248,12041708,0,5218,5217
openb-pod-5219,16000,32768,1,1000,,LS,Running,12042638,12044076,12042642,0,5219,5218
openb-pod-5220,12000,15360,1,1000,,LS,Running,12045340,12069724,12045583,0,5220,5219
openb-pod-5221,14200,58368,1,1000,,LS,Running,12047532,12048164,12047570,0,5221,5220
openb-pod-5222,3152,5600,1,810,,BestEffort,Failed,12048036,12081333,12048036,0,5222,5221
openb-pod-5223,4000,22888,1,330,,BestEffort,Running,12049085,12050581,12049085,0,5223,5222
openb-pod-5224,14200,58368,1,1000,,LS,Pending,12049853,12049874,,0,5224,5223
openb-pod-5225,32000,49152,0,0,,BestEffort,Running,12050458,12050604,12050462,0,5225,5224
openb-pod-5226,32000,49152,0,0,,BestEffort,Running,12051090,12051240,12051096,0,5226,5225
openb-pod-5227,14200,58368,1,1000,,LS,Running,12052675,12052715,12052676,0,5227,5226
openb-pod-5228,14200,58368,1,1000,,LS,Pending,12054278,12054318,,0,5228,5227
openb-pod-5229,4000,22888,1,320,,BestEffort,Running,12054529,12066011,12054529,0,5229,5228
openb-pod-5230,14200,58368,1,1000,,LS,Running,12055743,12055813,12055776,0,5230,5229
openb-pod-5231,16000,32768,1,1000,,LS,Succeeded,12056588,12056620,12056588,0,5231,5230
openb-pod-5232,14200,58368,1,1000,,LS,Running,12057070,12057737,12057102,0,5232,5231
openb-pod-5233,14200,58368,1,1000,,LS,Running,12057547,12057605,12057549,0,5233,5232
openb-pod-5234,8000,15625,0,0,,LS,Running,12058047,12058257,12058048,0,5234,5233
openb-pod-5235,14200,58368,1,1000,,LS,Running,12058177,12058223,12058179,0,5235,5234
openb-pod-5236,4000,22888,1,230,,BestEffort,Running,12060362,12061373,12060363,0,5236,5235
openb-pod-5237,14200,58368,1,1000,,LS,Running,12060668,12060734,12060670,0,5237,5236
openb-pod-5238,14200,58368,1,1000,,LS,Running,12061773,12063246,12061809,0,5238,5237
openb-pod-5239,6000,16384,1,460,,LS,Running,12062854,12064086,12062854,0,5239,5238
openb-pod-5240,15200,80896,1,1000,,LS,Failed,12062862,12078621,12062863,0,5240,5239
openb-pod-5241,14200,58368,1,1000,,LS,Pending,12062925,12062964,,0,5241,5240
openb-pod-5242,14200,58368,1,1000,,LS,Pending,12063190,12063246,,0,5242,5241
openb-pod-5243,16400,125952,1,1000,,LS,Running,12065149,12069950,12065184,0,5243,5242
openb-pod-5244,8000,30517,0,0,,BestEffort,Running,12065679,12090759,12065679,0,5244,5243
openb-pod-5245,8000,30517,0,0,,BestEffort,Running,12065693,12090823,12065693,0,5245,5244
openb-pod-5246,8000,30517,0,0,,BestEffort,Running,12065702,12090757,12065702,0,5246,5245
openb-pod-5247,4000,24576,1,1000,,LS,Succeeded,12065979,12069988,12065983,0,5247,5246
openb-pod-5248,14200,58368,1,1000,,LS,Running,12066335,12066403,12066369,0,5248,5247
openb-pod-5249,3152,5600,1,810,,BestEffort,Failed,12066353,12067282,12066353,0,5249,5248
openb-pod-5250,4000,24576,1,1000,,LS,Succeeded,12066440,12070464,12066441,0,5250,5249
openb-pod-5251,14200,58368,1,1000,,LS,Running,12068275,12069683,12068310,0,5251,5250
openb-pod-5252,11300,49152,1,1000,,LS,Running,12068708,12069052,12068712,0,5252,5251
openb-pod-5253,8000,30517,0,0,,BestEffort,Running,12068861,12090821,12068861,0,5253,5252
openb-pod-5254,11300,49152,1,1000,,LS,Running,12068874,12069422,12068877,0,5254,5253
openb-pod-5255,11300,49152,1,1000,,LS,Pending,12068930,12068961,,0,5255,5254
openb-pod-5256,4000,24576,1,1000,,LS,Succeeded,12069876,12073805,12069876,0,5256,5255
openb-pod-5257,14200,58368,1,1000,,LS,Running,12070208,12071449,12070210,0,5257,5256
openb-pod-5258,4000,22888,1,350,,BestEffort,Running,12071312,12071782,12071312,0,5258,5257
openb-pod-5259,4000,22888,1,480,,BestEffort,Running,12071313,12079833,12071313,0,5259,5258
openb-pod-5260,4000,24576,1,1000,,LS,Succeeded,12071582,12075325,12071582,0,5260,5259
openb-pod-5261,14200,58368,1,1000,,LS,Running,12071993,12072058,12071995,0,5261,5260
openb-pod-5262,11400,77824,1,1000,,LS,Pending,12072416,12072430,,0,5262,5261
openb-pod-5263,4000,30517,1,220,,BestEffort,Running,12072607,12077325,12072607,0,5263,5262
openb-pod-5264,11300,49152,1,1000,,LS,Running,12072723,12072784,12072725,0,5264,5263
openb-pod-5265,11300,49152,1,1000,,LS,Running,12072726,12072955,12072727,0,5265,5264
openb-pod-5266,11300,49152,1,1000,,LS,Running,12072779,12073030,12072781,0,5266,5265
openb-pod-5267,14200,58368,1,1000,,LS,Running,12072945,12073030,12072980,0,5267,5266
openb-pod-5268,14200,58368,1,1000,,LS,Running,12072965,12074155,12072967,0,5268,5267
openb-pod-5269,11908,47104,1,650,,LS,Running,12073500,12073541,12073502,0,5269,5268
openb-pod-5270,14200,58368,1,1000,,LS,Running,12073814,12073889,12073851,0,5270,5269
openb-pod-5271,11300,49152,1,1000,,LS,Running,12074061,12074734,12074065,0,5271,5270
openb-pod-5272,11300,49152,1,1000,,LS,Running,12074114,12074555,12074120,0,5272,5271
openb-pod-5273,8000,31250,0,0,,LS,Running,12074121,12075486,12074123,0,5273,5272
openb-pod-5274,18708,64512,1,1000,,LS,Running,12074222,12080049,12074640,0,5274,5273
openb-pod-5275,32000,49152,0,0,,BestEffort,Running,12074535,12074687,12074540,0,5275,5274
openb-pod-5276,18708,64512,1,1000,,LS,Pending,12074676,12074829,,0,5276,5275
openb-pod-5277,14200,58368,1,1000,,LS,Running,12076457,12078115,12076492,0,5277,5276
openb-pod-5278,11908,47104,1,470,,LS,Running,12076484,12080543,12076485,0,5278,5277
openb-pod-5279,15200,80896,1,1000,,LS,Failed,12077253,12079108,12077254,0,5279,5278
openb-pod-5280,11908,47104,1,650,,LS,Running,12077755,12079950,12077756,0,5280,5279
openb-pod-5281,11300,49152,1,1000,,LS,Running,12077950,12078566,12077987,0,5281,5280
openb-pod-5282,11908,47104,1,470,,LS,Running,12078268,12078605,12078546,0,5282,5281
openb-pod-5283,14200,58368,1,1000,,LS,Running,12078485,12079496,12078486,0,5283,5282
openb-pod-5284,11908,47104,1,650,,LS,Running,12078620,12079594,12078623,0,5284,5283
openb-pod-5285,11300,49152,1,1000,,LS,Running,12078879,12078958,12078912,0,5285,5284
openb-pod-5286,9810,41560,1,1000,,LS,Pending,12078911,12078985,,0,5286,5285
openb-pod-5287,11300,49152,1,1000,,LS,Running,12079252,12080647,12079253,0,5287,5286
openb-pod-5288,3152,5600,1,810,,BestEffort,Failed,12079488,12080503,12079488,0,5288,5287
openb-pod-5289,3152,5600,1,810,,BestEffort,Failed,12079494,12080489,12079494,0,5289,5288
openb-pod-5290,3152,5600,1,810,,BestEffort,Failed,12079498,12080530,12079499,0,5290,5289
openb-pod-5291,3152,5600,1,810,,BestEffort,Failed,12080460,12081439,12080460,0,5291,5290
openb-pod-5292,11908,47104,1,1000,,BestEffort,Pending,12080531,12080647,,0,5292,5291
openb-pod-5293,3152,5600,1,810,,BestEffort,Failed,12080532,12094343,12080532,0,5293,5292
openb-pod-5294,14200,58368,1,1000,,LS,Running,12080809,12082026,12080810,0,5294,5293
openb-pod-5295,11908,47104,1,470,,LS,Running,12080811,12088594,12080846,0,5295,5294
openb-pod-5296,14200,58368,1,1000,,LS,Running,12080862,12081651,12080864,0,5296,5295
openb-pod-5297,14200,58368,1,1000,,LS,Running,12080876,12081837,12080877,0,5297,5296
openb-pod-5298,11908,47104,1,1000,,BestEffort,Running,12081008,12081066,12081044,0,5298,5297
openb-pod-5299,3152,5600,1,810,,BestEffort,Failed,12081011,12081498,12081011,0,5299,5298
openb-pod-5300,8200,33792,1,1000,,LS,Failed,12081339,12085681,12081339,0,5300,5299
openb-pod-5301,11300,49152,1,1000,,LS,Running,12081866,12083066,12081868,0,5301,5300
openb-pod-5302,3152,5600,1,810,,BestEffort,Failed,12081970,12100937,12081973,0,5302,5301
openb-pod-5303,3152,5600,1,810,,BestEffort,Failed,12081970,12082186,12081973,0,5303,5302
openb-pod-5304,1000,2048,1,320,,BestEffort,Running,12081973,12100432,12081975,0,5304,5303
openb-pod-5305,3152,5600,1,810,,BestEffort,Failed,12082203,12082275,12082203,0,5305,5304
openb-pod-5306,6000,22888,1,160,,BestEffort,Running,12083170,12084613,12083202,0,5306,5305
openb-pod-5307,11908,47104,1,1000,,BestEffort,Running,12083261,12088507,12083364,0,5307,5306
openb-pod-5308,3152,5600,1,810,,BestEffort,Failed,12083328,12087242,12083328,0,5308,5307
openb-pod-5309,11908,47104,1,1000,,BestEffort,Running,12083648,12083723,12083684,0,5309,5308
openb-pod-5310,11300,49152,1,1000,,LS,Running,12083686,12083788,12083722,0,5310,5309
openb-pod-5311,3152,5600,1,810,,BestEffort,Failed,12083924,12093674,12083924,0,5311,5310
openb-pod-5312,3152,5600,1,810,,BestEffort,Failed,12083977,12087229,12083977,0,5312,5311
openb-pod-5313,6000,22888,1,160,,BestEffort,Running,12084045,12084613,12084077,0,5313,5312
openb-pod-5314,9810,41560,1,1000,,LS,Running,12086791,12086954,12086823,0,5314,5313
openb-pod-5315,11300,49152,1,1000,,LS,Running,12086920,12089291,12086922,0,5315,5314
openb-pod-5316,11300,49152,1,1000,,LS,Running,12086971,12089265,12087004,0,5316,5315
openb-pod-5317,4000,24576,1,1000,,LS,Succeeded,12088018,12091735,12088018,0,5317,5316
openb-pod-5318,3152,5600,1,810,,BestEffort,Failed,12088226,12099199,12088227,0,5318,5317
openb-pod-5319,14200,58368,1,1000,,LS,Running,12088954,12090114,12088956,0,5319,5318
openb-pod-5320,8000,30517,1,470,,BestEffort,Pending,12089021,12089060,,0,5320,5319
openb-pod-5321,14200,58368,1,1000,,LS,Running,12089285,12089643,12089318,0,5321,5320
openb-pod-5322,9810,41560,1,1000,,LS,Running,12089425,12089824,12089427,0,5322,5321
openb-pod-5323,11300,49152,1,1000,,LS,Running,12090050,12092067,12090054,0,5323,5322
openb-pod-5324,11300,49152,1,1000,,LS,Running,12090217,12090293,12090219,0,5324,5323
openb-pod-5325,11300,49152,1,1000,,LS,Pending,12090218,12090326,,0,5325,5324
openb-pod-5326,11300,49152,1,1000,,LS,Running,12090395,12090479,12090429,0,5326,5325
openb-pod-5327,8000,30517,1,470,,BestEffort,Pending,12090512,12090626,,0,5327,5326
openb-pod-5328,12500,57344,0,0,,LS,Running,12091107,12091402,12091110,0,5328,5327
openb-pod-5329,12500,57344,0,0,,LS,Running,12091145,12091250,12091179,0,5329,5328
openb-pod-5330,12500,57344,0,0,,LS,Running,12091150,12091250,12091152,0,5330,5329
openb-pod-5331,12500,57344,0,0,,LS,Running,12091151,12091250,12091152,0,5331,5330
openb-pod-5332,4000,22888,1,330,,BestEffort,Running,12091155,12109318,12091156,0,5332,5331
openb-pod-5333,2000,16384,1,1000,,LS,Running,12091187,12101585,12091189,0,5333,5332
openb-pod-5334,12500,57344,0,0,,LS,Running,12091189,12091305,12091191,0,5334,5333
openb-pod-5335,11300,49152,1,1000,,LS,Running,12091295,12091569,12091296,0,5335,5334
openb-pod-5336,11300,49152,1,1000,,LS,Running,12091490,12092214,12091525,0,5336,5335
openb-pod-5337,8000,30517,1,470,,BestEffort,Pending,12092018,12092280,,0,5337,5336
openb-pod-5338,11300,49152,1,1000,,LS,Running,12092289,12092826,12092291,0,5338,5337
openb-pod-5339,4000,15258,1,160,,BestEffort,Running,12092662,12093407,12092669,0,5339,5338
openb-pod-5340,11300,49152,1,1000,,LS,Running,12092728,12092869,12092729,0,5340,5339
openb-pod-5341,11300,49152,1,1000,,LS,Running,12093377,12094841,12093380,0,5341,5340
openb-pod-5342,11300,49152,1,1000,,LS,Running,12093390,12094841,12093391,0,5342,5341
openb-pod-5343,12500,57344,0,0,,LS,Running,12093390,12093860,12093392,0,5343,5342
openb-pod-5344,11300,49152,1,1000,,LS,Running,12094001,12094108,12094004,0,5344,5343
openb-pod-5345,16000,15625,0,0,,LS,Running,12094493,12095138,12094494,0,5345,5344
openb-pod-5346,12000,24576,1,1000,,LS,Failed,12094517,12116142,12094517,0,5346,5345
openb-pod-5347,12500,57344,0,0,,LS,Running,12094702,12097280,12094736,0,5347,5346
openb-pod-5348,12500,57344,0,0,,LS,Running,12094707,12097280,12094741,0,5348,5347
openb-pod-5349,12500,57344,0,0,,LS,Running,12095048,12097283,12095050,0,5349,5348
openb-pod-5350,12500,57344,0,0,,LS,Running,12095145,12095280,12095181,0,5350,5349
openb-pod-5351,11300,49152,1,1000,,LS,Running,12095754,12096251,12095757,0,5351,5350
openb-pod-5352,11300,49152,1,1000,,LS,Running,12095784,12095911,12095820,0,5352,5351
openb-pod-5353,14200,58368,1,1000,,LS,Running,12096091,12098578,12096093,0,5353,5352
openb-pod-5354,8000,30517,1,470,,BestEffort,Running,12096311,12099437,12097870,0,5354,5353
openb-pod-5355,32000,49152,0,0,,BestEffort,Running,12096715,12096869,12096722,0,5355,5354
openb-pod-5356,12500,57344,0,0,,LS,Running,12096740,12098586,12096775,0,5356,5355
openb-pod-5357,12500,57344,0,0,,LS,Running,12096743,12098472,12096745,0,5357,5356
openb-pod-5358,12500,57344,0,0,,LS,Running,12096896,12098292,12096931,0,5358,5357
openb-pod-5359,12500,57344,0,0,,LS,Running,12096962,12098832,12096996,0,5359,5358
openb-pod-5360,12500,57344,0,0,,LS,Running,12096979,12098637,12097011,0,5360,5359
openb-pod-5361,12500,57344,0,0,,LS,Running,12097010,12098695,12097012,0,5361,5360
openb-pod-5362,32000,49152,0,0,,BestEffort,Running,12097294,12097445,12097296,0,5362,5361
openb-pod-5363,12000,24576,1,1000,,Burstable,Failed,12097463,12119099,12097464,0,5363,5362
openb-pod-5364,11908,47104,1,1000,,BestEffort,Pending,12097589,12097659,,0,5364,5363
openb-pod-5365,4000,15258,1,230,,BestEffort,Pending,12097637,12097663,,0,5365,5364
openb-pod-5366,14200,58368,1,1000,,LS,Running,12097671,12098349,12097672,0,5366,5365
openb-pod-5367,32000,49152,0,0,,BestEffort,Running,12098154,12098305,12098156,0,5367,5366
openb-pod-5368,32000,49152,0,0,,BestEffort,Running,12098155,12098335,12098157,0,5368,5367
openb-pod-5369,32000,49152,0,0,,BestEffort,Running,12098155,12098308,12098157,0,5369,5368
openb-pod-5370,11908,47104,1,1000,,BestEffort,Pending,12098382,12098507,,0,5370,5369
openb-pod-5371,11300,49152,1,1000,,LS,Running,12098422,12100034,12098424,0,5371,5370
openb-pod-5372,12500,57344,0,0,,LS,Running,12098531,12099693,12098533,0,5372,5371
openb-pod-5373,12500,57344,0,0,,LS,Running,12098574,12099351,12098578,0,5373,5372
openb-pod-5374,3152,5600,1,810,,BestEffort,Failed,12098802,12099123,12098802,0,5374,5373
openb-pod-5375,11300,49152,1,1000,,LS,Running,12098845,12099371,12098848,0,5375,5374
openb-pod-5376,8000,30517,1,230,,BestEffort,Pending,12098866,12098869,,0,5376,5375
openb-pod-5377,12500,57344,0,0,,LS,Running,12099206,12099752,12099211,0,5377,5376
openb-pod-5378,3152,5600,1,810,,BestEffort,Failed,12099746,12100380,12099746,0,5378,5377
openb-pod-5379,14200,58368,1,1000,,LS,Running,12099781,12100063,12099783,0,5379,5378
openb-pod-5380,11908,47104,1,470,,LS,Running,12099894,12100160,12099927,0,5380,5379
openb-pod-5381,15400,90112,1,1000,,LS,Running,12100134,12100289,12100167,0,5381,5380
openb-pod-5382,11908,47104,1,1000,,BestEffort,Running,12100139,12112993,12100207,0,5382,5381
openb-pod-5383,11300,49152,1,1000,,LS,Running,12100371,12100549,12100406,0,5383,5382
openb-pod-5384,11300,49152,1,1000,,LS,Running,12100429,12100549,12100432,0,5384,5383
openb-pod-5385,11300,49152,1,1000,,LS,Running,12100587,12100789,12100623,0,5385,5384
openb-pod-5386,11908,47104,1,650,,LS,Running,12100726,12102632,12100728,0,5386,5385
openb-pod-5387,11908,47104,1,650,,LS,Running,12101234,12102428,12101238,0,5387,5386
openb-pod-5388,3152,5600,1,810,,BestEffort,Failed,12101362,12101450,12101362,0,5388,5387
openb-pod-5389,3152,5600,1,810,,BestEffort,Pending,12101407,12101515,,0,5389,5388
openb-pod-5390,3152,5600,1,810,,BestEffort,Failed,12101448,12101612,12101448,0,5390,5389
openb-pod-5391,3152,5600,1,810,,BestEffort,Failed,12101515,12101561,12101515,0,5391,5390
openb-pod-5392,11300,49152,1,1000,,LS,Running,12101603,12103019,12101708,0,5392,5391
openb-pod-5393,3152,5600,1,810,,BestEffort,Failed,12101605,12102532,12101776,0,5393,5392
openb-pod-5394,4000,15258,1,320,,BestEffort,Running,12101620,12101739,12101687,0,5394,5393
openb-pod-5395,12500,57344,0,0,,LS,Running,12101794,12102143,12101796,0,5395,5394
openb-pod-5396,3152,5600,1,810,,BestEffort,Failed,12102033,12102580,12102346,0,5396,5395
openb-pod-5397,11908,47104,1,470,,LS,Running,12102036,12104548,12102353,0,5397,5396
openb-pod-5398,3152,5600,1,810,,BestEffort,Failed,12102457,12102722,12102631,0,5398,5397
openb-pod-5399,11908,47104,1,650,,LS,Running,12102511,12103689,12102551,0,5399,5398
openb-pod-5400,11908,47104,1,650,,LS,Running,12102618,12103785,12102653,0,5400,5399
openb-pod-5401,4000,15258,1,320,,BestEffort,Running,12102652,12103719,12102652,0,5401,5400
openb-pod-5402,4000,15258,1,160,,BestEffort,Running,12102792,12103787,12102826,0,5402,5401
openb-pod-5403,11300,49152,1,1000,,LS,Running,12102925,12103019,12102957,0,5403,5402
openb-pod-5404,11300,49152,1,1000,,LS,Running,12103042,12103159,12103114,0,5404,5403
openb-pod-5405,3152,5600,1,810,,BestEffort,Failed,12103523,12103623,12103556,0,5405,5404
openb-pod-5406,4000,15258,1,160,,BestEffort,Running,12103548,12103727,12103581,0,5406,5405
openb-pod-5407,11300,49152,1,1000,,LS,Pending,12103583,12103689,,0,5407,5406
openb-pod-5408,11908,47104,1,1000,,BestEffort,Pending,12104134,12104175,,0,5408,5407
openb-pod-5409,3152,5600,1,810,,BestEffort,Failed,12104199,12105395,12104199,0,5409,5408
openb-pod-5410,4000,15258,1,320,,BestEffort,Running,12104371,12106107,12104371,0,5410,5409
openb-pod-5411,11908,47104,1,1000,,BestEffort,Running,12104430,12104473,12104432,0,5411,5410
openb-pod-5412,3152,5600,1,810,,BestEffort,Failed,12104670,12105364,12104741,0,5412,5411
openb-pod-5413,8000,30517,1,320,,BestEffort,Running,12104982,12105030,12104982,0,5413,5412
openb-pod-5414,3152,5600,1,810,,BestEffort,Failed,12105057,12105784,12105057,0,5414,5413
openb-pod-5415,3152,5600,1,810,,BestEffort,Failed,12105057,12105327,12105057,0,5415,5414
openb-pod-5416,3152,5600,1,810,,BestEffort,Failed,12105126,12105476,12105127,0,5416,5415
openb-pod-5417,3152,5600,1,810,,BestEffort,Failed,12105403,12105440,12105404,0,5417,5416
openb-pod-5418,3152,5600,1,810,,BestEffort,Failed,12105431,12107388,12105463,0,5418,5417
openb-pod-5419,4000,15258,1,160,,BestEffort,Running,12105468,12106163,12105476,0,5419,5418
openb-pod-5420,14200,58368,1,1000,,LS,Running,12105582,12105686,12105617,0,5420,5419
openb-pod-5421,11908,47104,1,650,,LS,Running,12105617,12108806,12105653,0,5421,5420
openb-pod-5422,11908,47104,1,650,,LS,Running,12105670,12107319,12105671,0,5422,5421
openb-pod-5423,11908,47104,1,650,,LS,Running,12105834,12109979,12105869,0,5423,5422
openb-pod-5424,3152,5600,1,810,,BestEffort,Failed,12105871,12106140,12105871,0,5424,5423
openb-pod-5425,3152,5600,1,810,,BestEffort,Failed,12106591,12106913,12106591,0,5425,5424
openb-pod-5426,11908,47104,1,650,,LS,Pending,12106655,12106891,,0,5426,5425
openb-pod-5427,3152,5600,1,810,,BestEffort,Failed,12106853,12107054,12106853,0,5427,5426
openb-pod-5428,11300,49152,1,1000,,LS,Running,12106885,12110678,12106918,0,5428,5427
openb-pod-5429,11300,49152,1,1000,,LS,Running,12106892,12109835,12106929,0,5429,5428
openb-pod-5430,11300,49152,1,1000,,LS,Running,12106898,12107445,12106934,0,5430,5429
openb-pod-5431,11300,49152,1,1000,,LS,Running,12106937,12112628,12107078,0,5431,5430
openb-pod-5432,3152,5600,1,810,,BestEffort,Failed,12107044,12107450,12107322,0,5432,5431
openb-pod-5433,3152,5600,1,810,,BestEffort,Failed,12107092,12107582,12107402,0,5433,5432
openb-pod-5434,3152,5600,1,810,,BestEffort,Failed,12107093,12107453,12107093,0,5434,5433
openb-pod-5435,11300,49152,1,1000,,LS,Running,12107198,12109143,12107233,0,5435,5434
openb-pod-5436,3152,5600,1,810,,BestEffort,Pending,12107200,12107869,,0,5436,5435
openb-pod-5437,8000,30517,1,320,,BestEffort,Pending,12107455,12107505,,0,5437,5436
openb-pod-5438,1000,2048,1,650,,BestEffort,Running,12107538,12107782,12107538,0,5438,5437
openb-pod-5439,4000,15258,1,320,,BestEffort,Running,12107825,12108385,12107825,0,5439,5438
openb-pod-5440,11908,47104,1,1000,,BestEffort,Pending,12107868,12107955,,0,5440,5439
openb-pod-5441,11908,47104,1,1000,,BestEffort,Pending,12108040,12108091,,0,5441,5440
openb-pod-5442,12000,16384,1,1000,,LS,Running,12108156,12111873,12108156,0,5442,5441
openb-pod-5443,3152,5600,1,810,,BestEffort,Failed,12108335,12109666,12108336,0,5443,5442
openb-pod-5444,8000,30517,1,650,,BestEffort,Running,12108338,12109361,12108339,0,5444,5443
openb-pod-5445,4000,30517,1,320,,BestEffort,Running,12108478,12110056,12108478,0,5445,5444
openb-pod-5446,3152,5600,1,810,,BestEffort,Failed,12108768,12109439,12108802,0,5446,5445
openb-pod-5447,3152,5600,1,810,,BestEffort,Running,12109068,12148285,12109069,0,5447,5446
openb-pod-5448,11300,49152,1,1000,,LS,Running,12109299,12110346,12109300,0,5448,5447
openb-pod-5449,3152,5600,1,810,,BestEffort,Running,12109666,12148518,12109666,0,5449,5448
openb-pod-5450,11300,49152,1,1000,,LS,Running,12109772,12111579,12109774,0,5450,5449
openb-pod-5451,3152,5600,1,810,,BestEffort,Failed,12109863,12110835,12109898,0,5451,5450
openb-pod-5452,11300,49152,1,1000,,LS,Running,12110103,12110374,12110104,0,5452,5451
openb-pod-5453,4000,22888,1,480,,BestEffort,Running,12110138,12111310,12110140,0,5453,5452
openb-pod-5454,11908,47104,1,1000,,BestEffort,Pending,12110170,12110346,,0,5454,5453
openb-pod-5455,11300,49152,1,1000,,LS,Running,12111295,12112688,12111330,0,5455,5454
openb-pod-5456,11908,47104,1,1000,,BestEffort,Pending,12111340,12111421,,0,5456,5455
openb-pod-5457,11300,49152,1,1000,,LS,Pending,12111377,12111439,,0,5457,5456
openb-pod-5458,3152,5600,1,810,,BestEffort,Failed,12111538,12111571,12111538,0,5458,5457
openb-pod-5459,11300,49152,1,1000,,LS,Running,12111572,12112853,12111573,0,5459,5458
openb-pod-5460,9810,41560,1,1000,,LS,Running,12111627,12113703,12111663,0,5460,5459
openb-pod-5461,11908,47104,1,650,,LS,Running,12111967,12125608,12111970,0,5461,5460
openb-pod-5462,12500,57344,0,0,,LS,Running,12112437,12113783,12112470,0,5462,5461
openb-pod-5463,12500,57344,0,0,,LS,Running,12112672,12113282,12112704,0,5463,5462
openb-pod-5464,14200,58368,1,1000,,LS,Running,12112974,12114187,12112977,0,5464,5463
openb-pod-5465,18708,64512,1,1000,,LS,Running,12113157,12113638,12113191,0,5465,5464
openb-pod-5466,11300,49152,1,1000,,LS,Running,12114272,12114675,12114481,0,5466,5465
openb-pod-5467,6000,65536,2,1000,,LS,Running,12114462,12129162,12114636,0,5467,5466
openb-pod-5468,6000,32768,1,1000,,LS,Running,12114644,12130480,12114680,0,5468,5467
openb-pod-5469,11908,47104,1,650,,LS,Running,12115366,12115460,12115367,0,5469,5468
openb-pod-5470,11300,49152,1,1000,,LS,Running,12115480,12116204,12115515,0,5470,5469
openb-pod-5471,8000,30517,1,470,,BestEffort,Running,12116077,12116222,12116109,0,5471,5470
openb-pod-5472,11300,49152,1,1000,,LS,Running,12116862,12117521,12116898,0,5472,5471
openb-pod-5473,9810,41560,1,1000,,LS,Running,12116907,12118590,12116910,0,5473,5472
openb-pod-5474,9810,41560,1,1000,,LS,Running,12117344,12122043,12117380,0,5474,5473
openb-pod-5475,14200,58368,1,1000,,LS,Running,12117578,12118306,12117579,0,5475,5474
openb-pod-5476,8000,30517,1,470,,BestEffort,Pending,12117578,12117842,,0,5476,5475
openb-pod-5477,9810,41560,1,1000,,LS,Running,12117838,12118422,12117840,0,5477,5476
openb-pod-5478,8000,30517,1,470,,BestEffort,Pending,12118193,12118729,,0,5478,5477
openb-pod-5479,8000,30517,0,0,,BestEffort,Running,12118355,12120384,12118355,0,5479,5478
openb-pod-5480,9810,41560,1,1000,,LS,Running,12118654,12119142,12118722,0,5480,5479
openb-pod-5481,11300,49152,1,1000,,LS,Running,12120437,12120560,12120471,0,5481,5480
openb-pod-5482,11300,49152,1,1000,,LS,Running,12120439,12120799,12120441,0,5482,5481
openb-pod-5483,32000,49152,0,0,,BestEffort,Running,12120894,12121080,12120899,0,5483,5482
openb-pod-5484,11300,49152,1,1000,,LS,Running,12121599,12122112,12121601,0,5484,5483
openb-pod-5485,3152,5600,1,810,,BestEffort,Failed,12121606,12122546,12121606,0,5485,5484
openb-pod-5486,11300,49152,1,1000,,LS,Running,12121649,12121738,12121681,0,5486,5485
openb-pod-5487,8000,30517,1,470,,BestEffort,Pending,12121843,12121913,,0,5487,5486
openb-pod-5488,4000,24576,1,1000,,LS,Succeeded,12122381,12122791,12122381,0,5488,5487
openb-pod-5489,8000,30517,0,0,,BestEffort,Running,12123216,12126012,12123216,0,5489,5488
openb-pod-5490,8000,30517,0,0,,BestEffort,Running,12123219,12126073,12123221,0,5490,5489
openb-pod-5491,12000,24576,1,1000,,Burstable,Succeeded,12123575,12148775,12123575,0,5491,5490
openb-pod-5492,11908,47104,1,470,,LS,Pending,12125931,12125981,,0,5492,5491
openb-pod-5493,8000,30517,1,320,,BestEffort,Running,12126758,12131849,12126758,0,5493,5492
openb-pod-5494,16000,65536,1,1000,,LS,Running,12126876,12127417,12126879,0,5494,5493
openb-pod-5495,24200,93184,1,1000,,LS,Failed,12126952,12127630,12126954,0,5495,5494
openb-pod-5496,8000,30517,1,470,,BestEffort,Pending,12127151,12129185,,0,5496,5495
openb-pod-5497,11908,47104,1,650,,LS,Pending,12127151,12127198,,0,5497,5496
openb-pod-5498,24200,93184,1,1000,,LS,Failed,12127861,12128638,12127863,0,5498,5497
openb-pod-5499,8200,33792,1,1000,,LS,Failed,12127999,12129259,12127999,0,5499,5498
openb-pod-5500,24200,93184,1,1000,,LS,Failed,12128039,12128985,12128072,0,5500,5499
openb-pod-5501,24200,93184,1,1000,,LS,Failed,12128415,12129513,12128417,0,5501,5500
openb-pod-5502,11908,47104,1,470,,LS,Running,12131712,12132375,12131784,0,5502,5501
openb-pod-5503,9810,41560,1,1000,,LS,Running,12132150,12135351,12132184,0,5503,5502
openb-pod-5504,9810,41560,1,1000,,LS,Running,12132156,12135320,12132189,0,5504,5503
openb-pod-5505,9810,41560,1,1000,,LS,Running,12132209,12135382,12132243,0,5505,5504
openb-pod-5506,12000,24576,1,1000,,LS,Running,12132578,12133655,12132579,0,5506,5505
openb-pod-5507,11908,47104,1,470,,LS,Running,12134734,12148358,12135294,0,5507,5506
openb-pod-5508,4000,31250,1,1000,,LS,Running,12134818,12135720,12134818,0,5508,5507
openb-pod-5509,16000,32768,1,1000,,LS,Running,12135516,12140595,12135518,0,5509,5508
openb-pod-5510,12000,16384,1,1000,,LS,Running,12135997,12141934,12135997,0,5510,5509
openb-pod-5511,8000,16384,1,1000,,LS,Running,12135999,12137316,12136000,0,5511,5510
openb-pod-5512,11908,47104,1,470,,LS,Running,12136247,12147671,12136315,0,5512,5511
openb-pod-5513,4000,15258,1,220,,BestEffort,Running,12136338,12153351,12136338,0,5513,5512
openb-pod-5514,12000,15360,1,1000,,LS,Running,12136477,12143676,12136478,0,5514,5513
openb-pod-5515,12000,15360,1,1000,,LS,Running,12136776,12143437,12136776,0,5515,5514
openb-pod-5516,12000,18432,1,460,,LS,Running,12137134,12153755,12137136,0,5516,5515
openb-pod-5517,24200,93184,1,1000,,LS,Failed,12137516,12138829,12137549,0,5517,5516
openb-pod-5518,8200,33792,1,1000,,LS,Failed,12140141,12141481,12140142,0,5518,5517
openb-pod-5519,24200,93184,1,1000,,LS,Failed,12140508,12141061,12140510,0,5519,5518
openb-pod-5520,6000,23552,1,460,,LS,Running,12140859,12143255,12140859,0,5520,5519
openb-pod-5521,4000,15258,1,160,,BestEffort,Running,12142332,12144368,12142332,0,5521,5520
openb-pod-5522,4000,15258,1,160,,BestEffort,Running,12142332,12144368,12142332,0,5522,5521
openb-pod-5523,4000,15258,1,320,,BestEffort,Running,12142867,12145985,12142867,0,5523,5522
openb-pod-5524,4000,15258,1,320,,BestEffort,Running,12142867,12145985,12142867,0,5524,5523
openb-pod-5525,24200,93184,1,1000,,LS,Failed,12143044,12144097,12143046,0,5525,5524
openb-pod-5526,12000,15360,1,1000,,LS,Running,12143435,12243154,12143854,0,5526,5525
openb-pod-5527,24200,93184,1,1000,,LS,Failed,12144577,12145884,12144615,0,5527,5526
openb-pod-5528,32000,49152,0,0,,BestEffort,Running,12144966,12145113,12144972,0,5528,5527
openb-pod-5529,24200,93184,1,1000,,LS,Failed,12145830,12146819,12145867,0,5529,5528
openb-pod-5530,32000,62500,0,0,,LS,Running,12146366,12149601,12146376,0,5530,5529
openb-pod-5531,15200,80896,1,1000,,LS,Failed,12147632,12148755,12147632,0,5531,5530
openb-pod-5532,11300,49152,1,1000,,LS,Running,12151281,12152152,12151286,0,5532,5531
openb-pod-5533,16400,125952,1,1000,,LS,Running,12151553,12152435,12151554,0,5533,5532
openb-pod-5534,11300,49152,1,1000,,LS,Running,12151856,12152287,12151857,0,5534,5533
openb-pod-5535,11300,49152,1,1000,,LS,Running,12151856,12152101,12151857,0,5535,5534
openb-pod-5536,8000,30517,0,0,,BestEffort,Running,12152041,12154102,12152041,0,5536,5535
openb-pod-5537,8000,30517,0,0,,BestEffort,Running,12152043,12168891,12152044,0,5537,5536
openb-pod-5538,8000,30517,0,0,,BestEffort,Running,12152043,12168892,12152044,0,5538,5537
openb-pod-5539,8000,30517,0,0,,BestEffort,Running,12152044,12168889,12152044,0,5539,5538
openb-pod-5540,8000,30517,0,0,,BestEffort,Running,12152045,12168888,12152047,0,5540,5539
openb-pod-5541,8000,30517,0,0,,BestEffort,Running,12152048,12154423,12152048,0,5541,5540
openb-pod-5542,15200,80896,1,1000,,LS,Failed,12152150,12153651,12152150,0,5542,5541
openb-pod-5543,8200,33792,1,1000,,LS,Failed,12152920,12152985,12152920,0,5543,5542
openb-pod-5544,15200,80896,1,1000,,LS,Failed,12153651,12157808,12153651,0,5544,5543
openb-pod-5545,11908,47104,1,470,,LS,Pending,12154048,12154209,,0,5545,5544
openb-pod-5546,11908,47104,1,470,,LS,Pending,12154130,12154275,,0,5546,5545
openb-pod-5547,11300,49152,1,1000,,LS,Running,12154260,12154850,12154293,0,5547,5546
openb-pod-5548,4000,24576,1,1000,,LS,Succeeded,12154303,12158307,12154303,0,5548,5547
openb-pod-5549,11300,49152,1,1000,,LS,Running,12154663,12155390,12154664,0,5549,5548
openb-pod-5550,11300,49152,1,1000,,LS,Pending,12154671,12154854,,0,5550,5549
openb-pod-5551,11300,49152,1,1000,,LS,Running,12154679,12155569,12154748,0,5551,5550
openb-pod-5552,8000,30517,0,0,,BestEffort,Running,12154786,12168835,12154786,0,5552,5551
openb-pod-5553,11300,49152,1,1000,,LS,Pending,12154790,12154972,,0,5553,5552
openb-pod-5554,11300,49152,1,1000,,LS,Pending,12154791,12155042,,0,5554,5553
openb-pod-5555,11300,49152,1,1000,,LS,Running,12154814,12155539,12154917,0,5555,5554
openb-pod-5556,11300,49152,1,1000,,LS,Running,12154819,12155500,12155133,0,5556,5555
openb-pod-5557,11300,49152,1,1000,,LS,Running,12154820,12155539,12154888,0,5557,5556
openb-pod-5558,7000,30000,1,1000,,Burstable,Running,12155323,12212785,12155323,0,5558,5557
openb-pod-5559,11908,47104,1,470,,LS,Pending,12155461,12155568,,0,5559,5558
openb-pod-5560,11908,47104,1,650,,LS,Running,12155901,12157422,12155933,0,5560,5559
openb-pod-5561,11908,47104,1,470,,LS,Running,12155954,12157422,12155956,0,5561,5560
openb-pod-5562,8000,30517,1,470,,BestEffort,Running,12155998,12158468,12157355,0,5562,5561
openb-pod-5563,11908,47104,1,470,,LS,Running,12156035,12156986,12156103,0,5563,5562
openb-pod-5564,11908,47104,1,470,,LS,Running,12156158,12157385,12156263,0,5564,5563
openb-pod-5565,64000,262144,8,1000,,LS,Succeeded,12157838,12235442,12157838,0,5565,5564
openb-pod-5566,4000,24576,1,1000,,LS,Succeeded,12157881,12158345,12157881,0,5566,5565
openb-pod-5567,8000,30517,1,470,,BestEffort,Pending,12158407,12158824,,0,5567,5566
openb-pod-5568,9810,41560,1,1000,,LS,Running,12158431,12158892,12158464,0,5568,5567
openb-pod-5569,9810,41560,1,1000,,LS,Running,12158437,12158855,12158441,0,5569,5568
openb-pod-5570,9810,41560,1,1000,,LS,Pending,12158830,12158944,,0,5570,5569
openb-pod-5571,3152,5600,1,810,,BestEffort,Failed,12159404,12168944,12159414,0,5571,5570
openb-pod-5572,11300,49152,1,1000,,LS,Running,12159670,12159761,12159704,0,5572,5571
openb-pod-5573,11300,49152,1,1000,,LS,Running,12159972,12160101,12160009,0,5573,5572
openb-pod-5574,12000,24576,1,1000,,LS,Running,12159998,12902960,12159998,0,5574,5573
openb-pod-5575,3152,5600,1,810,,BestEffort,Failed,12160419,12163077,12160419,0,5575,5574
openb-pod-5576,9810,41560,1,1000,,LS,Pending,12160928,12160997,,0,5576,5575
openb-pod-5577,12500,57344,0,0,,LS,Running,12161436,12162328,12161438,0,5577,5576
openb-pod-5578,11908,47104,1,650,,LS,Pending,12161588,12161641,,0,5578,5577
openb-pod-5579,11908,47104,1,470,,LS,Running,12161618,12162328,12161619,0,5579,5578
openb-pod-5580,12500,57344,0,0,,LS,Running,12161670,12161953,12161672,0,5580,5579
openb-pod-5581,12000,16384,1,1000,,LS,Running,12161913,12162755,12161913,0,5581,5580
openb-pod-5582,12000,16384,1,1000,,LS,Running,12161974,12162813,12161974,0,5582,5581
openb-pod-5583,12000,16384,1,1000,,LS,Running,12161974,12162755,12161974,0,5583,5582
openb-pod-5584,8000,30517,1,470,,BestEffort,Pending,12161985,12162681,,0,5584,5583
openb-pod-5585,9810,41560,1,1000,,LS,Pending,12162434,12162580,,0,5585,5584
openb-pod-5586,8000,30517,1,470,,BestEffort,Running,12163737,12165007,12164917,0,5586,5585
openb-pod-5587,12500,57344,0,0,,LS,Running,12163796,12166172,12163830,0,5587,5586
openb-pod-5588,11908,47104,1,470,,LS,Pending,12164258,12164464,,0,5588,5587
openb-pod-5589,9810,41560,1,1000,,LS,Running,12164319,12164381,12164322,0,5589,5588
openb-pod-5590,9810,41560,1,1000,,LS,Running,12164507,12164746,12164541,0,5590,5589
openb-pod-5591,11908,47104,1,650,,LS,Running,12164510,12165208,12164545,0,5591,5590
openb-pod-5592,9810,41560,1,1000,,LS,Pending,12164591,12164747,,0,5592,5591
openb-pod-5593,11908,47104,1,650,,LS,Pending,12164601,12164694,,0,5593,5592
openb-pod-5594,9810,41560,1,1000,,LS,Running,12165205,12165649,12165207,0,5594,5593
openb-pod-5595,11300,49152,1,1000,,LS,Running,12165308,12166312,12165311,0,5595,5594
openb-pod-5596,11300,49152,1,1000,,LS,Running,12165312,12166279,12165315,0,5596,5595
openb-pod-5597,11908,47104,1,470,,LS,Running,12166331,12169373,12166366,0,5597,5596
openb-pod-5598,12000,24576,1,1000,,LS,Running,12166896,12167560,12166896,0,5598,5597
openb-pod-5599,11908,47104,1,650,,LS,Pending,12166993,12167057,,0,5599,5598
openb-pod-5600,11908,47104,1,650,,LS,Running,12167111,12167179,12167114,0,5600,5599
openb-pod-5601,16000,65536,1,1000,,LS,Running,12168099,12169962,12168137,0,5601,5600
openb-pod-5602,8000,31250,0,0,,LS,Running,12168103,12168137,12168104,0,5602,5601
openb-pod-5603,32000,49152,0,0,,BestEffort,Running,12168289,12168467,12168294,0,5603,5602
openb-pod-5604,11300,49152,1,1000,,LS,Pending,12168652,12168840,,0,5604,5603
openb-pod-5605,32000,49152,0,0,,BestEffort,Running,12168863,12169046,12168871,0,5605,5604
openb-pod-5606,11300,49152,1,1000,,LS,Pending,12168886,12168994,,0,5606,5605
openb-pod-5607,3152,5600,1,810,,BestEffort,Pending,12168899,12169717,,0,5607,5606
openb-pod-5608,11300,49152,1,1000,,LS,Pending,12169573,12169892,,0,5608,5607
openb-pod-5609,11300,49152,1,1000,,LS,Running,12169610,12169750,12169619,0,5609,5608
openb-pod-5610,9810,41560,1,1000,,LS,Running,12170009,12170170,12170046,0,5610,5609
openb-pod-5611,9810,41560,1,1000,,LS,Pending,12170265,12170344,,0,5611,5610
openb-pod-5612,3152,5600,1,810,,BestEffort,Failed,12170266,12170457,12170266,0,5612,5611
openb-pod-5613,11300,49152,1,1000,,LS,Pending,12170331,12170434,,0,5613,5612
openb-pod-5614,8200,33792,1,1000,,LS,Failed,12170335,12170671,12170335,0,5614,5613
openb-pod-5615,11300,49152,1,1000,,LS,Running,12171662,12173737,12171664,0,5615,5614
openb-pod-5616,11300,49152,1,1000,,LS,Running,12171704,12174378,12171706,0,5616,5615
openb-pod-5617,11300,49152,1,1000,,LS,Running,12171858,12174348,12171892,0,5617,5616
openb-pod-5618,12500,57344,0,0,,LS,Running,12172506,12173388,12172509,0,5618,5617
openb-pod-5619,12500,57344,0,0,,LS,Running,12172549,12173311,12172551,0,5619,5618
openb-pod-5620,12500,57344,0,0,,LS,Running,12172609,12173388,12172642,0,5620,5619
openb-pod-5621,11300,49152,1,1000,,LS,Running,12172645,12173198,12172650,0,5621,5620
openb-pod-5622,12500,57344,0,0,,LS,Running,12172646,12172780,12172648,0,5622,5621
openb-pod-5623,12500,57344,0,0,,LS,Running,12172723,12172825,12172726,0,5623,5622
openb-pod-5624,11300,49152,1,1000,,LS,Running,12173162,12173330,12173168,0,5624,5623
openb-pod-5625,11300,49152,1,1000,,LS,Pending,12173423,12173471,,0,5625,5624
openb-pod-5626,15400,51200,0,0,,LS,Running,12173678,12173819,12173680,0,5626,5625
openb-pod-5627,15400,51200,0,0,,LS,Running,12173996,12174702,12173999,0,5627,5626
openb-pod-5628,3152,5600,1,810,,BestEffort,Failed,12174003,12174951,12174003,0,5628,5627
openb-pod-5629,12500,57344,0,0,,LS,Running,12174085,12174210,12174119,0,5629,5628
openb-pod-5630,11908,47104,1,470,,LS,Pending,12174265,12174329,,0,5630,5629
openb-pod-5631,12500,57344,0,0,,LS,Running,12174364,12174689,12174366,0,5631,5630
openb-pod-5632,12500,57344,0,0,,LS,Running,12174371,12174975,12174373,0,5632,5631
openb-pod-5633,12500,57344,0,0,,LS,Running,12174434,12174626,12174466,0,5633,5632
openb-pod-5634,11908,47104,1,650,,LS,Running,12174652,12175203,12174654,0,5634,5633
openb-pod-5635,11300,49152,1,1000,,LS,Running,12174951,12175226,12175166,0,5635,5634
openb-pod-5636,11300,49152,1,1000,,LS,Running,12174993,12175572,12175062,0,5636,5635
openb-pod-5637,11908,47104,1,470,,LS,Pending,12175474,12175563,,0,5637,5636
openb-pod-5638,3152,5600,1,590,,BestEffort,Failed,12175532,12175674,12175533,0,5638,5637
openb-pod-5639,11300,49152,1,1000,,LS,Pending,12175673,12175787,,0,5639,5638
openb-pod-5640,11300,49152,1,1000,,LS,Running,12175696,12176894,12175736,0,5640,5639
openb-pod-5641,11300,49152,1,1000,,LS,Running,12175921,12176847,12175922,0,5641,5640
openb-pod-5642,11300,49152,1,1000,,LS,Pending,12176614,12176704,,0,5642,5641
openb-pod-5643,11300,49152,1,1000,,LS,Running,12176615,12176704,12176648,0,5643,5642
openb-pod-5644,12000,24576,1,1000,,LS,Running,12176741,12179435,12176741,0,5644,5643
openb-pod-5645,11300,49152,1,1000,,LS,Running,12177171,12177699,12177174,0,5645,5644
openb-pod-5646,11300,49152,1,1000,,LS,Running,12177283,12177584,12177527,0,5646,5645
openb-pod-5647,15400,90112,1,1000,,LS,Running,12177374,12177616,12177375,0,5647,5646
openb-pod-5648,11300,49152,1,1000,,LS,Running,12177501,12178048,12177502,0,5648,5647
openb-pod-5649,11300,49152,1,1000,,LS,Running,12177501,12177642,12177568,0,5649,5648
openb-pod-5650,11300,49152,1,1000,,LS,Pending,12177675,12177727,,0,5650,5649
openb-pod-5651,15400,90112,1,1000,,LS,Running,12177905,12179456,12177907,0,5651,5650
openb-pod-5652,11908,47104,1,650,,LS,Running,12178214,12178286,12178247,0,5652,5651
openb-pod-5653,16000,31250,0,0,,LS,Running,12178225,12178501,12178227,0,5653,5652
openb-pod-5654,9810,41560,1,1000,,LS,Running,12178306,12179529,12178310,0,5654,5653
openb-pod-5655,9810,41560,1,1000,,LS,Pending,12178366,12178446,,0,5655,5654
openb-pod-5656,9810,41560,1,1000,,LS,Running,12178371,12180220,12178375,0,5656,5655
openb-pod-5657,9810,41560,1,1000,,LS,Pending,12178402,12178479,,0,5657,5656
openb-pod-5658,4000,24576,1,1000,,LS,Succeeded,12179232,12183394,12179233,0,5658,5657
openb-pod-5659,9810,41560,1,1000,,LS,Pending,12179481,12179602,,0,5659,5658
openb-pod-5660,11908,47104,1,650,,LS,Pending,12179620,12179773,,0,5660,5659
openb-pod-5661,11908,47104,1,650,,LS,Running,12180321,12182700,12180323,0,5661,5660
openb-pod-5662,3152,5600,1,810,,BestEffort,Failed,12180333,12181280,12180333,0,5662,5661
openb-pod-5663,3152,5600,1,810,,BestEffort,Failed,12180819,12181244,12180819,0,5663,5662
openb-pod-5664,3152,5600,1,810,,BestEffort,Failed,12181366,12181686,12181366,0,5664,5663
openb-pod-5665,3152,5600,1,810,,BestEffort,Failed,12181396,12181645,12181396,0,5665,5664
openb-pod-5666,11300,49152,1,1000,,LS,Running,12181631,12182800,12181633,0,5666,5665
openb-pod-5667,7000,30000,1,1000,,Burstable,Running,12181759,12299327,12182382,0,5667,5666
openb-pod-5668,12000,24576,1,1000,,Burstable,Succeeded,12181865,12182108,12181865,0,5668,5667
openb-pod-5669,3152,5600,1,810,,BestEffort,Failed,12182220,12182366,12182220,0,5669,5668
openb-pod-5670,3152,5600,1,810,,BestEffort,Running,12182295,12258250,12182296,0,5670,5669
openb-pod-5671,3152,5600,1,810,,BestEffort,Failed,12182359,12195192,12182359,0,5671,5670
openb-pod-5672,12000,24576,0,0,,Burstable,Succeeded,12182754,12183106,12182754,0,5672,5671
openb-pod-5673,9810,41560,1,1000,,LS,Pending,12183844,12183982,,0,5673,5672
openb-pod-5674,9810,41560,1,1000,,LS,Pending,12183970,12184059,,0,5674,5673
openb-pod-5675,18708,64512,1,1000,,LS,Running,12185390,12185916,12185393,0,5675,5674
openb-pod-5676,18708,64512,1,1000,,LS,Running,12185774,12185881,12185809,0,5676,5675
openb-pod-5677,8000,30517,1,470,,BestEffort,Pending,12185778,12186215,,0,5677,5676
openb-pod-5678,11908,47104,1,650,,LS,Running,12186091,12186372,12186092,0,5678,5677
openb-pod-5679,11908,47104,1,470,,LS,Running,12186136,12186650,12186138,0,5679,5678
openb-pod-5680,12500,57344,0,0,,LS,Running,12186210,12186484,12186211,0,5680,5679
openb-pod-5681,11908,47104,1,470,,LS,Pending,12186268,12186342,,0,5681,5680
openb-pod-5682,8200,33792,1,1000,,LS,Failed,12186465,12186854,12186466,0,5682,5681
openb-pod-5683,12500,57344,0,0,,LS,Running,12186777,12187211,12186778,0,5683,5682
openb-pod-5684,18708,64512,1,1000,,LS,Running,12187021,12187493,12187054,0,5684,5683
openb-pod-5685,11908,47104,1,650,,LS,Running,12187297,12193745,12187329,0,5685,5684
openb-pod-5686,11908,47104,1,470,,LS,Pending,12187559,12187675,,0,5686,5685
openb-pod-5687,11908,47104,1,470,,LS,Pending,12187603,12187765,,0,5687,5686
openb-pod-5688,11908,47104,1,470,,LS,Pending,12187837,12187987,,0,5688,5687
openb-pod-5689,11908,47104,1,470,,LS,Pending,12188250,12188348,,0,5689,5688
openb-pod-5690,15200,80896,1,1000,,LS,Failed,12188787,12188979,12188787,0,5690,5689
openb-pod-5691,11908,47104,1,650,,LS,Running,12189140,12189410,12189141,0,5691,5690
openb-pod-5692,12500,57344,0,0,,LS,Running,12189577,12190127,12189583,0,5692,5691
openb-pod-5693,12500,57344,0,0,,LS,Running,12189736,12189853,12189770,0,5693,5692
openb-pod-5694,12500,57344,0,0,,LS,Running,12189741,12190017,12189743,0,5694,5693
openb-pod-5695,3152,5600,1,810,,BestEffort,Failed,12189930,12190110,12189931,0,5695,5694
openb-pod-5696,11300,49152,1,1000,,LS,Running,12190644,12191066,12190649,0,5696,5695
openb-pod-5697,11908,47104,1,650,,LS,Running,12190891,12191339,12190893,0,5697,5696
openb-pod-5698,11300,49152,1,1000,,LS,Running,12191046,12192011,12191081,0,5698,5697
openb-pod-5699,32000,49152,0,0,,BestEffort,Running,12191800,12191958,12191803,0,5699,5698
openb-pod-5700,32000,49152,0,0,,BestEffort,Running,12191801,12191957,12191804,0,5700,5699
openb-pod-5701,8000,30517,1,470,,BestEffort,Running,12192372,12193952,12193631,0,5701,5700
openb-pod-5702,32000,49152,0,0,,BestEffort,Pending,12193283,12193463,,0,5702,5701
openb-pod-5703,11908,47104,1,470,,LS,Pending,12194337,12194387,,0,5703,5702
openb-pod-5704,8000,30517,1,470,,BestEffort,Running,12194720,12197048,12197002,0,5704,5703
openb-pod-5705,8000,30517,1,470,,BestEffort,Pending,12194774,12196860,,0,5705,5704
